VISIT_HOUR,OUTLET_CODE,TOTAL_VISITS
2025-07-01 04:00:00.000,LHR11,1
2025-07-01 05:00:00.000,LHR11,22
2025-07-01 06:00:00.000,LHR11,26
2025-07-01 07:00:00.000,LHR11,34
2025-07-01 08:00:00.000,LHR11,30
2025-07-01 09:00:00.000,LHR11,42
2025-07-01 10:00:00.000,LHR11,48
2025-07-01 11:00:00.000,LHR11,49
2025-07-01 12:00:00.000,LHR11,34
2025-07-01 13:00:00.000,LHR11,17
2025-07-01 14:00:00.000,LHR11,30
2025-07-01 15:00:00.000,LHR11,18
2025-07-01 16:00:00.000,LHR11,29
2025-07-01 17:00:00.000,LHR11,23
2025-07-01 18:00:00.000,LHR11,32
2025-07-01 19:00:00.000,LHR11,24
2025-07-01 20:00:00.000,LHR11,22
2025-07-01 21:00:00.000,LHR11,4
2025-07-02 05:00:00.000,LHR11,11
2025-07-02 06:00:00.000,LHR11,23
2025-07-02 07:00:00.000,LHR11,37
2025-07-02 08:00:00.000,LHR11,45
2025-07-02 09:00:00.000,LHR11,43
2025-07-02 10:00:00.000,LHR11,17
2025-07-02 11:00:00.000,LHR11,31
2025-07-02 12:00:00.000,LHR11,20
2025-07-02 13:00:00.000,LHR11,25
2025-07-02 14:00:00.000,LHR11,22
2025-07-02 15:00:00.000,LHR11,19
2025-07-02 16:00:00.000,LHR11,33
2025-07-02 17:00:00.000,LHR11,32
2025-07-02 18:00:00.000,LHR11,26
2025-07-02 19:00:00.000,LHR11,52
2025-07-02 20:00:00.000,LHR11,24
2025-07-02 21:00:00.000,LHR11,1
2025-07-03 05:00:00.000,LHR11,14
2025-07-03 06:00:00.000,LHR11,29
2025-07-03 07:00:00.000,LHR11,41
2025-07-03 08:00:00.000,LHR11,45
2025-07-03 09:00:00.000,LHR11,51
2025-07-03 10:00:00.000,LHR11,32
2025-07-03 11:00:00.000,LHR11,43
2025-07-03 12:00:00.000,LHR11,53
2025-07-03 13:00:00.000,LHR11,33
2025-07-03 14:00:00.000,LHR11,39
2025-07-03 15:00:00.000,LHR11,21
2025-07-03 16:00:00.000,LHR11,29
2025-07-03 17:00:00.000,LHR11,29
2025-07-03 18:00:00.000,LHR11,52
2025-07-03 19:00:00.000,LHR11,41
2025-07-03 20:00:00.000,LHR11,29
2025-07-03 21:00:00.000,LHR11,8
2025-07-04 00:00:00.000,LHR11,6
2025-07-04 05:00:00.000,LHR11,39
2025-07-04 06:00:00.000,LHR11,36
2025-07-04 07:00:00.000,LHR11,47
2025-07-04 08:00:00.000,LHR11,49
2025-07-04 09:00:00.000,LHR11,37
2025-07-04 10:00:00.000,LHR11,46
2025-07-04 11:00:00.000,LHR11,39
2025-07-04 12:00:00.000,LHR11,37
2025-07-04 13:00:00.000,LHR11,25
2025-07-04 14:00:00.000,LHR11,31
2025-07-04 15:00:00.000,LHR11,37
2025-07-04 16:00:00.000,LHR11,57
2025-07-04 17:00:00.000,LHR11,36
2025-07-04 18:00:00.000,LHR11,60
2025-07-04 19:00:00.000,LHR11,64
2025-07-04 20:00:00.000,LHR11,14
2025-07-05 05:00:00.000,LHR11,29
2025-07-05 06:00:00.000,LHR11,49
2025-07-05 07:00:00.000,LHR11,91
2025-07-05 08:00:00.000,LHR11,29
2025-07-05 09:00:00.000,LHR11,56
2025-07-05 10:00:00.000,LHR11,40
2025-07-05 11:00:00.000,LHR11,44
2025-07-05 12:00:00.000,LHR11,38
2025-07-05 13:00:00.000,LHR11,44
2025-07-05 14:00:00.000,LHR11,26
2025-07-05 15:00:00.000,LHR11,34
2025-07-05 16:00:00.000,LHR11,20
2025-07-05 17:00:00.000,LHR11,42
2025-07-05 18:00:00.000,LHR11,32
2025-07-05 19:00:00.000,LHR11,46
2025-07-05 20:00:00.000,LHR11,16
2025-07-05 21:00:00.000,LHR11,3
2025-07-06 05:00:00.000,LHR11,20
2025-07-06 06:00:00.000,LHR11,41
2025-07-06 07:00:00.000,LHR11,44
2025-07-06 08:00:00.000,LHR11,48
2025-07-06 09:00:00.000,LHR11,58
2025-07-06 10:00:00.000,LHR11,39
2025-07-06 11:00:00.000,LHR11,45
2025-07-06 12:00:00.000,LHR11,30
2025-07-06 13:00:00.000,LHR11,44
2025-07-06 14:00:00.000,LHR11,40
2025-07-06 15:00:00.000,LHR11,33
2025-07-06 16:00:00.000,LHR11,45
2025-07-06 17:00:00.000,LHR11,41
2025-07-06 18:00:00.000,LHR11,44
2025-07-06 19:00:00.000,LHR11,46
2025-07-06 20:00:00.000,LHR11,48
2025-07-06 21:00:00.000,LHR11,1
2025-07-07 05:00:00.000,LHR11,32
2025-07-07 06:00:00.000,LHR11,29
2025-07-07 07:00:00.000,LHR11,44
2025-07-07 08:00:00.000,LHR11,38
2025-07-07 09:00:00.000,LHR11,44
2025-07-07 10:00:00.000,LHR11,42
2025-07-07 11:00:00.000,LHR11,37
2025-07-07 12:00:00.000,LHR11,49
2025-07-07 13:00:00.000,LHR11,46
2025-07-07 14:00:00.000,LHR11,32
2025-07-07 15:00:00.000,LHR11,38
2025-07-07 16:00:00.000,LHR11,31
2025-07-07 17:00:00.000,LHR11,29
2025-07-07 18:00:00.000,LHR11,36
2025-07-07 19:00:00.000,LHR11,56
2025-07-07 20:00:00.000,LHR11,19
2025-07-07 21:00:00.000,LHR11,3
2025-07-08 05:00:00.000,LHR11,15
2025-07-08 06:00:00.000,LHR11,36
2025-07-08 07:00:00.000,LHR11,55
2025-07-08 08:00:00.000,LHR11,36
2025-07-08 09:00:00.000,LHR11,26
2025-07-08 10:00:00.000,LHR11,44
2025-07-08 11:00:00.000,LHR11,23
2025-07-08 12:00:00.000,LHR11,28
2025-07-08 13:00:00.000,LHR11,31
2025-07-08 14:00:00.000,LHR11,37
2025-07-08 15:00:00.000,LHR11,31
2025-07-08 16:00:00.000,LHR11,22
2025-07-08 17:00:00.000,LHR11,27
2025-07-08 18:00:00.000,LHR11,62
2025-07-08 19:00:00.000,LHR11,21
2025-07-08 20:00:00.000,LHR11,22
2025-07-08 21:00:00.000,LHR11,3
2025-07-09 05:00:00.000,LHR11,17
2025-07-09 06:00:00.000,LHR11,38
2025-07-09 07:00:00.000,LHR11,32
2025-07-09 08:00:00.000,LHR11,30
2025-07-09 09:00:00.000,LHR11,32
2025-07-09 10:00:00.000,LHR11,44
2025-07-09 11:00:00.000,LHR11,31
2025-07-09 12:00:00.000,LHR11,37
2025-07-09 13:00:00.000,LHR11,22
2025-07-09 14:00:00.000,LHR11,28
2025-07-09 15:00:00.000,LHR11,19
2025-07-09 16:00:00.000,LHR11,27
2025-07-09 17:00:00.000,LHR11,28
2025-07-09 18:00:00.000,LHR11,32
2025-07-09 19:00:00.000,LHR11,35
2025-07-09 20:00:00.000,LHR11,17
2025-07-10 05:00:00.000,LHR11,11
2025-07-10 06:00:00.000,LHR11,29
2025-07-10 07:00:00.000,LHR11,44
2025-07-10 08:00:00.000,LHR11,52
2025-07-10 09:00:00.000,LHR11,62
2025-07-10 10:00:00.000,LHR11,47
2025-07-10 11:00:00.000,LHR11,38
2025-07-10 12:00:00.000,LHR11,37
2025-07-10 13:00:00.000,LHR11,25
2025-07-10 14:00:00.000,LHR11,41
2025-07-10 15:00:00.000,LHR11,22
2025-07-10 16:00:00.000,LHR11,43
2025-07-10 17:00:00.000,LHR11,45
2025-07-10 18:00:00.000,LHR11,45
2025-07-10 19:00:00.000,LHR11,30
2025-07-10 20:00:00.000,LHR11,13
2025-07-10 21:00:00.000,LHR11,5
2025-07-11 05:00:00.000,LHR11,15
2025-07-11 06:00:00.000,LHR11,25
2025-07-11 07:00:00.000,LHR11,44
2025-07-11 08:00:00.000,LHR11,30
2025-07-11 09:00:00.000,LHR11,33
2025-07-11 10:00:00.000,LHR11,42
2025-07-11 11:00:00.000,LHR11,28
2025-07-11 12:00:00.000,LHR11,35
2025-07-11 13:00:00.000,LHR11,18
2025-07-11 14:00:00.000,LHR11,40
2025-07-11 15:00:00.000,LHR11,40
2025-07-11 16:00:00.000,LHR11,37
2025-07-11 17:00:00.000,LHR11,29
2025-07-11 18:00:00.000,LHR11,44
2025-07-11 19:00:00.000,LHR11,25
2025-07-11 20:00:00.000,LHR11,28
2025-07-11 21:00:00.000,LHR11,2
2025-07-12 05:00:00.000,LHR11,14
2025-07-12 06:00:00.000,LHR11,34
2025-07-12 07:00:00.000,LHR11,42
2025-07-12 08:00:00.000,LHR11,47
2025-07-12 09:00:00.000,LHR11,37
2025-07-12 10:00:00.000,LHR11,46
2025-07-12 11:00:00.000,LHR11,56
2025-07-12 12:00:00.000,LHR11,38
2025-07-12 13:00:00.000,LHR11,30
2025-07-12 14:00:00.000,LHR11,42
2025-07-12 15:00:00.000,LHR11,27
2025-07-12 16:00:00.000,LHR11,23
2025-07-12 17:00:00.000,LHR11,31
2025-07-12 18:00:00.000,LHR11,47
2025-07-12 19:00:00.000,LHR11,41
2025-07-12 20:00:00.000,LHR11,15
2025-07-12 21:00:00.000,LHR11,3
2025-07-13 05:00:00.000,LHR11,14
2025-07-13 06:00:00.000,LHR11,22
2025-07-13 07:00:00.000,LHR11,19
2025-07-13 08:00:00.000,LHR11,34
2025-07-13 09:00:00.000,LHR11,29
2025-07-13 10:00:00.000,LHR11,55
2025-07-13 11:00:00.000,LHR11,41
2025-07-13 12:00:00.000,LHR11,49
2025-07-13 13:00:00.000,LHR11,41
2025-07-13 14:00:00.000,LHR11,35
2025-07-13 15:00:00.000,LHR11,43
2025-07-13 16:00:00.000,LHR11,38
2025-07-13 17:00:00.000,LHR11,42
2025-07-13 18:00:00.000,LHR11,50
2025-07-13 19:00:00.000,LHR11,36
2025-07-13 20:00:00.000,LHR11,16
2025-07-13 21:00:00.000,LHR11,1
2025-07-14 00:00:00.000,LHR11,3
2025-07-14 05:00:00.000,LHR11,33
2025-07-14 06:00:00.000,LHR11,33
2025-07-14 07:00:00.000,LHR11,25
2025-07-14 08:00:00.000,LHR11,45
2025-07-14 09:00:00.000,LHR11,45
2025-07-14 10:00:00.000,LHR11,43
2025-07-14 11:00:00.000,LHR11,27
2025-07-14 12:00:00.000,LHR11,32
2025-07-14 13:00:00.000,LHR11,29
2025-07-14 14:00:00.000,LHR11,22
2025-07-14 15:00:00.000,LHR11,35
2025-07-14 16:00:00.000,LHR11,27
2025-07-14 17:00:00.000,LHR11,32
2025-07-14 18:00:00.000,LHR11,44
2025-07-14 19:00:00.000,LHR11,31
2025-07-14 20:00:00.000,LHR11,8
2025-07-14 21:00:00.000,LHR11,1
2025-07-15 00:00:00.000,LHR11,1
2025-07-15 05:00:00.000,LHR11,12
2025-07-15 06:00:00.000,LHR11,35
2025-07-15 07:00:00.000,LHR11,34
2025-07-15 08:00:00.000,LHR11,56
2025-07-15 09:00:00.000,LHR11,32
2025-07-15 10:00:00.000,LHR11,37
2025-07-15 11:00:00.000,LHR11,51
2025-07-15 12:00:00.000,LHR11,38
2025-07-15 13:00:00.000,LHR11,33
2025-07-15 14:00:00.000,LHR11,33
2025-07-15 15:00:00.000,LHR11,29
2025-07-15 16:00:00.000,LHR11,27
2025-07-15 17:00:00.000,LHR11,27
2025-07-15 18:00:00.000,LHR11,42
2025-07-15 19:00:00.000,LHR11,36
2025-07-15 20:00:00.000,LHR11,14
2025-07-15 21:00:00.000,LHR11,2
2025-07-16 00:00:00.000,LHR11,2
2025-07-16 05:00:00.000,LHR11,9
2025-07-16 06:00:00.000,LHR11,27
2025-07-16 07:00:00.000,LHR11,44
2025-07-16 08:00:00.000,LHR11,34
2025-07-16 09:00:00.000,LHR11,66
2025-07-16 10:00:00.000,LHR11,45
2025-07-16 11:00:00.000,LHR11,40
2025-07-16 12:00:00.000,LHR11,24
2025-07-16 13:00:00.000,LHR11,30
2025-07-16 14:00:00.000,LHR11,21
2025-07-16 15:00:00.000,LHR11,32
2025-07-16 16:00:00.000,LHR11,15
2025-07-16 17:00:00.000,LHR11,33
2025-07-16 18:00:00.000,LHR11,49
2025-07-16 19:00:00.000,LHR11,35
2025-07-16 20:00:00.000,LHR11,13
2025-07-17 05:00:00.000,LHR11,29
2025-07-17 06:00:00.000,LHR11,23
2025-07-17 07:00:00.000,LHR11,29
2025-07-17 08:00:00.000,LHR11,34
2025-07-17 09:00:00.000,LHR11,50
2025-07-17 10:00:00.000,LHR11,35
2025-07-17 11:00:00.000,LHR11,33
2025-07-17 12:00:00.000,LHR11,26
2025-07-17 13:00:00.000,LHR11,13
2025-07-17 14:00:00.000,LHR11,27
2025-07-17 15:00:00.000,LHR11,26
2025-07-17 16:00:00.000,LHR11,19
2025-07-17 17:00:00.000,LHR11,26
2025-07-17 18:00:00.000,LHR11,33
2025-07-17 19:00:00.000,LHR11,45
2025-07-17 20:00:00.000,LHR11,16
2025-07-17 21:00:00.000,LHR11,2
2025-07-18 05:00:00.000,LHR11,18
2025-07-18 06:00:00.000,LHR11,33
2025-07-18 07:00:00.000,LHR11,28
2025-07-18 08:00:00.000,LHR11,53
2025-07-18 09:00:00.000,LHR11,45
2025-07-18 10:00:00.000,LHR11,45
2025-07-18 11:00:00.000,LHR11,56
2025-07-18 12:00:00.000,LHR11,24
2025-07-18 13:00:00.000,LHR11,18
2025-07-18 14:00:00.000,LHR11,24
2025-07-18 15:00:00.000,LHR11,17
2025-07-18 16:00:00.000,LHR11,18
2025-07-18 17:00:00.000,LHR11,46
2025-07-18 18:00:00.000,LHR11,62
2025-07-18 19:00:00.000,LHR11,53
2025-07-18 20:00:00.000,LHR11,17
2025-07-19 05:00:00.000,LHR11,11
2025-07-19 06:00:00.000,LHR11,27
2025-07-19 07:00:00.000,LHR11,38
2025-07-19 08:00:00.000,LHR11,34
2025-07-19 09:00:00.000,LHR11,33
2025-07-19 10:00:00.000,LHR11,38
2025-07-19 11:00:00.000,LHR11,57
2025-07-19 12:00:00.000,LHR11,25
2025-07-19 13:00:00.000,LHR11,40
2025-07-19 14:00:00.000,LHR11,29
2025-07-19 15:00:00.000,LHR11,29
2025-07-19 16:00:00.000,LHR11,28
2025-07-19 17:00:00.000,LHR11,26
2025-07-19 18:00:00.000,LHR11,32
2025-07-19 19:00:00.000,LHR11,46
2025-07-19 20:00:00.000,LHR11,23
2025-07-19 21:00:00.000,LHR11,2
2025-07-20 05:00:00.000,LHR11,21
2025-07-20 06:00:00.000,LHR11,35
2025-07-20 07:00:00.000,LHR11,31
2025-07-20 08:00:00.000,LHR11,40
2025-07-20 09:00:00.000,LHR11,32
2025-07-20 10:00:00.000,LHR11,29
2025-07-20 11:00:00.000,LHR11,36
2025-07-20 12:00:00.000,LHR11,40
2025-07-20 13:00:00.000,LHR11,19
2025-07-20 14:00:00.000,LHR11,37
2025-07-20 15:00:00.000,LHR11,34
2025-07-20 16:00:00.000,LHR11,26
2025-07-20 17:00:00.000,LHR11,26
2025-07-20 18:00:00.000,LHR11,41
2025-07-20 19:00:00.000,LHR11,18
2025-07-20 20:00:00.000,LHR11,14
2025-07-20 21:00:00.000,LHR11,1
2025-07-21 00:00:00.000,LHR11,2
2025-07-21 05:00:00.000,LHR11,10
2025-07-21 06:00:00.000,LHR11,43
2025-07-21 07:00:00.000,LHR11,26
2025-07-21 08:00:00.000,LHR11,41
2025-07-21 09:00:00.000,LHR11,40
2025-07-21 10:00:00.000,LHR11,41
2025-07-21 11:00:00.000,LHR11,39
2025-07-21 12:00:00.000,LHR11,27
2025-07-21 13:00:00.000,LHR11,27
2025-07-21 14:00:00.000,LHR11,26
2025-07-21 15:00:00.000,LHR11,25
2025-07-21 16:00:00.000,LHR11,29
2025-07-21 17:00:00.000,LHR11,21
2025-07-21 18:00:00.000,LHR11,61
2025-07-21 19:00:00.000,LHR11,36
2025-07-21 20:00:00.000,LHR11,13
2025-07-21 21:00:00.000,LHR11,1
2025-07-22 05:00:00.000,LHR11,32
2025-07-22 06:00:00.000,LHR11,30
2025-07-22 07:00:00.000,LHR11,35
2025-07-22 08:00:00.000,LHR11,52
2025-07-22 09:00:00.000,LHR11,42
2025-07-22 10:00:00.000,LHR11,40
2025-07-22 11:00:00.000,LHR11,34
2025-07-22 12:00:00.000,LHR11,20
2025-07-22 13:00:00.000,LHR11,22
2025-07-22 14:00:00.000,LHR11,26
2025-07-22 15:00:00.000,LHR11,18
2025-07-22 16:00:00.000,LHR11,16
2025-07-22 17:00:00.000,LHR11,19
2025-07-22 18:00:00.000,LHR11,38
2025-07-22 19:00:00.000,LHR11,20
2025-07-22 20:00:00.000,LHR11,15
2025-07-22 21:00:00.000,LHR11,2
2025-07-23 04:00:00.000,LHR11,2
2025-07-23 05:00:00.000,LHR11,15
2025-07-23 06:00:00.000,LHR11,23
2025-07-23 07:00:00.000,LHR11,62
2025-07-23 08:00:00.000,LHR11,28
2025-07-23 09:00:00.000,LHR11,45
2025-07-23 10:00:00.000,LHR11,34
2025-07-23 11:00:00.000,LHR11,34
2025-07-23 12:00:00.000,LHR11,32
2025-07-23 13:00:00.000,LHR11,30
2025-07-23 14:00:00.000,LHR11,23
2025-07-23 15:00:00.000,LHR11,30
2025-07-23 16:00:00.000,LHR11,23
2025-07-23 17:00:00.000,LHR11,13
2025-07-23 18:00:00.000,LHR11,38
2025-07-23 19:00:00.000,LHR11,22
2025-07-23 20:00:00.000,LHR11,11
2025-07-24 05:00:00.000,LHR11,34
2025-07-24 06:00:00.000,LHR11,17
2025-07-24 07:00:00.000,LHR11,34
2025-07-24 08:00:00.000,LHR11,43
2025-07-24 09:00:00.000,LHR11,46
2025-07-24 10:00:00.000,LHR11,33
2025-07-24 11:00:00.000,LHR11,21
2025-07-24 12:00:00.000,LHR11,40
2025-07-24 13:00:00.000,LHR11,26
2025-07-24 14:00:00.000,LHR11,24
2025-07-24 15:00:00.000,LHR11,25
2025-07-24 16:00:00.000,LHR11,20
2025-07-24 17:00:00.000,LHR11,37
2025-07-24 18:00:00.000,LHR11,42
2025-07-24 19:00:00.000,LHR11,36
2025-07-24 20:00:00.000,LHR11,12
2025-07-24 21:00:00.000,LHR11,3
2025-07-25 05:00:00.000,LHR11,22
2025-07-25 06:00:00.000,LHR11,25
2025-07-25 07:00:00.000,LHR11,31
2025-07-25 08:00:00.000,LHR11,43
2025-07-25 09:00:00.000,LHR11,46
2025-07-25 10:00:00.000,LHR11,53
2025-07-25 11:00:00.000,LHR11,28
2025-07-25 12:00:00.000,LHR11,19
2025-07-25 13:00:00.000,LHR11,27
2025-07-25 14:00:00.000,LHR11,28
2025-07-25 15:00:00.000,LHR11,33
2025-07-25 16:00:00.000,LHR11,27
2025-07-25 17:00:00.000,LHR11,35
2025-07-25 18:00:00.000,LHR11,50
2025-07-25 19:00:00.000,LHR11,30
2025-07-25 20:00:00.000,LHR11,21
2025-07-26 05:00:00.000,LHR11,21
2025-07-26 06:00:00.000,LHR11,24
2025-07-26 07:00:00.000,LHR11,42
2025-07-26 08:00:00.000,LHR11,30
2025-07-26 09:00:00.000,LHR11,64
2025-07-26 10:00:00.000,LHR11,48
2025-07-26 11:00:00.000,LHR11,33
2025-07-26 12:00:00.000,LHR11,30
2025-07-26 13:00:00.000,LHR11,21
2025-07-26 14:00:00.000,LHR11,33
2025-07-26 15:00:00.000,LHR11,12
2025-07-26 16:00:00.000,LHR11,21
2025-07-26 17:00:00.000,LHR11,33
2025-07-26 18:00:00.000,LHR11,30
2025-07-26 19:00:00.000,LHR11,27
2025-07-26 20:00:00.000,LHR11,17
2025-07-26 21:00:00.000,LHR11,2
2025-07-27 05:00:00.000,LHR11,12
2025-07-27 06:00:00.000,LHR11,23
2025-07-27 07:00:00.000,LHR11,35
2025-07-27 08:00:00.000,LHR11,38
2025-07-27 09:00:00.000,LHR11,45
2025-07-27 10:00:00.000,LHR11,51
2025-07-27 11:00:00.000,LHR11,33
2025-07-27 12:00:00.000,LHR11,36
2025-07-27 13:00:00.000,LHR11,16
2025-07-27 14:00:00.000,LHR11,22
2025-07-27 15:00:00.000,LHR11,24
2025-07-27 16:00:00.000,LHR11,46
2025-07-27 17:00:00.000,LHR11,27
2025-07-27 18:00:00.000,LHR11,31
2025-07-27 19:00:00.000,LHR11,33
2025-07-27 20:00:00.000,LHR11,31
2025-07-27 21:00:00.000,LHR11,3
2025-07-28 05:00:00.000,LHR11,40
2025-07-28 06:00:00.000,LHR11,22
2025-07-28 07:00:00.000,LHR11,43
2025-07-28 08:00:00.000,LHR11,35
2025-07-28 09:00:00.000,LHR11,34
2025-07-28 10:00:00.000,LHR11,34
2025-07-28 11:00:00.000,LHR11,47
2025-07-28 12:00:00.000,LHR11,40
2025-07-28 13:00:00.000,LHR11,25
2025-07-28 14:00:00.000,LHR11,32
2025-07-28 15:00:00.000,LHR11,18
2025-07-28 16:00:00.000,LHR11,38
2025-07-28 17:00:00.000,LHR11,46
2025-07-28 18:00:00.000,LHR11,41
2025-07-28 19:00:00.000,LHR11,15
2025-07-28 20:00:00.000,LHR11,20
2025-07-29 05:00:00.000,LHR11,21
2025-07-29 06:00:00.000,LHR11,31
2025-07-29 07:00:00.000,LHR11,28
2025-07-29 08:00:00.000,LHR11,29
2025-07-29 09:00:00.000,LHR11,41
2025-07-29 10:00:00.000,LHR11,51
2025-07-29 11:00:00.000,LHR11,33
2025-07-29 12:00:00.000,LHR11,14
2025-07-29 13:00:00.000,LHR11,33
2025-07-29 14:00:00.000,LHR11,17
2025-07-29 15:00:00.000,LHR11,21
2025-07-29 16:00:00.000,LHR11,17
2025-07-29 17:00:00.000,LHR11,32
2025-07-29 18:00:00.000,LHR11,39
2025-07-29 19:00:00.000,LHR11,33
2025-07-29 20:00:00.000,LHR11,15
2025-07-29 21:00:00.000,LHR11,7
2025-07-30 05:00:00.000,LHR11,19
2025-07-30 06:00:00.000,LHR11,15
2025-07-30 07:00:00.000,LHR11,16
2025-07-30 08:00:00.000,LHR11,30
2025-07-30 09:00:00.000,LHR11,28
2025-07-30 10:00:00.000,LHR11,36
2025-07-30 11:00:00.000,LHR11,26
2025-07-30 12:00:00.000,LHR11,21
2025-07-30 13:00:00.000,LHR11,24
2025-07-30 14:00:00.000,LHR11,29
2025-07-30 15:00:00.000,LHR11,25
2025-07-30 16:00:00.000,LHR11,33
2025-07-30 17:00:00.000,LHR11,24
2025-07-30 18:00:00.000,LHR11,38
2025-07-30 19:00:00.000,LHR11,45
2025-07-30 20:00:00.000,LHR11,36
2025-07-30 21:00:00.000,LHR11,5
2025-07-31 05:00:00.000,LHR11,25
2025-07-31 06:00:00.000,LHR11,31
2025-07-31 07:00:00.000,LHR11,21
2025-07-31 08:00:00.000,LHR11,26
2025-07-31 09:00:00.000,LHR11,55
2025-07-31 10:00:00.000,LHR11,52
2025-07-31 11:00:00.000,LHR11,40
2025-07-31 12:00:00.000,LHR11,47
2025-07-31 13:00:00.000,LHR11,28
2025-07-31 14:00:00.000,LHR11,43
2025-07-31 15:00:00.000,LHR11,22
2025-07-31 16:00:00.000,LHR11,25
2025-07-31 17:00:00.000,LHR11,39
2025-07-31 18:00:00.000,LHR11,39
2025-07-31 19:00:00.000,LHR11,33
2025-07-31 20:00:00.000,LHR11,20
2025-07-31 21:00:00.000,LHR11,9
2025-08-01 00:00:00.000,LHR11,1
2025-08-01 05:00:00.000,LHR11,26
2025-08-01 06:00:00.000,LHR11,23
2025-08-01 07:00:00.000,LHR11,31
2025-08-01 08:00:00.000,LHR11,29
2025-08-01 09:00:00.000,LHR11,39
2025-08-01 10:00:00.000,LHR11,29
2025-08-01 11:00:00.000,LHR11,54
2025-08-01 12:00:00.000,LHR11,32
2025-08-01 13:00:00.000,LHR11,34
2025-08-01 14:00:00.000,LHR11,20
2025-08-01 15:00:00.000,LHR11,32
2025-08-01 16:00:00.000,LHR11,26
2025-08-01 17:00:00.000,LHR11,23
2025-08-01 18:00:00.000,LHR11,64
2025-08-01 19:00:00.000,LHR11,47
2025-08-01 20:00:00.000,LHR11,24
2025-08-01 21:00:00.000,LHR11,3
2025-08-02 05:00:00.000,LHR11,28
2025-08-02 06:00:00.000,LHR11,15
2025-08-02 07:00:00.000,LHR11,32
2025-08-02 08:00:00.000,LHR11,38
2025-08-02 09:00:00.000,LHR11,22
2025-08-02 10:00:00.000,LHR11,22
2025-08-02 11:00:00.000,LHR11,37
2025-08-02 12:00:00.000,LHR11,27
2025-08-02 13:00:00.000,LHR11,37
2025-08-02 14:00:00.000,LHR11,31
2025-08-02 15:00:00.000,LHR11,21
2025-08-02 16:00:00.000,LHR11,23
2025-08-02 17:00:00.000,LHR11,25
2025-08-02 18:00:00.000,LHR11,35
2025-08-02 19:00:00.000,LHR11,27
2025-08-02 20:00:00.000,LHR11,17
2025-08-03 05:00:00.000,LHR11,11
2025-08-03 06:00:00.000,LHR11,36
2025-08-03 07:00:00.000,LHR11,36
2025-08-03 08:00:00.000,LHR11,27
2025-08-03 09:00:00.000,LHR11,26
2025-08-03 10:00:00.000,LHR11,35
2025-08-03 11:00:00.000,LHR11,38
2025-08-03 12:00:00.000,LHR11,43
2025-08-03 13:00:00.000,LHR11,20
2025-08-03 14:00:00.000,LHR11,35
2025-08-03 15:00:00.000,LHR11,22
2025-08-03 16:00:00.000,LHR11,31
2025-08-03 17:00:00.000,LHR11,60
2025-08-03 18:00:00.000,LHR11,37
2025-08-03 19:00:00.000,LHR11,42
2025-08-03 20:00:00.000,LHR11,23
2025-08-03 21:00:00.000,LHR11,4
2025-08-04 00:00:00.000,LHR11,1
2025-08-04 05:00:00.000,LHR11,38
2025-08-04 06:00:00.000,LHR11,23
2025-08-04 07:00:00.000,LHR11,27
2025-08-04 08:00:00.000,LHR11,28
2025-08-04 09:00:00.000,LHR11,28
2025-08-04 10:00:00.000,LHR11,55
2025-08-04 11:00:00.000,LHR11,35
2025-08-04 12:00:00.000,LHR11,38
2025-08-04 13:00:00.000,LHR11,24
2025-08-04 14:00:00.000,LHR11,37
2025-08-04 15:00:00.000,LHR11,38
2025-08-04 16:00:00.000,LHR11,39
2025-08-04 17:00:00.000,LHR11,24
2025-08-04 18:00:00.000,LHR11,32
2025-08-04 19:00:00.000,LHR11,40
2025-08-04 20:00:00.000,LHR11,12
2025-08-04 21:00:00.000,LHR11,2
2025-08-05 05:00:00.000,LHR11,27
2025-08-05 06:00:00.000,LHR11,34
2025-08-05 07:00:00.000,LHR11,33
2025-08-05 08:00:00.000,LHR11,52
2025-08-05 09:00:00.000,LHR11,35
2025-08-05 10:00:00.000,LHR11,8
2025-08-05 11:00:00.000,LHR11,25
2025-08-05 12:00:00.000,LHR11,19
2025-08-05 13:00:00.000,LHR11,35
2025-08-05 14:00:00.000,LHR11,24
2025-08-05 15:00:00.000,LHR11,24
2025-08-05 16:00:00.000,LHR11,20
2025-08-05 17:00:00.000,LHR11,40
2025-08-05 18:00:00.000,LHR11,35
2025-08-05 19:00:00.000,LHR11,42
2025-08-05 20:00:00.000,LHR11,22
2025-08-05 21:00:00.000,LHR11,5
2025-08-06 05:00:00.000,LHR11,11
2025-08-06 06:00:00.000,LHR11,24
2025-08-06 07:00:00.000,LHR11,36
2025-08-06 08:00:00.000,LHR11,32
2025-08-06 09:00:00.000,LHR11,37
2025-08-06 10:00:00.000,LHR11,25
2025-08-06 11:00:00.000,LHR11,30
2025-08-06 12:00:00.000,LHR11,26
2025-08-06 13:00:00.000,LHR11,36
2025-08-06 14:00:00.000,LHR11,37
2025-08-06 15:00:00.000,LHR11,21
2025-08-06 16:00:00.000,LHR11,17
2025-08-06 17:00:00.000,LHR11,28
2025-08-06 18:00:00.000,LHR11,29
2025-08-06 19:00:00.000,LHR11,28
2025-08-06 20:00:00.000,LHR11,16
2025-08-06 21:00:00.000,LHR11,2
2025-08-07 05:00:00.000,LHR11,31
2025-08-07 06:00:00.000,LHR11,14
2025-08-07 07:00:00.000,LHR11,28
2025-08-07 08:00:00.000,LHR11,28
2025-08-07 09:00:00.000,LHR11,46
2025-08-07 10:00:00.000,LHR11,45
2025-08-07 11:00:00.000,LHR11,42
2025-08-07 12:00:00.000,LHR11,46
2025-08-07 13:00:00.000,LHR11,20
2025-08-07 14:00:00.000,LHR11,21
2025-08-07 15:00:00.000,LHR11,27
2025-08-07 16:00:00.000,LHR11,23
2025-08-07 17:00:00.000,LHR11,24
2025-08-07 18:00:00.000,LHR11,45
2025-08-07 19:00:00.000,LHR11,44
2025-08-07 20:00:00.000,LHR11,21
2025-08-07 21:00:00.000,LHR11,1
2025-08-08 05:00:00.000,LHR11,9
2025-08-08 06:00:00.000,LHR11,27
2025-08-08 07:00:00.000,LHR11,46
2025-08-08 08:00:00.000,LHR11,22
2025-08-08 09:00:00.000,LHR11,46
2025-08-08 10:00:00.000,LHR11,48
2025-08-08 11:00:00.000,LHR11,43
2025-08-08 12:00:00.000,LHR11,27
2025-08-08 13:00:00.000,LHR11,26
2025-08-08 14:00:00.000,LHR11,25
2025-08-08 15:00:00.000,LHR11,30
2025-08-08 16:00:00.000,LHR11,23
2025-08-08 17:00:00.000,LHR11,40
2025-08-08 18:00:00.000,LHR11,31
2025-08-08 19:00:00.000,LHR11,51
2025-08-08 20:00:00.000,LHR11,17
2025-08-09 00:00:00.000,LHR11,1
2025-08-09 05:00:00.000,LHR11,39
2025-08-09 06:00:00.000,LHR11,20
2025-08-09 07:00:00.000,LHR11,41
2025-08-09 08:00:00.000,LHR11,42
2025-08-09 09:00:00.000,LHR11,47
2025-08-09 10:00:00.000,LHR11,43
2025-08-09 11:00:00.000,LHR11,36
2025-08-09 12:00:00.000,LHR11,30
2025-08-09 13:00:00.000,LHR11,26
2025-08-09 14:00:00.000,LHR11,21
2025-08-09 15:00:00.000,LHR11,21
2025-08-09 16:00:00.000,LHR11,16
2025-08-09 17:00:00.000,LHR11,20
2025-08-09 18:00:00.000,LHR11,23
2025-08-09 19:00:00.000,LHR11,32
2025-08-09 20:00:00.000,LHR11,16
2025-08-09 21:00:00.000,LHR11,2
2025-08-10 00:00:00.000,LHR11,5
2025-08-10 05:00:00.000,LHR11,21
2025-08-10 06:00:00.000,LHR11,39
2025-08-10 07:00:00.000,LHR11,50
2025-08-10 08:00:00.000,LHR11,39
2025-08-10 09:00:00.000,LHR11,53
2025-08-10 10:00:00.000,LHR11,45
2025-08-10 11:00:00.000,LHR11,35
2025-08-10 12:00:00.000,LHR11,48
2025-08-10 13:00:00.000,LHR11,28
2025-08-10 14:00:00.000,LHR11,15
2025-08-10 15:00:00.000,LHR11,23
2025-08-10 16:00:00.000,LHR11,15
2025-08-10 17:00:00.000,LHR11,30
2025-08-10 18:00:00.000,LHR11,50
2025-08-10 19:00:00.000,LHR11,42
2025-08-10 20:00:00.000,LHR11,22
2025-08-10 21:00:00.000,LHR11,10
2025-08-11 00:00:00.000,LHR11,2
2025-08-11 05:00:00.000,LHR11,33
2025-08-11 06:00:00.000,LHR11,14
2025-08-11 07:00:00.000,LHR11,33
2025-08-11 08:00:00.000,LHR11,24
2025-08-11 09:00:00.000,LHR11,30
2025-08-11 10:00:00.000,LHR11,19
2025-08-11 11:00:00.000,LHR11,39
2025-08-11 12:00:00.000,LHR11,31
2025-08-11 13:00:00.000,LHR11,22
2025-08-11 14:00:00.000,LHR11,20
2025-08-11 15:00:00.000,LHR11,29
2025-08-11 16:00:00.000,LHR11,27
2025-08-11 17:00:00.000,LHR11,35
2025-08-11 18:00:00.000,LHR11,47
2025-08-11 19:00:00.000,LHR11,29
2025-08-11 20:00:00.000,LHR11,17
2025-08-12 00:00:00.000,LHR11,1
2025-08-12 05:00:00.000,LHR11,38
2025-08-12 06:00:00.000,LHR11,48
2025-08-12 07:00:00.000,LHR11,37
2025-08-12 08:00:00.000,LHR11,27
2025-08-12 09:00:00.000,LHR11,37
2025-08-12 10:00:00.000,LHR11,42
2025-08-12 11:00:00.000,LHR11,29
2025-08-12 12:00:00.000,LHR11,30
2025-08-12 13:00:00.000,LHR11,32
2025-08-12 14:00:00.000,LHR11,40
2025-08-12 15:00:00.000,LHR11,37
2025-08-12 16:00:00.000,LHR11,20
2025-08-12 17:00:00.000,LHR11,23
2025-08-12 18:00:00.000,LHR11,28
2025-08-12 19:00:00.000,LHR11,50
2025-08-12 20:00:00.000,LHR11,22
2025-08-12 21:00:00.000,LHR11,2
2025-08-13 05:00:00.000,LHR11,15
2025-08-13 06:00:00.000,LHR11,34
2025-08-13 07:00:00.000,LHR11,38
2025-08-13 08:00:00.000,LHR11,40
2025-08-13 09:00:00.000,LHR11,22
2025-08-13 10:00:00.000,LHR11,45
2025-08-13 11:00:00.000,LHR11,35
2025-08-13 12:00:00.000,LHR11,21
2025-08-13 13:00:00.000,LHR11,31
2025-08-13 14:00:00.000,LHR11,35
2025-08-13 15:00:00.000,LHR11,20
2025-08-13 16:00:00.000,LHR11,21
2025-08-13 17:00:00.000,LHR11,29
2025-08-13 18:00:00.000,LHR11,34
2025-08-13 19:00:00.000,LHR11,39
2025-08-13 20:00:00.000,LHR11,11
2025-08-14 05:00:00.000,LHR11,13
2025-08-14 06:00:00.000,LHR11,27
2025-08-14 07:00:00.000,LHR11,22
2025-08-14 08:00:00.000,LHR11,35
2025-08-14 09:00:00.000,LHR11,44
2025-08-14 10:00:00.000,LHR11,23
2025-08-14 11:00:00.000,LHR11,31
2025-08-14 12:00:00.000,LHR11,31
2025-08-14 13:00:00.000,LHR11,10
2025-08-14 14:00:00.000,LHR11,10
2025-08-14 15:00:00.000,LHR11,30
2025-08-14 16:00:00.000,LHR11,20
2025-08-14 17:00:00.000,LHR11,49
2025-08-14 18:00:00.000,LHR11,35
2025-08-14 19:00:00.000,LHR11,31
2025-08-14 20:00:00.000,LHR11,15
2025-08-14 21:00:00.000,LHR11,2
2025-08-15 05:00:00.000,LHR11,29
2025-08-15 06:00:00.000,LHR11,35
2025-08-15 07:00:00.000,LHR11,18
2025-08-15 08:00:00.000,LHR11,30
2025-08-15 09:00:00.000,LHR11,33
2025-08-15 10:00:00.000,LHR11,19
2025-08-15 11:00:00.000,LHR11,33
2025-08-15 12:00:00.000,LHR11,32
2025-08-15 13:00:00.000,LHR11,22
2025-08-15 14:00:00.000,LHR11,24
2025-08-15 15:00:00.000,LHR11,21
2025-08-15 16:00:00.000,LHR11,32
2025-08-15 17:00:00.000,LHR11,19
2025-08-15 18:00:00.000,LHR11,30
2025-08-15 19:00:00.000,LHR11,31
2025-08-15 20:00:00.000,LHR11,29
2025-08-15 21:00:00.000,LHR11,2
2025-08-16 05:00:00.000,LHR11,24
2025-08-16 06:00:00.000,LHR11,19
2025-08-16 07:00:00.000,LHR11,35
2025-08-16 08:00:00.000,LHR11,36
2025-08-16 09:00:00.000,LHR11,37
2025-08-16 10:00:00.000,LHR11,47
2025-08-16 11:00:00.000,LHR11,25
2025-08-16 12:00:00.000,LHR11,23
2025-08-16 13:00:00.000,LHR11,21
2025-08-16 14:00:00.000,LHR11,20
2025-08-16 15:00:00.000,LHR11,26
2025-08-16 16:00:00.000,LHR11,21
2025-08-16 17:00:00.000,LHR11,26
2025-08-16 18:00:00.000,LHR11,41
2025-08-16 19:00:00.000,LHR11,32
2025-08-16 20:00:00.000,LHR11,6
2025-08-17 05:00:00.000,LHR11,26
2025-08-17 06:00:00.000,LHR11,17
2025-08-17 07:00:00.000,LHR11,39
2025-08-17 08:00:00.000,LHR11,25
2025-08-17 09:00:00.000,LHR11,39
2025-08-17 10:00:00.000,LHR11,39
2025-08-17 11:00:00.000,LHR11,29
2025-08-17 12:00:00.000,LHR11,23
2025-08-17 13:00:00.000,LHR11,28
2025-08-17 14:00:00.000,LHR11,39
2025-08-17 15:00:00.000,LHR11,37
2025-08-17 16:00:00.000,LHR11,38
2025-08-17 17:00:00.000,LHR11,29
2025-08-17 18:00:00.000,LHR11,36
2025-08-17 19:00:00.000,LHR11,46
2025-08-17 20:00:00.000,LHR11,17
2025-08-17 21:00:00.000,LHR11,2
2025-08-18 00:00:00.000,LHR11,3
2025-08-18 05:00:00.000,LHR11,22
2025-08-18 06:00:00.000,LHR11,16
2025-08-18 07:00:00.000,LHR11,29
2025-08-18 08:00:00.000,LHR11,35
2025-08-18 09:00:00.000,LHR11,26
2025-08-18 10:00:00.000,LHR11,30
2025-08-18 11:00:00.000,LHR11,28
2025-08-18 12:00:00.000,LHR11,31
2025-08-18 13:00:00.000,LHR11,24
2025-08-18 14:00:00.000,LHR11,25
2025-08-18 15:00:00.000,LHR11,38
2025-08-18 16:00:00.000,LHR11,30
2025-08-18 17:00:00.000,LHR11,32
2025-08-18 18:00:00.000,LHR11,44
2025-08-18 19:00:00.000,LHR11,25
2025-08-18 20:00:00.000,LHR11,7
2025-08-19 05:00:00.000,LHR11,19
2025-08-19 06:00:00.000,LHR11,25
2025-08-19 07:00:00.000,LHR11,26
2025-08-19 08:00:00.000,LHR11,37
2025-08-19 09:00:00.000,LHR11,27
2025-08-19 10:00:00.000,LHR11,28
2025-08-19 11:00:00.000,LHR11,21
2025-08-19 12:00:00.000,LHR11,31
2025-08-19 13:00:00.000,LHR11,35
2025-08-19 14:00:00.000,LHR11,23
2025-08-19 15:00:00.000,LHR11,26
2025-08-19 16:00:00.000,LHR11,11
2025-08-19 17:00:00.000,LHR11,16
2025-08-19 18:00:00.000,LHR11,30
2025-08-19 19:00:00.000,LHR11,27
2025-08-19 20:00:00.000,LHR11,9
2025-08-19 21:00:00.000,LHR11,2
2025-08-20 05:00:00.000,LHR11,14
2025-08-20 06:00:00.000,LHR11,23
2025-08-20 07:00:00.000,LHR11,28
2025-08-20 08:00:00.000,LHR11,26
2025-08-20 09:00:00.000,LHR11,31
2025-08-20 10:00:00.000,LHR11,32
2025-08-20 11:00:00.000,LHR11,40
2025-08-20 12:00:00.000,LHR11,29
2025-08-20 13:00:00.000,LHR11,32
2025-08-20 14:00:00.000,LHR11,12
2025-08-20 15:00:00.000,LHR11,20
2025-08-20 16:00:00.000,LHR11,24
2025-08-20 17:00:00.000,LHR11,25
2025-08-20 18:00:00.000,LHR11,20
2025-08-20 19:00:00.000,LHR11,19
2025-08-20 20:00:00.000,LHR11,13
2025-08-21 05:00:00.000,LHR11,30
2025-08-21 06:00:00.000,LHR11,23
2025-08-21 07:00:00.000,LHR11,29
2025-08-21 08:00:00.000,LHR11,43
2025-08-21 09:00:00.000,LHR11,35
2025-08-21 10:00:00.000,LHR11,40
2025-08-21 11:00:00.000,LHR11,30
2025-08-21 12:00:00.000,LHR11,30
2025-08-21 13:00:00.000,LHR11,17
2025-08-21 14:00:00.000,LHR11,41
2025-08-21 15:00:00.000,LHR11,31
2025-08-21 16:00:00.000,LHR11,30
2025-08-21 17:00:00.000,LHR11,27
2025-08-21 18:00:00.000,LHR11,34
2025-08-21 19:00:00.000,LHR11,31
2025-08-21 20:00:00.000,LHR11,15
2025-08-21 21:00:00.000,LHR11,4
2025-08-22 05:00:00.000,LHR11,35
2025-08-22 06:00:00.000,LHR11,29
2025-08-22 07:00:00.000,LHR11,27
2025-08-22 08:00:00.000,LHR11,44
2025-08-22 09:00:00.000,LHR11,20
2025-08-22 10:00:00.000,LHR11,35
2025-08-22 11:00:00.000,LHR11,24
2025-08-22 12:00:00.000,LHR11,37
2025-08-22 13:00:00.000,LHR11,22
2025-08-22 14:00:00.000,LHR11,25
2025-08-22 15:00:00.000,LHR11,20
2025-08-22 16:00:00.000,LHR11,36
2025-08-22 17:00:00.000,LHR11,42
2025-08-22 18:00:00.000,LHR11,50
2025-08-22 19:00:00.000,LHR11,45
2025-08-22 20:00:00.000,LHR11,20
2025-08-22 21:00:00.000,LHR11,2
2025-08-23 05:00:00.000,LHR11,51
2025-08-23 06:00:00.000,LHR11,28
2025-08-23 07:00:00.000,LHR11,44
2025-08-23 08:00:00.000,LHR11,31
2025-08-23 09:00:00.000,LHR11,33
2025-08-23 10:00:00.000,LHR11,54
2025-08-23 11:00:00.000,LHR11,32
2025-08-23 12:00:00.000,LHR11,21
2025-08-23 13:00:00.000,LHR11,16
2025-08-23 14:00:00.000,LHR11,27
2025-08-23 15:00:00.000,LHR11,38
2025-08-23 16:00:00.000,LHR11,15
2025-08-23 17:00:00.000,LHR11,27
2025-08-23 18:00:00.000,LHR11,34
2025-08-23 19:00:00.000,LHR11,29
2025-08-23 20:00:00.000,LHR11,9
2025-08-24 05:00:00.000,LHR11,13
2025-08-24 06:00:00.000,LHR11,20
2025-08-24 07:00:00.000,LHR11,32
2025-08-24 08:00:00.000,LHR11,45
2025-08-24 09:00:00.000,LHR11,42
2025-08-24 10:00:00.000,LHR11,53
2025-08-24 11:00:00.000,LHR11,30
2025-08-24 12:00:00.000,LHR11,52
2025-08-24 13:00:00.000,LHR11,34
2025-08-24 14:00:00.000,LHR11,24
2025-08-24 15:00:00.000,LHR11,37
2025-08-24 16:00:00.000,LHR11,36
2025-08-24 17:00:00.000,LHR11,49
2025-08-24 18:00:00.000,LHR11,42
2025-08-24 19:00:00.000,LHR11,24
2025-08-24 20:00:00.000,LHR11,11
2025-08-24 21:00:00.000,LHR11,3
2025-08-25 05:00:00.000,LHR11,11
2025-08-25 06:00:00.000,LHR11,34
2025-08-25 07:00:00.000,LHR11,31
2025-08-25 08:00:00.000,LHR11,32
2025-08-25 09:00:00.000,LHR11,28
2025-08-25 10:00:00.000,LHR11,33
2025-08-25 11:00:00.000,LHR11,29
2025-08-25 12:00:00.000,LHR11,23
2025-08-25 13:00:00.000,LHR11,24
2025-08-25 14:00:00.000,LHR11,30
2025-08-25 15:00:00.000,LHR11,19
2025-08-25 16:00:00.000,LHR11,28
2025-08-25 17:00:00.000,LHR11,33
2025-08-25 18:00:00.000,LHR11,34
2025-08-25 19:00:00.000,LHR11,29
2025-08-25 20:00:00.000,LHR11,12
2025-08-26 00:00:00.000,LHR11,2
2025-08-26 05:00:00.000,LHR11,20
2025-08-26 06:00:00.000,LHR11,24
2025-08-26 07:00:00.000,LHR11,40
2025-08-26 08:00:00.000,LHR11,36
2025-08-26 09:00:00.000,LHR11,34
2025-08-26 10:00:00.000,LHR11,20
2025-08-26 11:00:00.000,LHR11,17
2025-08-26 12:00:00.000,LHR11,23
2025-08-26 13:00:00.000,LHR11,32
2025-08-26 14:00:00.000,LHR11,21
2025-08-26 15:00:00.000,LHR11,21
2025-08-26 16:00:00.000,LHR11,13
2025-08-26 17:00:00.000,LHR11,18
2025-08-26 18:00:00.000,LHR11,27
2025-08-26 19:00:00.000,LHR11,14
2025-08-26 20:00:00.000,LHR11,9
2025-08-26 21:00:00.000,LHR11,2
2025-08-27 00:00:00.000,LHR11,1
2025-08-27 05:00:00.000,LHR11,11
2025-08-27 06:00:00.000,LHR11,26
2025-08-27 07:00:00.000,LHR11,31
2025-08-27 08:00:00.000,LHR11,21
2025-08-27 09:00:00.000,LHR11,12
2025-08-27 10:00:00.000,LHR11,23
2025-08-27 11:00:00.000,LHR11,27
2025-08-27 12:00:00.000,LHR11,22
2025-08-27 13:00:00.000,LHR11,10
2025-08-27 14:00:00.000,LHR11,17
2025-08-27 15:00:00.000,LHR11,14
2025-08-27 16:00:00.000,LHR11,13
2025-08-27 17:00:00.000,LHR11,21
2025-08-27 18:00:00.000,LHR11,23
2025-08-27 19:00:00.000,LHR11,31
2025-08-27 20:00:00.000,LHR11,5
2025-08-28 05:00:00.000,LHR11,16
2025-08-28 06:00:00.000,LHR11,19
2025-08-28 07:00:00.000,LHR11,22
2025-08-28 08:00:00.000,LHR11,23
2025-08-28 09:00:00.000,LHR11,32
2025-08-28 10:00:00.000,LHR11,25
2025-08-28 11:00:00.000,LHR11,27
2025-08-28 12:00:00.000,LHR11,15
2025-08-28 13:00:00.000,LHR11,29
2025-08-28 14:00:00.000,LHR11,12
2025-08-28 15:00:00.000,LHR11,20
2025-08-28 16:00:00.000,LHR11,25
2025-08-28 17:00:00.000,LHR11,24
2025-08-28 18:00:00.000,LHR11,33
2025-08-28 19:00:00.000,LHR11,28
2025-08-28 20:00:00.000,LHR11,8
2025-08-28 21:00:00.000,LHR11,2
2025-08-29 05:00:00.000,LHR11,18
2025-08-29 06:00:00.000,LHR11,20
2025-08-29 07:00:00.000,LHR11,29
2025-08-29 08:00:00.000,LHR11,32
2025-08-29 09:00:00.000,LHR11,34
2025-08-29 10:00:00.000,LHR11,40
2025-08-29 11:00:00.000,LHR11,20
2025-08-29 12:00:00.000,LHR11,16
2025-08-29 13:00:00.000,LHR11,21
2025-08-29 14:00:00.000,LHR11,9
2025-08-29 15:00:00.000,LHR11,14
2025-08-29 16:00:00.000,LHR11,25
2025-08-29 17:00:00.000,LHR11,32
2025-08-29 18:00:00.000,LHR11,30
2025-08-29 19:00:00.000,LHR11,12
2025-08-29 20:00:00.000,LHR11,11
2025-08-29 21:00:00.000,LHR11,1
2025-08-30 05:00:00.000,LHR11,16
2025-08-30 06:00:00.000,LHR11,21
2025-08-30 07:00:00.000,LHR11,42
2025-08-30 08:00:00.000,LHR11,29
2025-08-30 09:00:00.000,LHR11,44
2025-08-30 10:00:00.000,LHR11,29
2025-08-30 11:00:00.000,LHR11,28
2025-08-30 12:00:00.000,LHR11,40
2025-08-30 13:00:00.000,LHR11,33
2025-08-30 14:00:00.000,LHR11,19
2025-08-30 15:00:00.000,LHR11,15
2025-08-30 16:00:00.000,LHR11,13
2025-08-30 17:00:00.000,LHR11,19
2025-08-30 18:00:00.000,LHR11,24
2025-08-30 19:00:00.000,LHR11,20
2025-08-30 20:00:00.000,LHR11,9
2025-08-31 05:00:00.000,LHR11,14
2025-08-31 06:00:00.000,LHR11,15
2025-08-31 07:00:00.000,LHR11,38
2025-08-31 08:00:00.000,LHR11,29
2025-08-31 09:00:00.000,LHR11,32
2025-08-31 10:00:00.000,LHR11,28
2025-08-31 11:00:00.000,LHR11,37
2025-08-31 12:00:00.000,LHR11,31
2025-08-31 13:00:00.000,LHR11,36
2025-08-31 14:00:00.000,LHR11,29
2025-08-31 15:00:00.000,LHR11,28
2025-08-31 16:00:00.000,LHR11,21
2025-08-31 17:00:00.000,LHR11,27
2025-08-31 18:00:00.000,LHR11,64
2025-08-31 19:00:00.000,LHR11,35
2025-08-31 20:00:00.000,LHR11,13
2025-09-01 05:00:00.000,LHR11,21
2025-09-01 06:00:00.000,LHR11,15
2025-09-01 07:00:00.000,LHR11,22
2025-09-01 08:00:00.000,LHR11,24
2025-09-01 09:00:00.000,LHR11,38
2025-09-01 10:00:00.000,LHR11,39
2025-09-01 11:00:00.000,LHR11,47
2025-09-01 12:00:00.000,LHR11,18
2025-09-01 13:00:00.000,LHR11,28
2025-09-01 14:00:00.000,LHR11,35
2025-09-01 15:00:00.000,LHR11,34
2025-09-01 16:00:00.000,LHR11,17
2025-09-01 17:00:00.000,LHR11,33
2025-09-01 18:00:00.000,LHR11,45
2025-09-01 19:00:00.000,LHR11,28
2025-09-01 20:00:00.000,LHR11,7
2025-09-01 21:00:00.000,LHR11,2
2025-09-02 00:00:00.000,LHR11,1
2025-09-02 05:00:00.000,LHR11,30
2025-09-02 06:00:00.000,LHR11,25
2025-09-02 07:00:00.000,LHR11,23
2025-09-02 08:00:00.000,LHR11,31
2025-09-02 09:00:00.000,LHR11,28
2025-09-02 10:00:00.000,LHR11,34
2025-09-02 11:00:00.000,LHR11,44
2025-09-02 12:00:00.000,LHR11,35
2025-09-02 13:00:00.000,LHR11,39
2025-09-02 14:00:00.000,LHR11,35
2025-09-02 15:00:00.000,LHR11,11
2025-09-02 16:00:00.000,LHR11,25
2025-09-02 17:00:00.000,LHR11,13
2025-09-02 18:00:00.000,LHR11,25
2025-09-02 19:00:00.000,LHR11,26
2025-09-02 20:00:00.000,LHR11,16
2025-09-02 21:00:00.000,LHR11,2
2025-09-03 05:00:00.000,LHR11,12
2025-09-03 06:00:00.000,LHR11,20
2025-09-03 07:00:00.000,LHR11,29
2025-09-03 08:00:00.000,LHR11,16
2025-09-03 09:00:00.000,LHR11,27
2025-09-03 10:00:00.000,LHR11,24
2025-09-03 11:00:00.000,LHR11,29
2025-09-03 12:00:00.000,LHR11,42
2025-09-03 13:00:00.000,LHR11,13
2025-09-03 14:00:00.000,LHR11,23
2025-09-03 15:00:00.000,LHR11,14
2025-09-03 16:00:00.000,LHR11,22
2025-09-03 17:00:00.000,LHR11,27
2025-09-03 18:00:00.000,LHR11,39
2025-09-03 19:00:00.000,LHR11,24
2025-09-03 20:00:00.000,LHR11,14
2025-09-04 05:00:00.000,LHR11,10
2025-09-04 06:00:00.000,LHR11,21
2025-09-04 07:00:00.000,LHR11,28
2025-09-04 08:00:00.000,LHR11,20
2025-09-04 09:00:00.000,LHR11,33
2025-09-04 10:00:00.000,LHR11,25
2025-09-04 11:00:00.000,LHR11,22
2025-09-04 12:00:00.000,LHR11,35
2025-09-04 13:00:00.000,LHR11,12
2025-09-04 14:00:00.000,LHR11,24
2025-09-04 15:00:00.000,LHR11,19
2025-09-04 16:00:00.000,LHR11,24
2025-09-04 17:00:00.000,LHR11,41
2025-09-04 18:00:00.000,LHR11,36
2025-09-04 19:00:00.000,LHR11,31
2025-09-04 20:00:00.000,LHR11,25
2025-09-04 21:00:00.000,LHR11,2
2025-09-05 05:00:00.000,LHR11,12
2025-09-05 06:00:00.000,LHR11,43
2025-09-05 07:00:00.000,LHR11,30
2025-09-05 08:00:00.000,LHR11,48
2025-09-05 09:00:00.000,LHR11,45
2025-09-05 10:00:00.000,LHR11,19
2025-09-05 11:00:00.000,LHR11,25
2025-09-05 12:00:00.000,LHR11,37
2025-09-05 13:00:00.000,LHR11,17
2025-09-05 14:00:00.000,LHR11,13
2025-09-05 15:00:00.000,LHR11,22
2025-09-05 16:00:00.000,LHR11,23
2025-09-05 17:00:00.000,LHR11,31
2025-09-05 18:00:00.000,LHR11,46
2025-09-05 19:00:00.000,LHR11,50
2025-09-05 20:00:00.000,LHR11,20
2025-09-05 21:00:00.000,LHR11,2
2025-09-06 05:00:00.000,LHR11,28
2025-09-06 06:00:00.000,LHR11,32
2025-09-06 07:00:00.000,LHR11,14
2025-09-06 08:00:00.000,LHR11,26
2025-09-06 09:00:00.000,LHR11,56
2025-09-06 10:00:00.000,LHR11,51
2025-09-06 11:00:00.000,LHR11,29
2025-09-06 12:00:00.000,LHR11,25
2025-09-06 13:00:00.000,LHR11,31
2025-09-06 14:00:00.000,LHR11,39
2025-09-06 15:00:00.000,LHR11,33
2025-09-06 16:00:00.000,LHR11,19
2025-09-06 17:00:00.000,LHR11,25
2025-09-06 18:00:00.000,LHR11,40
2025-09-06 19:00:00.000,LHR11,30
2025-09-06 20:00:00.000,LHR11,16
2025-09-06 21:00:00.000,LHR11,2
2025-09-07 05:00:00.000,LHR11,32
2025-09-07 06:00:00.000,LHR11,43
2025-09-07 07:00:00.000,LHR11,25
2025-09-07 08:00:00.000,LHR11,31
2025-09-07 09:00:00.000,LHR11,42
2025-09-07 10:00:00.000,LHR11,42
2025-09-07 11:00:00.000,LHR11,59
2025-09-07 12:00:00.000,LHR11,44
2025-09-07 13:00:00.000,LHR11,45
2025-09-07 14:00:00.000,LHR11,36
2025-09-07 15:00:00.000,LHR11,30
2025-09-07 16:00:00.000,LHR11,34
2025-09-07 17:00:00.000,LHR11,69
2025-09-07 18:00:00.000,LHR11,42
2025-09-07 19:00:00.000,LHR11,19
2025-09-07 20:00:00.000,LHR11,20
2025-09-07 21:00:00.000,LHR11,3
2025-09-08 05:00:00.000,LHR11,28
2025-09-08 06:00:00.000,LHR11,29
2025-09-08 07:00:00.000,LHR11,36
2025-09-08 08:00:00.000,LHR11,34
2025-09-08 09:00:00.000,LHR11,30
2025-09-08 10:00:00.000,LHR11,27
2025-09-08 11:00:00.000,LHR11,36
2025-09-08 12:00:00.000,LHR11,31
2025-09-08 13:00:00.000,LHR11,31
2025-09-08 14:00:00.000,LHR11,9
2025-09-08 15:00:00.000,LHR11,40
2025-09-08 16:00:00.000,LHR11,25
2025-09-08 17:00:00.000,LHR11,40
2025-09-08 18:00:00.000,LHR11,27
2025-09-08 19:00:00.000,LHR11,26
2025-09-08 20:00:00.000,LHR11,16
2025-09-08 21:00:00.000,LHR11,1
2025-09-09 05:00:00.000,LHR11,19
2025-09-09 06:00:00.000,LHR11,22
2025-09-09 07:00:00.000,LHR11,24
2025-09-09 08:00:00.000,LHR11,17
2025-09-09 09:00:00.000,LHR11,25
2025-09-09 10:00:00.000,LHR11,16
2025-09-09 11:00:00.000,LHR11,32
2025-09-09 12:00:00.000,LHR11,30
2025-09-09 13:00:00.000,LHR11,15
2025-09-09 14:00:00.000,LHR11,29
2025-09-09 15:00:00.000,LHR11,20
2025-09-09 16:00:00.000,LHR11,35
2025-09-09 17:00:00.000,LHR11,28
2025-09-09 18:00:00.000,LHR11,50
2025-09-09 19:00:00.000,LHR11,22
2025-09-09 20:00:00.000,LHR11,19
2025-09-09 21:00:00.000,LHR11,2
2025-09-10 00:00:00.000,LHR11,2
2025-09-10 05:00:00.000,LHR11,9
2025-09-10 06:00:00.000,LHR11,16
2025-09-10 07:00:00.000,LHR11,32
2025-09-10 08:00:00.000,LHR11,36
2025-09-10 09:00:00.000,LHR11,43
2025-09-10 10:00:00.000,LHR11,18
2025-09-10 11:00:00.000,LHR11,27
2025-09-10 12:00:00.000,LHR11,30
2025-09-10 13:00:00.000,LHR11,33
2025-09-10 14:00:00.000,LHR11,29
2025-09-10 15:00:00.000,LHR11,37
2025-09-10 16:00:00.000,LHR11,34
2025-09-10 17:00:00.000,LHR11,38
2025-09-10 18:00:00.000,LHR11,55
2025-09-10 19:00:00.000,LHR11,21
2025-09-10 20:00:00.000,LHR11,22
2025-09-10 21:00:00.000,LHR11,1
2025-09-11 05:00:00.000,LHR11,26
2025-09-11 06:00:00.000,LHR11,23
2025-09-11 07:00:00.000,LHR11,25
2025-09-11 08:00:00.000,LHR11,31
2025-09-11 09:00:00.000,LHR11,34
2025-09-11 10:00:00.000,LHR11,26
2025-09-11 11:00:00.000,LHR11,42
2025-09-11 12:00:00.000,LHR11,29
2025-09-11 13:00:00.000,LHR11,27
2025-09-11 14:00:00.000,LHR11,16
2025-09-11 15:00:00.000,LHR11,35
2025-09-11 16:00:00.000,LHR11,27
2025-09-11 17:00:00.000,LHR11,46
2025-09-11 18:00:00.000,LHR11,33
2025-09-11 19:00:00.000,LHR11,31
2025-09-11 20:00:00.000,LHR11,20
2025-09-12 00:00:00.000,LHR11,7
2025-09-12 05:00:00.000,LHR11,41
2025-09-12 06:00:00.000,LHR11,31
2025-09-12 07:00:00.000,LHR11,31
2025-09-12 08:00:00.000,LHR11,32
2025-09-12 09:00:00.000,LHR11,36
2025-09-12 10:00:00.000,LHR11,58
2025-09-12 11:00:00.000,LHR11,39
2025-09-12 12:00:00.000,LHR11,31
2025-09-12 13:00:00.000,LHR11,13
2025-09-12 14:00:00.000,LHR11,19
2025-09-12 15:00:00.000,LHR11,29
2025-09-12 16:00:00.000,LHR11,45
2025-09-12 17:00:00.000,LHR11,53
2025-09-12 18:00:00.000,LHR11,60
2025-09-12 19:00:00.000,LHR11,50
2025-09-12 20:00:00.000,LHR11,32
2025-09-12 21:00:00.000,LHR11,1
2025-09-13 00:00:00.000,LHR11,3
2025-09-13 05:00:00.000,LHR11,23
2025-09-13 06:00:00.000,LHR11,18
2025-09-13 07:00:00.000,LHR11,33
2025-09-13 08:00:00.000,LHR11,51
2025-09-13 09:00:00.000,LHR11,40
2025-09-13 10:00:00.000,LHR11,46
2025-09-13 11:00:00.000,LHR11,33
2025-09-13 12:00:00.000,LHR11,33
2025-09-13 13:00:00.000,LHR11,22
2025-09-13 14:00:00.000,LHR11,24
2025-09-13 15:00:00.000,LHR11,16
2025-09-13 16:00:00.000,LHR11,16
2025-09-13 17:00:00.000,LHR11,41
2025-09-13 18:00:00.000,LHR11,32
2025-09-13 19:00:00.000,LHR11,30
2025-09-13 20:00:00.000,LHR11,25
2025-09-14 00:00:00.000,LHR11,11
2025-09-14 05:00:00.000,LHR11,13
2025-09-14 06:00:00.000,LHR11,26
2025-09-14 07:00:00.000,LHR11,30
2025-09-14 08:00:00.000,LHR11,24
2025-09-14 09:00:00.000,LHR11,27
2025-09-14 10:00:00.000,LHR11,38
2025-09-14 11:00:00.000,LHR11,30
2025-09-14 12:00:00.000,LHR11,38
2025-09-14 13:00:00.000,LHR11,24
2025-09-14 14:00:00.000,LHR11,44
2025-09-14 15:00:00.000,LHR11,29
2025-09-14 16:00:00.000,LHR11,37
2025-09-14 17:00:00.000,LHR11,43
2025-09-14 18:00:00.000,LHR11,41
2025-09-14 19:00:00.000,LHR11,16
2025-09-14 20:00:00.000,LHR11,16
2025-09-14 21:00:00.000,LHR11,8
2025-09-15 00:00:00.000,LHR11,1
2025-09-15 05:00:00.000,LHR11,26
2025-09-15 06:00:00.000,LHR11,34
2025-09-15 07:00:00.000,LHR11,45
2025-09-15 08:00:00.000,LHR11,38
2025-09-15 09:00:00.000,LHR11,53
2025-09-15 10:00:00.000,LHR11,34
2025-09-15 11:00:00.000,LHR11,34
2025-09-15 12:00:00.000,LHR11,83
2025-09-15 13:00:00.000,LHR11,18
2025-09-15 14:00:00.000,LHR11,10
2025-09-15 15:00:00.000,LHR11,14
2025-09-15 16:00:00.000,LHR11,34
2025-09-15 17:00:00.000,LHR11,29
2025-09-15 18:00:00.000,LHR11,30
2025-09-15 19:00:00.000,LHR11,31
2025-09-15 20:00:00.000,LHR11,19
2025-09-16 05:00:00.000,LHR11,16
2025-09-16 06:00:00.000,LHR11,20
2025-09-16 07:00:00.000,LHR11,37
2025-09-16 08:00:00.000,LHR11,39
2025-09-16 09:00:00.000,LHR11,42
2025-09-16 10:00:00.000,LHR11,43
2025-09-16 11:00:00.000,LHR11,43
2025-09-16 12:00:00.000,LHR11,37
2025-09-16 13:00:00.000,LHR11,30
2025-09-16 14:00:00.000,LHR11,26
2025-09-16 15:00:00.000,LHR11,13
2025-09-16 16:00:00.000,LHR11,21
2025-09-16 17:00:00.000,LHR11,10
2025-09-16 18:00:00.000,LHR11,37
2025-09-16 19:00:00.000,LHR11,31
2025-09-16 20:00:00.000,LHR11,18
2025-09-16 21:00:00.000,LHR11,2
2025-09-17 05:00:00.000,LHR11,15
2025-09-17 06:00:00.000,LHR11,17
2025-09-17 07:00:00.000,LHR11,45
2025-09-17 08:00:00.000,LHR11,34
2025-09-17 09:00:00.000,LHR11,23
2025-09-17 10:00:00.000,LHR11,29
2025-09-17 11:00:00.000,LHR11,40
2025-09-17 12:00:00.000,LHR11,39
2025-09-17 13:00:00.000,LHR11,23
2025-09-17 14:00:00.000,LHR11,20
2025-09-17 15:00:00.000,LHR11,23
2025-09-17 16:00:00.000,LHR11,18
2025-09-17 17:00:00.000,LHR11,27
2025-09-17 18:00:00.000,LHR11,24
2025-09-17 19:00:00.000,LHR11,23
2025-09-17 20:00:00.000,LHR11,13
2025-09-17 21:00:00.000,LHR11,1
2025-09-18 05:00:00.000,LHR11,10
2025-09-18 06:00:00.000,LHR11,31
2025-09-18 07:00:00.000,LHR11,34
2025-09-18 08:00:00.000,LHR11,28
2025-09-18 09:00:00.000,LHR11,41
2025-09-18 10:00:00.000,LHR11,41
2025-09-18 11:00:00.000,LHR11,36
2025-09-18 12:00:00.000,LHR11,32
2025-09-18 13:00:00.000,LHR11,33
2025-09-18 14:00:00.000,LHR11,21
2025-09-18 15:00:00.000,LHR11,19
2025-09-18 16:00:00.000,LHR11,28
2025-09-18 17:00:00.000,LHR11,33
2025-09-18 18:00:00.000,LHR11,40
2025-09-18 19:00:00.000,LHR11,33
2025-09-18 20:00:00.000,LHR11,20
2025-09-18 21:00:00.000,LHR11,2
2025-09-19 05:00:00.000,LHR11,37
2025-09-19 06:00:00.000,LHR11,20
2025-09-19 07:00:00.000,LHR11,47
2025-09-19 08:00:00.000,LHR11,40
2025-09-19 09:00:00.000,LHR11,38
2025-09-19 10:00:00.000,LHR11,34
2025-09-19 11:00:00.000,LHR11,30
2025-09-19 12:00:00.000,LHR11,24
2025-09-19 13:00:00.000,LHR11,14
2025-09-19 14:00:00.000,LHR11,22
2025-09-19 15:00:00.000,LHR11,26
2025-09-19 16:00:00.000,LHR11,41
2025-09-19 17:00:00.000,LHR11,31
2025-09-19 18:00:00.000,LHR11,57
2025-09-19 19:00:00.000,LHR11,54
2025-09-19 20:00:00.000,LHR11,30
2025-09-19 21:00:00.000,LHR11,1
2025-09-20 05:00:00.000,LHR11,23
2025-09-20 06:00:00.000,LHR11,20
2025-09-20 07:00:00.000,LHR11,34
2025-09-20 08:00:00.000,LHR11,22
2025-09-20 09:00:00.000,LHR11,22
2025-09-20 10:00:00.000,LHR11,29
2025-09-20 11:00:00.000,LHR11,36
2025-09-20 12:00:00.000,LHR11,41
2025-09-20 13:00:00.000,LHR11,19
2025-09-20 14:00:00.000,LHR11,30
2025-09-20 15:00:00.000,LHR11,12
2025-09-20 16:00:00.000,LHR11,16
2025-09-20 17:00:00.000,LHR11,30
2025-09-20 18:00:00.000,LHR11,29
2025-09-20 19:00:00.000,LHR11,24
2025-09-20 20:00:00.000,LHR11,13
2025-09-20 21:00:00.000,LHR11,5
2025-09-21 05:00:00.000,LHR11,18
2025-09-21 06:00:00.000,LHR11,18
2025-09-21 07:00:00.000,LHR11,31
2025-09-21 08:00:00.000,LHR11,27
2025-09-21 09:00:00.000,LHR11,44
2025-09-21 10:00:00.000,LHR11,41
2025-09-21 11:00:00.000,LHR11,23
2025-09-21 12:00:00.000,LHR11,21
2025-09-21 13:00:00.000,LHR11,27
2025-09-21 14:00:00.000,LHR11,26
2025-09-21 15:00:00.000,LHR11,29
2025-09-21 16:00:00.000,LHR11,43
2025-09-21 17:00:00.000,LHR11,49
2025-09-21 18:00:00.000,LHR11,44
2025-09-21 19:00:00.000,LHR11,28
2025-09-21 20:00:00.000,LHR11,15
2025-09-21 21:00:00.000,LHR11,2
2025-09-22 05:00:00.000,LHR11,40
2025-09-22 06:00:00.000,LHR11,19
2025-09-22 07:00:00.000,LHR11,39
2025-09-22 08:00:00.000,LHR11,26
2025-09-22 09:00:00.000,LHR11,26
2025-09-22 10:00:00.000,LHR11,32
2025-09-22 11:00:00.000,LHR11,25
2025-09-22 12:00:00.000,LHR11,44
2025-09-22 13:00:00.000,LHR11,34
2025-09-22 14:00:00.000,LHR11,21
2025-09-22 15:00:00.000,LHR11,32
2025-09-22 16:00:00.000,LHR11,30
2025-09-22 17:00:00.000,LHR11,49
2025-09-22 18:00:00.000,LHR11,47
2025-09-22 19:00:00.000,LHR11,28
2025-09-22 20:00:00.000,LHR11,13
2025-09-22 21:00:00.000,LHR11,3
2025-09-23 05:00:00.000,LHR11,17
2025-09-23 06:00:00.000,LHR11,29
2025-09-23 07:00:00.000,LHR11,41
2025-09-23 08:00:00.000,LHR11,20
2025-09-23 09:00:00.000,LHR11,27
2025-09-23 10:00:00.000,LHR11,31
2025-09-23 11:00:00.000,LHR11,23
2025-09-23 12:00:00.000,LHR11,30
2025-09-23 13:00:00.000,LHR11,14
2025-09-23 14:00:00.000,LHR11,22
2025-09-23 15:00:00.000,LHR11,15
2025-09-23 16:00:00.000,LHR11,30
2025-09-23 17:00:00.000,LHR11,14
2025-09-23 18:00:00.000,LHR11,55
2025-09-23 19:00:00.000,LHR11,33
2025-09-23 20:00:00.000,LHR11,16
2025-09-24 00:00:00.000,LHR11,3
2025-09-24 05:00:00.000,LHR11,21
2025-09-24 06:00:00.000,LHR11,26
2025-09-24 07:00:00.000,LHR11,38
2025-09-24 08:00:00.000,LHR11,24
2025-09-24 09:00:00.000,LHR11,37
2025-09-24 10:00:00.000,LHR11,37
2025-09-24 11:00:00.000,LHR11,46
2025-09-24 12:00:00.000,LHR11,23
2025-09-24 13:00:00.000,LHR11,15
2025-09-24 14:00:00.000,LHR11,26
2025-09-24 15:00:00.000,LHR11,29
2025-09-24 16:00:00.000,LHR11,36
2025-09-24 17:00:00.000,LHR11,35
2025-09-24 18:00:00.000,LHR11,40
2025-09-24 19:00:00.000,LHR11,34
2025-09-24 20:00:00.000,LHR11,18
2025-09-24 21:00:00.000,LHR11,2
2025-09-25 05:00:00.000,LHR11,21
2025-09-25 06:00:00.000,LHR11,29
2025-09-25 07:00:00.000,LHR11,32
2025-09-25 08:00:00.000,LHR11,32
2025-09-25 09:00:00.000,LHR11,46
2025-09-25 10:00:00.000,LHR11,52
2025-09-25 11:00:00.000,LHR11,36
2025-09-25 12:00:00.000,LHR11,25
2025-09-25 13:00:00.000,LHR11,27
2025-09-25 14:00:00.000,LHR11,19
2025-09-25 15:00:00.000,LHR11,26
2025-09-25 16:00:00.000,LHR11,27
2025-09-25 17:00:00.000,LHR11,28
2025-09-25 18:00:00.000,LHR11,40
2025-09-25 19:00:00.000,LHR11,48
2025-09-25 20:00:00.000,LHR11,16
2025-09-25 21:00:00.000,LHR11,4
2025-09-26 05:00:00.000,LHR11,28
2025-09-26 06:00:00.000,LHR11,21
2025-09-26 07:00:00.000,LHR11,28
2025-09-26 08:00:00.000,LHR11,39
2025-09-26 09:00:00.000,LHR11,44
2025-09-26 10:00:00.000,LHR11,49
2025-09-26 11:00:00.000,LHR11,49
2025-09-26 12:00:00.000,LHR11,31
2025-09-26 13:00:00.000,LHR11,29
2025-09-26 14:00:00.000,LHR11,36
2025-09-26 15:00:00.000,LHR11,17
2025-09-26 16:00:00.000,LHR11,25
2025-09-26 17:00:00.000,LHR11,37
2025-09-26 18:00:00.000,LHR11,63
2025-09-26 19:00:00.000,LHR11,34
2025-09-26 20:00:00.000,LHR11,11
2025-09-26 21:00:00.000,LHR11,8
2025-09-27 05:00:00.000,LHR11,21
2025-09-27 06:00:00.000,LHR11,25
2025-09-27 07:00:00.000,LHR11,65
2025-09-27 08:00:00.000,LHR11,43
2025-09-27 09:00:00.000,LHR11,39
2025-09-27 10:00:00.000,LHR11,35
2025-09-27 11:00:00.000,LHR11,44
2025-09-27 12:00:00.000,LHR11,42
2025-09-27 13:00:00.000,LHR11,33
2025-09-27 14:00:00.000,LHR11,13
2025-09-27 15:00:00.000,LHR11,28
2025-09-27 16:00:00.000,LHR11,19
2025-09-27 17:00:00.000,LHR11,34
2025-09-27 18:00:00.000,LHR11,34
2025-09-27 19:00:00.000,LHR11,40
2025-09-27 20:00:00.000,LHR11,15
2025-09-28 05:00:00.000,LHR11,23
2025-09-28 06:00:00.000,LHR11,37
2025-09-28 07:00:00.000,LHR11,36
2025-09-28 08:00:00.000,LHR11,54
2025-09-28 09:00:00.000,LHR11,45
2025-09-28 10:00:00.000,LHR11,38
2025-09-28 11:00:00.000,LHR11,55
2025-09-28 12:00:00.000,LHR11,45
2025-09-28 13:00:00.000,LHR11,42
2025-09-28 14:00:00.000,LHR11,11
2025-09-28 15:00:00.000,LHR11,34
2025-09-28 16:00:00.000,LHR11,40
2025-09-28 17:00:00.000,LHR11,53
2025-09-28 18:00:00.000,LHR11,57
2025-09-28 19:00:00.000,LHR11,41
2025-09-28 20:00:00.000,LHR11,24
2025-09-28 21:00:00.000,LHR11,3
2025-09-29 05:00:00.000,LHR11,36
2025-09-29 06:00:00.000,LHR11,23
2025-09-29 07:00:00.000,LHR11,45
2025-09-29 08:00:00.000,LHR11,14
2025-09-29 09:00:00.000,LHR11,44
2025-09-29 10:00:00.000,LHR11,20
2025-09-29 11:00:00.000,LHR11,31
2025-09-29 12:00:00.000,LHR11,31
2025-09-29 13:00:00.000,LHR11,20
2025-09-29 14:00:00.000,LHR11,25
2025-09-29 15:00:00.000,LHR11,20
2025-09-29 16:00:00.000,LHR11,31
2025-09-29 17:00:00.000,LHR11,49
2025-09-29 18:00:00.000,LHR11,43
2025-09-29 19:00:00.000,LHR11,26
2025-09-29 20:00:00.000,LHR11,12
2025-09-29 21:00:00.000,LHR11,2
2025-09-30 00:00:00.000,LHR11,2
2025-09-30 05:00:00.000,LHR11,30
2025-09-30 06:00:00.000,LHR11,31
2025-09-30 07:00:00.000,LHR11,27
2025-09-30 08:00:00.000,LHR11,29
2025-09-30 09:00:00.000,LHR11,34
2025-09-30 10:00:00.000,LHR11,44
2025-09-30 11:00:00.000,LHR11,35
2025-09-30 12:00:00.000,LHR11,30
2025-09-30 13:00:00.000,LHR11,13
2025-09-30 14:00:00.000,LHR11,28
2025-09-30 15:00:00.000,LHR11,20
2025-09-30 16:00:00.000,LHR11,16
2025-09-30 17:00:00.000,LHR11,28
2025-09-30 18:00:00.000,LHR11,45
2025-09-30 19:00:00.000,LHR11,43
2025-09-30 20:00:00.000,LHR11,15
2025-09-30 21:00:00.000,LHR11,5
2025-07-01 05:00:00.000,LHR13,5
2025-07-01 06:00:00.000,LHR13,15
2025-07-01 07:00:00.000,LHR13,2
2025-07-01 08:00:00.000,LHR13,8
2025-07-01 09:00:00.000,LHR13,19
2025-07-01 10:00:00.000,LHR13,14
2025-07-01 11:00:00.000,LHR13,15
2025-07-01 12:00:00.000,LHR13,6
2025-07-01 13:00:00.000,LHR13,10
2025-07-01 14:00:00.000,LHR13,2
2025-07-01 15:00:00.000,LHR13,2
2025-07-01 16:00:00.000,LHR13,9
2025-07-01 19:00:00.000,LHR13,4
2025-07-01 20:00:00.000,LHR13,28
2025-07-02 04:00:00.000,LHR13,1
2025-07-02 05:00:00.000,LHR13,9
2025-07-02 06:00:00.000,LHR13,16
2025-07-02 07:00:00.000,LHR13,17
2025-07-02 08:00:00.000,LHR13,3
2025-07-02 09:00:00.000,LHR13,4
2025-07-02 10:00:00.000,LHR13,5
2025-07-02 11:00:00.000,LHR13,3
2025-07-02 12:00:00.000,LHR13,30
2025-07-02 13:00:00.000,LHR13,3
2025-07-02 14:00:00.000,LHR13,12
2025-07-02 15:00:00.000,LHR13,2
2025-07-02 16:00:00.000,LHR13,1
2025-07-02 17:00:00.000,LHR13,3
2025-07-02 18:00:00.000,LHR13,4
2025-07-02 19:00:00.000,LHR13,11
2025-07-02 20:00:00.000,LHR13,17
2025-07-03 04:00:00.000,LHR13,2
2025-07-03 05:00:00.000,LHR13,8
2025-07-03 06:00:00.000,LHR13,15
2025-07-03 07:00:00.000,LHR13,7
2025-07-03 08:00:00.000,LHR13,6
2025-07-03 10:00:00.000,LHR13,5
2025-07-03 11:00:00.000,LHR13,8
2025-07-03 12:00:00.000,LHR13,25
2025-07-03 13:00:00.000,LHR13,14
2025-07-03 14:00:00.000,LHR13,2
2025-07-03 15:00:00.000,LHR13,7
2025-07-03 18:00:00.000,LHR13,2
2025-07-03 19:00:00.000,LHR13,15
2025-07-03 20:00:00.000,LHR13,18
2025-07-04 05:00:00.000,LHR13,15
2025-07-04 06:00:00.000,LHR13,14
2025-07-04 07:00:00.000,LHR13,12
2025-07-04 08:00:00.000,LHR13,3
2025-07-04 09:00:00.000,LHR13,2
2025-07-04 11:00:00.000,LHR13,2
2025-07-04 12:00:00.000,LHR13,20
2025-07-04 13:00:00.000,LHR13,4
2025-07-04 14:00:00.000,LHR13,6
2025-07-04 15:00:00.000,LHR13,4
2025-07-04 17:00:00.000,LHR13,4
2025-07-04 18:00:00.000,LHR13,3
2025-07-04 19:00:00.000,LHR13,8
2025-07-04 20:00:00.000,LHR13,3
2025-07-05 05:00:00.000,LHR13,20
2025-07-05 06:00:00.000,LHR13,21
2025-07-05 07:00:00.000,LHR13,1
2025-07-05 08:00:00.000,LHR13,5
2025-07-05 09:00:00.000,LHR13,9
2025-07-05 10:00:00.000,LHR13,4
2025-07-05 11:00:00.000,LHR13,3
2025-07-05 13:00:00.000,LHR13,5
2025-07-05 14:00:00.000,LHR13,4
2025-07-05 15:00:00.000,LHR13,2
2025-07-05 18:00:00.000,LHR13,7
2025-07-05 19:00:00.000,LHR13,13
2025-07-05 20:00:00.000,LHR13,16
2025-07-06 05:00:00.000,LHR13,13
2025-07-06 06:00:00.000,LHR13,11
2025-07-06 07:00:00.000,LHR13,8
2025-07-06 08:00:00.000,LHR13,7
2025-07-06 09:00:00.000,LHR13,11
2025-07-06 10:00:00.000,LHR13,3
2025-07-06 11:00:00.000,LHR13,7
2025-07-06 12:00:00.000,LHR13,9
2025-07-06 13:00:00.000,LHR13,24
2025-07-06 14:00:00.000,LHR13,28
2025-07-06 15:00:00.000,LHR13,3
2025-07-06 18:00:00.000,LHR13,1
2025-07-06 19:00:00.000,LHR13,5
2025-07-06 20:00:00.000,LHR13,2
2025-07-07 05:00:00.000,LHR13,18
2025-07-07 06:00:00.000,LHR13,27
2025-07-07 07:00:00.000,LHR13,9
2025-07-07 08:00:00.000,LHR13,9
2025-07-07 09:00:00.000,LHR13,3
2025-07-07 10:00:00.000,LHR13,16
2025-07-07 11:00:00.000,LHR13,16
2025-07-07 12:00:00.000,LHR13,6
2025-07-07 13:00:00.000,LHR13,4
2025-07-07 14:00:00.000,LHR13,20
2025-07-07 15:00:00.000,LHR13,2
2025-07-07 17:00:00.000,LHR13,4
2025-07-07 18:00:00.000,LHR13,1
2025-07-07 19:00:00.000,LHR13,5
2025-07-07 20:00:00.000,LHR13,17
2025-07-08 05:00:00.000,LHR13,11
2025-07-08 06:00:00.000,LHR13,22
2025-07-08 08:00:00.000,LHR13,2
2025-07-08 09:00:00.000,LHR13,3
2025-07-08 10:00:00.000,LHR13,3
2025-07-08 11:00:00.000,LHR13,7
2025-07-08 12:00:00.000,LHR13,9
2025-07-08 13:00:00.000,LHR13,10
2025-07-08 14:00:00.000,LHR13,5
2025-07-08 15:00:00.000,LHR13,5
2025-07-08 17:00:00.000,LHR13,1
2025-07-08 18:00:00.000,LHR13,3
2025-07-08 19:00:00.000,LHR13,19
2025-07-08 20:00:00.000,LHR13,21
2025-07-09 05:00:00.000,LHR13,15
2025-07-09 06:00:00.000,LHR13,21
2025-07-09 07:00:00.000,LHR13,20
2025-07-09 08:00:00.000,LHR13,8
2025-07-09 09:00:00.000,LHR13,3
2025-07-09 10:00:00.000,LHR13,8
2025-07-09 11:00:00.000,LHR13,3
2025-07-09 12:00:00.000,LHR13,9
2025-07-09 13:00:00.000,LHR13,4
2025-07-09 14:00:00.000,LHR13,10
2025-07-09 15:00:00.000,LHR13,5
2025-07-09 17:00:00.000,LHR13,2
2025-07-09 18:00:00.000,LHR13,3
2025-07-09 19:00:00.000,LHR13,10
2025-07-09 20:00:00.000,LHR13,22
2025-07-09 21:00:00.000,LHR13,3
2025-07-10 05:00:00.000,LHR13,17
2025-07-10 06:00:00.000,LHR13,22
2025-07-10 07:00:00.000,LHR13,6
2025-07-10 08:00:00.000,LHR13,6
2025-07-10 09:00:00.000,LHR13,7
2025-07-10 10:00:00.000,LHR13,4
2025-07-10 11:00:00.000,LHR13,9
2025-07-10 12:00:00.000,LHR13,14
2025-07-10 13:00:00.000,LHR13,5
2025-07-10 14:00:00.000,LHR13,18
2025-07-10 15:00:00.000,LHR13,5
2025-07-10 18:00:00.000,LHR13,1
2025-07-10 19:00:00.000,LHR13,2
2025-07-10 20:00:00.000,LHR13,13
2025-07-10 21:00:00.000,LHR13,3
2025-07-11 05:00:00.000,LHR13,9
2025-07-11 06:00:00.000,LHR13,23
2025-07-11 07:00:00.000,LHR13,5
2025-07-11 08:00:00.000,LHR13,7
2025-07-11 09:00:00.000,LHR13,4
2025-07-11 11:00:00.000,LHR13,1
2025-07-11 13:00:00.000,LHR13,1
2025-07-11 14:00:00.000,LHR13,1
2025-07-11 15:00:00.000,LHR13,6
2025-07-11 16:00:00.000,LHR13,1
2025-07-11 17:00:00.000,LHR13,6
2025-07-11 19:00:00.000,LHR13,1
2025-07-11 20:00:00.000,LHR13,1
2025-07-12 05:00:00.000,LHR13,29
2025-07-12 06:00:00.000,LHR13,16
2025-07-12 07:00:00.000,LHR13,8
2025-07-12 08:00:00.000,LHR13,14
2025-07-12 09:00:00.000,LHR13,8
2025-07-12 10:00:00.000,LHR13,2
2025-07-12 11:00:00.000,LHR13,4
2025-07-12 12:00:00.000,LHR13,2
2025-07-12 13:00:00.000,LHR13,6
2025-07-12 14:00:00.000,LHR13,4
2025-07-12 15:00:00.000,LHR13,3
2025-07-12 16:00:00.000,LHR13,4
2025-07-12 17:00:00.000,LHR13,3
2025-07-12 19:00:00.000,LHR13,1
2025-07-12 20:00:00.000,LHR13,5
2025-07-13 05:00:00.000,LHR13,11
2025-07-13 06:00:00.000,LHR13,27
2025-07-13 07:00:00.000,LHR13,14
2025-07-13 08:00:00.000,LHR13,2
2025-07-13 09:00:00.000,LHR13,5
2025-07-13 10:00:00.000,LHR13,6
2025-07-13 11:00:00.000,LHR13,17
2025-07-13 12:00:00.000,LHR13,1
2025-07-13 13:00:00.000,LHR13,11
2025-07-13 14:00:00.000,LHR13,14
2025-07-13 16:00:00.000,LHR13,1
2025-07-13 17:00:00.000,LHR13,1
2025-07-13 18:00:00.000,LHR13,1
2025-07-13 19:00:00.000,LHR13,15
2025-07-13 20:00:00.000,LHR13,34
2025-07-13 21:00:00.000,LHR13,4
2025-07-14 05:00:00.000,LHR13,21
2025-07-14 06:00:00.000,LHR13,17
2025-07-14 07:00:00.000,LHR13,4
2025-07-14 08:00:00.000,LHR13,1
2025-07-14 09:00:00.000,LHR13,4
2025-07-14 10:00:00.000,LHR13,1
2025-07-14 11:00:00.000,LHR13,12
2025-07-14 12:00:00.000,LHR13,6
2025-07-14 13:00:00.000,LHR13,19
2025-07-14 14:00:00.000,LHR13,14
2025-07-14 17:00:00.000,LHR13,4
2025-07-14 18:00:00.000,LHR13,1
2025-07-14 19:00:00.000,LHR13,11
2025-07-14 20:00:00.000,LHR13,18
2025-07-14 21:00:00.000,LHR13,1
2025-07-15 05:00:00.000,LHR13,5
2025-07-15 06:00:00.000,LHR13,13
2025-07-15 07:00:00.000,LHR13,23
2025-07-15 08:00:00.000,LHR13,3
2025-07-15 09:00:00.000,LHR13,17
2025-07-15 10:00:00.000,LHR13,2
2025-07-15 11:00:00.000,LHR13,13
2025-07-15 12:00:00.000,LHR13,6
2025-07-15 13:00:00.000,LHR13,20
2025-07-15 14:00:00.000,LHR13,17
2025-07-15 15:00:00.000,LHR13,7
2025-07-15 16:00:00.000,LHR13,7
2025-07-15 17:00:00.000,LHR13,1
2025-07-15 19:00:00.000,LHR13,20
2025-07-15 20:00:00.000,LHR13,17
2025-07-16 05:00:00.000,LHR13,4
2025-07-16 06:00:00.000,LHR13,14
2025-07-16 07:00:00.000,LHR13,7
2025-07-16 08:00:00.000,LHR13,6
2025-07-16 09:00:00.000,LHR13,8
2025-07-16 10:00:00.000,LHR13,4
2025-07-16 11:00:00.000,LHR13,6
2025-07-16 12:00:00.000,LHR13,14
2025-07-16 13:00:00.000,LHR13,11
2025-07-16 14:00:00.000,LHR13,13
2025-07-16 15:00:00.000,LHR13,1
2025-07-16 18:00:00.000,LHR13,2
2025-07-16 19:00:00.000,LHR13,21
2025-07-16 20:00:00.000,LHR13,13
2025-07-17 05:00:00.000,LHR13,7
2025-07-17 06:00:00.000,LHR13,18
2025-07-17 07:00:00.000,LHR13,10
2025-07-17 08:00:00.000,LHR13,9
2025-07-17 09:00:00.000,LHR13,14
2025-07-17 10:00:00.000,LHR13,3
2025-07-17 11:00:00.000,LHR13,10
2025-07-17 12:00:00.000,LHR13,17
2025-07-17 13:00:00.000,LHR13,25
2025-07-17 14:00:00.000,LHR13,9
2025-07-17 15:00:00.000,LHR13,7
2025-07-17 16:00:00.000,LHR13,2
2025-07-17 17:00:00.000,LHR13,10
2025-07-17 19:00:00.000,LHR13,2
2025-07-17 20:00:00.000,LHR13,14
2025-07-17 21:00:00.000,LHR13,1
2025-07-18 05:00:00.000,LHR13,11
2025-07-18 06:00:00.000,LHR13,3
2025-07-18 07:00:00.000,LHR13,10
2025-07-18 08:00:00.000,LHR13,25
2025-07-18 09:00:00.000,LHR13,14
2025-07-18 10:00:00.000,LHR13,6
2025-07-18 11:00:00.000,LHR13,5
2025-07-18 12:00:00.000,LHR13,2
2025-07-18 13:00:00.000,LHR13,3
2025-07-18 18:00:00.000,LHR13,1
2025-07-18 19:00:00.000,LHR13,32
2025-07-18 20:00:00.000,LHR13,9
2025-07-18 21:00:00.000,LHR13,1
2025-07-19 05:00:00.000,LHR13,11
2025-07-19 06:00:00.000,LHR13,15
2025-07-19 07:00:00.000,LHR13,10
2025-07-19 08:00:00.000,LHR13,6
2025-07-19 09:00:00.000,LHR13,4
2025-07-19 10:00:00.000,LHR13,4
2025-07-19 12:00:00.000,LHR13,2
2025-07-19 13:00:00.000,LHR13,7
2025-07-19 16:00:00.000,LHR13,4
2025-07-19 17:00:00.000,LHR13,8
2025-07-19 18:00:00.000,LHR13,6
2025-07-19 19:00:00.000,LHR13,2
2025-07-19 20:00:00.000,LHR13,11
2025-07-20 05:00:00.000,LHR13,15
2025-07-20 06:00:00.000,LHR13,5
2025-07-20 07:00:00.000,LHR13,19
2025-07-20 08:00:00.000,LHR13,11
2025-07-20 09:00:00.000,LHR13,10
2025-07-20 10:00:00.000,LHR13,2
2025-07-20 11:00:00.000,LHR13,7
2025-07-20 12:00:00.000,LHR13,13
2025-07-20 13:00:00.000,LHR13,7
2025-07-20 14:00:00.000,LHR13,4
2025-07-20 15:00:00.000,LHR13,2
2025-07-20 17:00:00.000,LHR13,1
2025-07-20 19:00:00.000,LHR13,15
2025-07-20 20:00:00.000,LHR13,16
2025-07-21 04:00:00.000,LHR13,4
2025-07-21 05:00:00.000,LHR13,14
2025-07-21 06:00:00.000,LHR13,6
2025-07-21 07:00:00.000,LHR13,9
2025-07-21 08:00:00.000,LHR13,11
2025-07-21 09:00:00.000,LHR13,8
2025-07-21 10:00:00.000,LHR13,3
2025-07-21 11:00:00.000,LHR13,2
2025-07-21 12:00:00.000,LHR13,14
2025-07-21 13:00:00.000,LHR13,13
2025-07-21 14:00:00.000,LHR13,18
2025-07-21 16:00:00.000,LHR13,3
2025-07-21 18:00:00.000,LHR13,2
2025-07-21 19:00:00.000,LHR13,12
2025-07-21 20:00:00.000,LHR13,14
2025-07-21 21:00:00.000,LHR13,1
2025-07-22 04:00:00.000,LHR13,2
2025-07-22 05:00:00.000,LHR13,11
2025-07-22 06:00:00.000,LHR13,19
2025-07-22 07:00:00.000,LHR13,23
2025-07-22 08:00:00.000,LHR13,7
2025-07-22 09:00:00.000,LHR13,2
2025-07-22 10:00:00.000,LHR13,2
2025-07-22 11:00:00.000,LHR13,3
2025-07-22 12:00:00.000,LHR13,21
2025-07-22 13:00:00.000,LHR13,8
2025-07-22 14:00:00.000,LHR13,10
2025-07-22 15:00:00.000,LHR13,6
2025-07-22 16:00:00.000,LHR13,5
2025-07-22 17:00:00.000,LHR13,7
2025-07-22 18:00:00.000,LHR13,6
2025-07-22 19:00:00.000,LHR13,23
2025-07-22 20:00:00.000,LHR13,23
2025-07-23 05:00:00.000,LHR13,7
2025-07-23 06:00:00.000,LHR13,4
2025-07-23 07:00:00.000,LHR13,4
2025-07-23 08:00:00.000,LHR13,5
2025-07-23 09:00:00.000,LHR13,8
2025-07-23 11:00:00.000,LHR13,7
2025-07-23 12:00:00.000,LHR13,34
2025-07-23 13:00:00.000,LHR13,21
2025-07-23 14:00:00.000,LHR13,11
2025-07-23 15:00:00.000,LHR13,7
2025-07-23 16:00:00.000,LHR13,6
2025-07-23 17:00:00.000,LHR13,1
2025-07-23 18:00:00.000,LHR13,6
2025-07-23 19:00:00.000,LHR13,26
2025-07-23 20:00:00.000,LHR13,30
2025-07-24 04:00:00.000,LHR13,3
2025-07-24 05:00:00.000,LHR13,11
2025-07-24 06:00:00.000,LHR13,16
2025-07-24 07:00:00.000,LHR13,9
2025-07-24 08:00:00.000,LHR13,19
2025-07-24 09:00:00.000,LHR13,2
2025-07-24 10:00:00.000,LHR13,3
2025-07-24 11:00:00.000,LHR13,12
2025-07-24 12:00:00.000,LHR13,4
2025-07-24 13:00:00.000,LHR13,14
2025-07-24 14:00:00.000,LHR13,8
2025-07-24 15:00:00.000,LHR13,1
2025-07-24 17:00:00.000,LHR13,9
2025-07-24 18:00:00.000,LHR13,1
2025-07-24 19:00:00.000,LHR13,45
2025-07-24 20:00:00.000,LHR13,10
2025-07-25 05:00:00.000,LHR13,9
2025-07-25 06:00:00.000,LHR13,5
2025-07-25 07:00:00.000,LHR13,7
2025-07-25 08:00:00.000,LHR13,13
2025-07-25 09:00:00.000,LHR13,6
2025-07-25 10:00:00.000,LHR13,6
2025-07-25 11:00:00.000,LHR13,1
2025-07-25 12:00:00.000,LHR13,1
2025-07-25 13:00:00.000,LHR13,10
2025-07-25 14:00:00.000,LHR13,6
2025-07-25 15:00:00.000,LHR13,12
2025-07-25 16:00:00.000,LHR13,13
2025-07-25 17:00:00.000,LHR13,3
2025-07-25 18:00:00.000,LHR13,5
2025-07-25 19:00:00.000,LHR13,9
2025-07-25 20:00:00.000,LHR13,14
2025-07-26 05:00:00.000,LHR13,8
2025-07-26 06:00:00.000,LHR13,12
2025-07-26 07:00:00.000,LHR13,10
2025-07-26 08:00:00.000,LHR13,13
2025-07-26 09:00:00.000,LHR13,9
2025-07-26 10:00:00.000,LHR13,1
2025-07-26 11:00:00.000,LHR13,10
2025-07-26 12:00:00.000,LHR13,10
2025-07-26 13:00:00.000,LHR13,8
2025-07-26 14:00:00.000,LHR13,5
2025-07-26 15:00:00.000,LHR13,3
2025-07-26 16:00:00.000,LHR13,7
2025-07-26 17:00:00.000,LHR13,1
2025-07-26 18:00:00.000,LHR13,2
2025-07-26 19:00:00.000,LHR13,1
2025-07-26 20:00:00.000,LHR13,4
2025-07-27 05:00:00.000,LHR13,6
2025-07-27 06:00:00.000,LHR13,31
2025-07-27 07:00:00.000,LHR13,33
2025-07-27 08:00:00.000,LHR13,9
2025-07-27 09:00:00.000,LHR13,4
2025-07-27 10:00:00.000,LHR13,7
2025-07-27 11:00:00.000,LHR13,2
2025-07-27 12:00:00.000,LHR13,1
2025-07-27 13:00:00.000,LHR13,7
2025-07-27 14:00:00.000,LHR13,7
2025-07-27 15:00:00.000,LHR13,11
2025-07-27 16:00:00.000,LHR13,7
2025-07-27 17:00:00.000,LHR13,2
2025-07-27 19:00:00.000,LHR13,5
2025-07-27 20:00:00.000,LHR13,12
2025-07-28 05:00:00.000,LHR13,12
2025-07-28 06:00:00.000,LHR13,13
2025-07-28 07:00:00.000,LHR13,17
2025-07-28 08:00:00.000,LHR13,5
2025-07-28 09:00:00.000,LHR13,11
2025-07-28 10:00:00.000,LHR13,5
2025-07-28 11:00:00.000,LHR13,8
2025-07-28 12:00:00.000,LHR13,24
2025-07-28 13:00:00.000,LHR13,19
2025-07-28 14:00:00.000,LHR13,14
2025-07-28 15:00:00.000,LHR13,5
2025-07-28 16:00:00.000,LHR13,4
2025-07-28 17:00:00.000,LHR13,4
2025-07-28 18:00:00.000,LHR13,3
2025-07-28 19:00:00.000,LHR13,10
2025-07-28 20:00:00.000,LHR13,12
2025-07-28 21:00:00.000,LHR13,2
2025-07-29 04:00:00.000,LHR13,1
2025-07-29 05:00:00.000,LHR13,11
2025-07-29 06:00:00.000,LHR13,18
2025-07-29 08:00:00.000,LHR13,2
2025-07-29 09:00:00.000,LHR13,1
2025-07-29 10:00:00.000,LHR13,1
2025-07-29 11:00:00.000,LHR13,2
2025-07-29 12:00:00.000,LHR13,12
2025-07-29 13:00:00.000,LHR13,5
2025-07-29 14:00:00.000,LHR13,5
2025-07-29 15:00:00.000,LHR13,2
2025-07-29 16:00:00.000,LHR13,2
2025-07-29 18:00:00.000,LHR13,5
2025-07-29 19:00:00.000,LHR13,9
2025-07-29 20:00:00.000,LHR13,25
2025-07-29 21:00:00.000,LHR13,1
2025-07-30 05:00:00.000,LHR13,11
2025-07-30 06:00:00.000,LHR13,15
2025-07-30 08:00:00.000,LHR13,6
2025-07-30 10:00:00.000,LHR13,16
2025-07-30 11:00:00.000,LHR13,1
2025-07-30 12:00:00.000,LHR13,14
2025-07-30 13:00:00.000,LHR13,13
2025-07-30 14:00:00.000,LHR13,11
2025-07-30 15:00:00.000,LHR13,7
2025-07-30 18:00:00.000,LHR13,5
2025-07-30 19:00:00.000,LHR13,4
2025-07-30 21:00:00.000,LHR13,3
2025-07-31 05:00:00.000,LHR13,11
2025-07-31 06:00:00.000,LHR13,13
2025-07-31 07:00:00.000,LHR13,6
2025-07-31 08:00:00.000,LHR13,2
2025-07-31 09:00:00.000,LHR13,5
2025-07-31 10:00:00.000,LHR13,4
2025-07-31 11:00:00.000,LHR13,4
2025-07-31 12:00:00.000,LHR13,4
2025-07-31 13:00:00.000,LHR13,26
2025-07-31 14:00:00.000,LHR13,18
2025-07-31 16:00:00.000,LHR13,4
2025-07-31 17:00:00.000,LHR13,1
2025-07-31 18:00:00.000,LHR13,1
2025-07-31 19:00:00.000,LHR13,5
2025-07-31 20:00:00.000,LHR13,14
2025-07-31 21:00:00.000,LHR13,5
2025-08-01 05:00:00.000,LHR13,6
2025-08-01 06:00:00.000,LHR13,6
2025-08-01 07:00:00.000,LHR13,7
2025-08-01 08:00:00.000,LHR13,6
2025-08-01 09:00:00.000,LHR13,9
2025-08-01 10:00:00.000,LHR13,8
2025-08-01 11:00:00.000,LHR13,9
2025-08-01 12:00:00.000,LHR13,6
2025-08-01 13:00:00.000,LHR13,10
2025-08-01 14:00:00.000,LHR13,3
2025-08-01 15:00:00.000,LHR13,1
2025-08-01 16:00:00.000,LHR13,1
2025-08-01 17:00:00.000,LHR13,3
2025-08-01 18:00:00.000,LHR13,3
2025-08-01 19:00:00.000,LHR13,8
2025-08-01 20:00:00.000,LHR13,12
2025-08-02 05:00:00.000,LHR13,16
2025-08-02 06:00:00.000,LHR13,11
2025-08-02 07:00:00.000,LHR13,16
2025-08-02 08:00:00.000,LHR13,5
2025-08-02 09:00:00.000,LHR13,9
2025-08-02 10:00:00.000,LHR13,4
2025-08-02 11:00:00.000,LHR13,1
2025-08-02 14:00:00.000,LHR13,4
2025-08-02 15:00:00.000,LHR13,14
2025-08-02 16:00:00.000,LHR13,2
2025-08-02 17:00:00.000,LHR13,8
2025-08-02 19:00:00.000,LHR13,5
2025-08-02 20:00:00.000,LHR13,4
2025-08-02 21:00:00.000,LHR13,4
2025-08-03 00:00:00.000,LHR13,1
2025-08-03 05:00:00.000,LHR13,19
2025-08-03 06:00:00.000,LHR13,15
2025-08-03 07:00:00.000,LHR13,10
2025-08-03 08:00:00.000,LHR13,2
2025-08-03 09:00:00.000,LHR13,4
2025-08-03 10:00:00.000,LHR13,6
2025-08-03 11:00:00.000,LHR13,7
2025-08-03 12:00:00.000,LHR13,9
2025-08-03 13:00:00.000,LHR13,5
2025-08-03 14:00:00.000,LHR13,6
2025-08-03 15:00:00.000,LHR13,6
2025-08-03 17:00:00.000,LHR13,2
2025-08-03 18:00:00.000,LHR13,10
2025-08-03 19:00:00.000,LHR13,16
2025-08-03 20:00:00.000,LHR13,10
2025-08-03 21:00:00.000,LHR13,1
2025-08-04 05:00:00.000,LHR13,14
2025-08-04 06:00:00.000,LHR13,3
2025-08-04 07:00:00.000,LHR13,13
2025-08-04 08:00:00.000,LHR13,21
2025-08-04 09:00:00.000,LHR13,3
2025-08-04 10:00:00.000,LHR13,1
2025-08-04 11:00:00.000,LHR13,8
2025-08-04 12:00:00.000,LHR13,12
2025-08-04 13:00:00.000,LHR13,20
2025-08-04 14:00:00.000,LHR13,10
2025-08-04 15:00:00.000,LHR13,1
2025-08-04 16:00:00.000,LHR13,3
2025-08-04 19:00:00.000,LHR13,17
2025-08-04 20:00:00.000,LHR13,16
2025-08-05 05:00:00.000,LHR13,11
2025-08-05 06:00:00.000,LHR13,10
2025-08-05 07:00:00.000,LHR13,13
2025-08-05 08:00:00.000,LHR13,13
2025-08-05 09:00:00.000,LHR13,6
2025-08-05 10:00:00.000,LHR13,8
2025-08-05 11:00:00.000,LHR13,5
2025-08-05 12:00:00.000,LHR13,27
2025-08-05 13:00:00.000,LHR13,8
2025-08-05 14:00:00.000,LHR13,11
2025-08-05 15:00:00.000,LHR13,11
2025-08-05 16:00:00.000,LHR13,2
2025-08-05 17:00:00.000,LHR13,2
2025-08-05 18:00:00.000,LHR13,3
2025-08-05 19:00:00.000,LHR13,15
2025-08-05 20:00:00.000,LHR13,32
2025-08-06 05:00:00.000,LHR13,21
2025-08-06 06:00:00.000,LHR13,10
2025-08-06 08:00:00.000,LHR13,5
2025-08-06 09:00:00.000,LHR13,6
2025-08-06 10:00:00.000,LHR13,7
2025-08-06 11:00:00.000,LHR13,19
2025-08-06 12:00:00.000,LHR13,15
2025-08-06 13:00:00.000,LHR13,7
2025-08-06 14:00:00.000,LHR13,13
2025-08-06 15:00:00.000,LHR13,1
2025-08-06 17:00:00.000,LHR13,2
2025-08-06 18:00:00.000,LHR13,12
2025-08-06 19:00:00.000,LHR13,21
2025-08-06 20:00:00.000,LHR13,11
2025-08-07 05:00:00.000,LHR13,5
2025-08-07 06:00:00.000,LHR13,19
2025-08-07 07:00:00.000,LHR13,4
2025-08-07 08:00:00.000,LHR13,2
2025-08-07 09:00:00.000,LHR13,8
2025-08-07 10:00:00.000,LHR13,2
2025-08-07 11:00:00.000,LHR13,10
2025-08-07 12:00:00.000,LHR13,7
2025-08-07 13:00:00.000,LHR13,14
2025-08-07 14:00:00.000,LHR13,28
2025-08-07 15:00:00.000,LHR13,7
2025-08-07 16:00:00.000,LHR13,5
2025-08-07 17:00:00.000,LHR13,4
2025-08-07 18:00:00.000,LHR13,6
2025-08-07 19:00:00.000,LHR13,10
2025-08-07 20:00:00.000,LHR13,29
2025-08-07 21:00:00.000,LHR13,2
2025-08-08 05:00:00.000,LHR13,9
2025-08-08 06:00:00.000,LHR13,23
2025-08-08 07:00:00.000,LHR13,9
2025-08-08 08:00:00.000,LHR13,8
2025-08-08 09:00:00.000,LHR13,9
2025-08-08 11:00:00.000,LHR13,17
2025-08-08 12:00:00.000,LHR13,39
2025-08-08 13:00:00.000,LHR13,3
2025-08-08 14:00:00.000,LHR13,2
2025-08-08 15:00:00.000,LHR13,4
2025-08-08 16:00:00.000,LHR13,7
2025-08-08 17:00:00.000,LHR13,2
2025-08-08 18:00:00.000,LHR13,2
2025-08-08 19:00:00.000,LHR13,12
2025-08-08 20:00:00.000,LHR13,5
2025-08-09 05:00:00.000,LHR13,14
2025-08-09 06:00:00.000,LHR13,10
2025-08-09 07:00:00.000,LHR13,23
2025-08-09 08:00:00.000,LHR13,1
2025-08-09 09:00:00.000,LHR13,8
2025-08-09 10:00:00.000,LHR13,3
2025-08-09 11:00:00.000,LHR13,10
2025-08-09 12:00:00.000,LHR13,8
2025-08-09 13:00:00.000,LHR13,24
2025-08-09 14:00:00.000,LHR13,18
2025-08-09 15:00:00.000,LHR13,11
2025-08-09 16:00:00.000,LHR13,14
2025-08-09 17:00:00.000,LHR13,7
2025-08-09 18:00:00.000,LHR13,7
2025-08-09 19:00:00.000,LHR13,3
2025-08-09 20:00:00.000,LHR13,1
2025-08-09 21:00:00.000,LHR13,1
2025-08-10 05:00:00.000,LHR13,25
2025-08-10 06:00:00.000,LHR13,15
2025-08-10 07:00:00.000,LHR13,19
2025-08-10 08:00:00.000,LHR13,4
2025-08-10 09:00:00.000,LHR13,4
2025-08-10 10:00:00.000,LHR13,8
2025-08-10 11:00:00.000,LHR13,12
2025-08-10 12:00:00.000,LHR13,25
2025-08-10 13:00:00.000,LHR13,5
2025-08-10 14:00:00.000,LHR13,28
2025-08-10 15:00:00.000,LHR13,7
2025-08-10 17:00:00.000,LHR13,3
2025-08-10 18:00:00.000,LHR13,6
2025-08-10 19:00:00.000,LHR13,27
2025-08-10 20:00:00.000,LHR13,7
2025-08-10 21:00:00.000,LHR13,1
2025-08-11 05:00:00.000,LHR13,4
2025-08-11 06:00:00.000,LHR13,11
2025-08-11 07:00:00.000,LHR13,10
2025-08-11 08:00:00.000,LHR13,4
2025-08-11 10:00:00.000,LHR13,7
2025-08-11 11:00:00.000,LHR13,8
2025-08-11 12:00:00.000,LHR13,6
2025-08-11 13:00:00.000,LHR13,17
2025-08-11 14:00:00.000,LHR13,5
2025-08-11 15:00:00.000,LHR13,2
2025-08-11 16:00:00.000,LHR13,7
2025-08-11 17:00:00.000,LHR13,2
2025-08-11 18:00:00.000,LHR13,2
2025-08-11 19:00:00.000,LHR13,22
2025-08-11 20:00:00.000,LHR13,10
2025-08-12 05:00:00.000,LHR13,8
2025-08-12 06:00:00.000,LHR13,7
2025-08-12 07:00:00.000,LHR13,5
2025-08-12 08:00:00.000,LHR13,6
2025-08-12 09:00:00.000,LHR13,7
2025-08-12 10:00:00.000,LHR13,2
2025-08-12 11:00:00.000,LHR13,4
2025-08-12 12:00:00.000,LHR13,7
2025-08-12 13:00:00.000,LHR13,7
2025-08-12 14:00:00.000,LHR13,10
2025-08-12 16:00:00.000,LHR13,7
2025-08-12 17:00:00.000,LHR13,9
2025-08-12 18:00:00.000,LHR13,1
2025-08-12 19:00:00.000,LHR13,15
2025-08-12 20:00:00.000,LHR13,22
2025-08-13 04:00:00.000,LHR13,2
2025-08-13 05:00:00.000,LHR13,15
2025-08-13 06:00:00.000,LHR13,6
2025-08-13 07:00:00.000,LHR13,1
2025-08-13 08:00:00.000,LHR13,7
2025-08-13 09:00:00.000,LHR13,19
2025-08-13 10:00:00.000,LHR13,8
2025-08-13 11:00:00.000,LHR13,5
2025-08-13 12:00:00.000,LHR13,11
2025-08-13 13:00:00.000,LHR13,15
2025-08-13 14:00:00.000,LHR13,15
2025-08-13 15:00:00.000,LHR13,4
2025-08-13 18:00:00.000,LHR13,4
2025-08-13 19:00:00.000,LHR13,4
2025-08-13 20:00:00.000,LHR13,9
2025-08-14 04:00:00.000,LHR13,4
2025-08-14 05:00:00.000,LHR13,10
2025-08-14 06:00:00.000,LHR13,27
2025-08-14 07:00:00.000,LHR13,5
2025-08-14 08:00:00.000,LHR13,2
2025-08-14 09:00:00.000,LHR13,6
2025-08-14 10:00:00.000,LHR13,1
2025-08-14 11:00:00.000,LHR13,6
2025-08-14 12:00:00.000,LHR13,19
2025-08-14 13:00:00.000,LHR13,8
2025-08-14 14:00:00.000,LHR13,8
2025-08-14 15:00:00.000,LHR13,1
2025-08-14 16:00:00.000,LHR13,4
2025-08-14 17:00:00.000,LHR13,3
2025-08-14 18:00:00.000,LHR13,4
2025-08-14 19:00:00.000,LHR13,29
2025-08-14 20:00:00.000,LHR13,26
2025-08-15 05:00:00.000,LHR13,9
2025-08-15 06:00:00.000,LHR13,4
2025-08-15 08:00:00.000,LHR13,4
2025-08-15 09:00:00.000,LHR13,5
2025-08-15 10:00:00.000,LHR13,5
2025-08-15 11:00:00.000,LHR13,3
2025-08-15 12:00:00.000,LHR13,11
2025-08-15 13:00:00.000,LHR13,2
2025-08-15 14:00:00.000,LHR13,5
2025-08-15 15:00:00.000,LHR13,4
2025-08-15 16:00:00.000,LHR13,5
2025-08-15 17:00:00.000,LHR13,5
2025-08-15 18:00:00.000,LHR13,5
2025-08-15 19:00:00.000,LHR13,7
2025-08-15 20:00:00.000,LHR13,8
2025-08-16 05:00:00.000,LHR13,10
2025-08-16 06:00:00.000,LHR13,10
2025-08-16 07:00:00.000,LHR13,5
2025-08-16 08:00:00.000,LHR13,4
2025-08-16 09:00:00.000,LHR13,15
2025-08-16 10:00:00.000,LHR13,5
2025-08-16 11:00:00.000,LHR13,1
2025-08-16 14:00:00.000,LHR13,13
2025-08-16 15:00:00.000,LHR13,12
2025-08-16 16:00:00.000,LHR13,6
2025-08-16 17:00:00.000,LHR13,7
2025-08-16 18:00:00.000,LHR13,11
2025-08-16 19:00:00.000,LHR13,4
2025-08-16 20:00:00.000,LHR13,3
2025-08-17 05:00:00.000,LHR13,7
2025-08-17 06:00:00.000,LHR13,14
2025-08-17 07:00:00.000,LHR13,12
2025-08-17 08:00:00.000,LHR13,6
2025-08-17 09:00:00.000,LHR13,4
2025-08-17 10:00:00.000,LHR13,5
2025-08-17 11:00:00.000,LHR13,9
2025-08-17 12:00:00.000,LHR13,16
2025-08-17 13:00:00.000,LHR13,4
2025-08-17 14:00:00.000,LHR13,20
2025-08-17 15:00:00.000,LHR13,5
2025-08-17 16:00:00.000,LHR13,6
2025-08-17 18:00:00.000,LHR13,7
2025-08-17 19:00:00.000,LHR13,23
2025-08-17 20:00:00.000,LHR13,18
2025-08-18 04:00:00.000,LHR13,2
2025-08-18 05:00:00.000,LHR13,13
2025-08-18 06:00:00.000,LHR13,13
2025-08-18 07:00:00.000,LHR13,4
2025-08-18 08:00:00.000,LHR13,6
2025-08-18 09:00:00.000,LHR13,1
2025-08-18 10:00:00.000,LHR13,9
2025-08-18 11:00:00.000,LHR13,11
2025-08-18 12:00:00.000,LHR13,9
2025-08-18 13:00:00.000,LHR13,7
2025-08-18 14:00:00.000,LHR13,7
2025-08-18 15:00:00.000,LHR13,9
2025-08-18 16:00:00.000,LHR13,3
2025-08-18 17:00:00.000,LHR13,5
2025-08-18 18:00:00.000,LHR13,15
2025-08-18 19:00:00.000,LHR13,20
2025-08-18 20:00:00.000,LHR13,13
2025-08-19 05:00:00.000,LHR13,15
2025-08-19 06:00:00.000,LHR13,14
2025-08-19 07:00:00.000,LHR13,6
2025-08-19 08:00:00.000,LHR13,4
2025-08-19 09:00:00.000,LHR13,4
2025-08-19 10:00:00.000,LHR13,7
2025-08-19 11:00:00.000,LHR13,13
2025-08-19 12:00:00.000,LHR13,6
2025-08-19 13:00:00.000,LHR13,33
2025-08-19 14:00:00.000,LHR13,22
2025-08-19 16:00:00.000,LHR13,3
2025-08-19 17:00:00.000,LHR13,3
2025-08-19 18:00:00.000,LHR13,4
2025-08-19 19:00:00.000,LHR13,14
2025-08-19 20:00:00.000,LHR13,29
2025-08-20 05:00:00.000,LHR13,16
2025-08-20 06:00:00.000,LHR13,9
2025-08-20 07:00:00.000,LHR13,6
2025-08-20 08:00:00.000,LHR13,9
2025-08-20 10:00:00.000,LHR13,5
2025-08-20 11:00:00.000,LHR13,11
2025-08-20 12:00:00.000,LHR13,5
2025-08-20 13:00:00.000,LHR13,13
2025-08-20 14:00:00.000,LHR13,10
2025-08-20 16:00:00.000,LHR13,1
2025-08-20 17:00:00.000,LHR13,1
2025-08-20 18:00:00.000,LHR13,4
2025-08-20 19:00:00.000,LHR13,7
2025-08-20 20:00:00.000,LHR13,22
2025-08-20 21:00:00.000,LHR13,4
2025-08-21 04:00:00.000,LHR13,2
2025-08-21 05:00:00.000,LHR13,15
2025-08-21 06:00:00.000,LHR13,8
2025-08-21 07:00:00.000,LHR13,3
2025-08-21 08:00:00.000,LHR13,13
2025-08-21 10:00:00.000,LHR13,14
2025-08-21 11:00:00.000,LHR13,11
2025-08-21 12:00:00.000,LHR13,11
2025-08-21 13:00:00.000,LHR13,14
2025-08-21 14:00:00.000,LHR13,16
2025-08-21 15:00:00.000,LHR13,2
2025-08-21 16:00:00.000,LHR13,6
2025-08-21 17:00:00.000,LHR13,4
2025-08-21 18:00:00.000,LHR13,4
2025-08-21 19:00:00.000,LHR13,27
2025-08-21 20:00:00.000,LHR13,23
2025-08-22 05:00:00.000,LHR13,7
2025-08-22 06:00:00.000,LHR13,18
2025-08-22 08:00:00.000,LHR13,2
2025-08-22 09:00:00.000,LHR13,3
2025-08-22 10:00:00.000,LHR13,2
2025-08-22 11:00:00.000,LHR13,2
2025-08-22 12:00:00.000,LHR13,2
2025-08-22 13:00:00.000,LHR13,16
2025-08-22 14:00:00.000,LHR13,11
2025-08-22 15:00:00.000,LHR13,12
2025-08-22 16:00:00.000,LHR13,2
2025-08-22 17:00:00.000,LHR13,2
2025-08-22 18:00:00.000,LHR13,6
2025-08-22 19:00:00.000,LHR13,6
2025-08-22 20:00:00.000,LHR13,9
2025-08-23 05:00:00.000,LHR13,19
2025-08-23 06:00:00.000,LHR13,15
2025-08-23 07:00:00.000,LHR13,2
2025-08-23 08:00:00.000,LHR13,4
2025-08-23 10:00:00.000,LHR13,4
2025-08-23 11:00:00.000,LHR13,2
2025-08-23 12:00:00.000,LHR13,3
2025-08-23 13:00:00.000,LHR13,3
2025-08-23 14:00:00.000,LHR13,5
2025-08-23 15:00:00.000,LHR13,11
2025-08-23 16:00:00.000,LHR13,12
2025-08-23 17:00:00.000,LHR13,3
2025-08-23 18:00:00.000,LHR13,13
2025-08-23 19:00:00.000,LHR13,19
2025-08-23 20:00:00.000,LHR13,5
2025-08-23 21:00:00.000,LHR13,3
2025-08-24 04:00:00.000,LHR13,5
2025-08-24 05:00:00.000,LHR13,8
2025-08-24 06:00:00.000,LHR13,15
2025-08-24 07:00:00.000,LHR13,22
2025-08-24 09:00:00.000,LHR13,4
2025-08-24 10:00:00.000,LHR13,5
2025-08-24 11:00:00.000,LHR13,9
2025-08-24 12:00:00.000,LHR13,24
2025-08-24 13:00:00.000,LHR13,14
2025-08-24 14:00:00.000,LHR13,11
2025-08-24 15:00:00.000,LHR13,13
2025-08-24 17:00:00.000,LHR13,3
2025-08-24 18:00:00.000,LHR13,2
2025-08-24 19:00:00.000,LHR13,29
2025-08-24 20:00:00.000,LHR13,13
2025-08-24 21:00:00.000,LHR13,2
2025-08-25 04:00:00.000,LHR13,10
2025-08-25 05:00:00.000,LHR13,5
2025-08-25 06:00:00.000,LHR13,10
2025-08-25 08:00:00.000,LHR13,11
2025-08-25 09:00:00.000,LHR13,1
2025-08-25 10:00:00.000,LHR13,9
2025-08-25 11:00:00.000,LHR13,8
2025-08-25 12:00:00.000,LHR13,10
2025-08-25 13:00:00.000,LHR13,22
2025-08-25 14:00:00.000,LHR13,8
2025-08-25 15:00:00.000,LHR13,1
2025-08-25 16:00:00.000,LHR13,3
2025-08-25 17:00:00.000,LHR13,7
2025-08-25 18:00:00.000,LHR13,7
2025-08-25 19:00:00.000,LHR13,13
2025-08-25 20:00:00.000,LHR13,14
2025-08-26 05:00:00.000,LHR13,1
2025-08-26 06:00:00.000,LHR13,2
2025-08-26 07:00:00.000,LHR13,20
2025-08-26 08:00:00.000,LHR13,1
2025-08-26 09:00:00.000,LHR13,4
2025-08-26 10:00:00.000,LHR13,3
2025-08-26 11:00:00.000,LHR13,5
2025-08-26 12:00:00.000,LHR13,21
2025-08-26 13:00:00.000,LHR13,23
2025-08-26 14:00:00.000,LHR13,12
2025-08-26 15:00:00.000,LHR13,2
2025-08-26 16:00:00.000,LHR13,4
2025-08-26 19:00:00.000,LHR13,20
2025-08-26 20:00:00.000,LHR13,9
2025-08-27 05:00:00.000,LHR13,2
2025-08-27 06:00:00.000,LHR13,11
2025-08-27 07:00:00.000,LHR13,11
2025-08-27 08:00:00.000,LHR13,5
2025-08-27 09:00:00.000,LHR13,8
2025-08-27 10:00:00.000,LHR13,2
2025-08-27 11:00:00.000,LHR13,10
2025-08-27 12:00:00.000,LHR13,17
2025-08-27 13:00:00.000,LHR13,12
2025-08-27 14:00:00.000,LHR13,20
2025-08-27 16:00:00.000,LHR13,1
2025-08-27 18:00:00.000,LHR13,5
2025-08-27 19:00:00.000,LHR13,14
2025-08-27 20:00:00.000,LHR13,15
2025-08-28 04:00:00.000,LHR13,1
2025-08-28 05:00:00.000,LHR13,6
2025-08-28 06:00:00.000,LHR13,7
2025-08-28 10:00:00.000,LHR13,2
2025-08-28 11:00:00.000,LHR13,6
2025-08-28 12:00:00.000,LHR13,16
2025-08-28 13:00:00.000,LHR13,19
2025-08-28 14:00:00.000,LHR13,9
2025-08-28 15:00:00.000,LHR13,1
2025-08-28 16:00:00.000,LHR13,8
2025-08-28 17:00:00.000,LHR13,3
2025-08-28 18:00:00.000,LHR13,3
2025-08-28 19:00:00.000,LHR13,21
2025-08-28 20:00:00.000,LHR13,10
2025-08-29 05:00:00.000,LHR13,11
2025-08-29 06:00:00.000,LHR13,9
2025-08-29 07:00:00.000,LHR13,8
2025-08-29 10:00:00.000,LHR13,11
2025-08-29 11:00:00.000,LHR13,3
2025-08-29 12:00:00.000,LHR13,3
2025-08-29 13:00:00.000,LHR13,9
2025-08-29 14:00:00.000,LHR13,8
2025-08-29 15:00:00.000,LHR13,8
2025-08-29 16:00:00.000,LHR13,5
2025-08-29 17:00:00.000,LHR13,3
2025-08-29 18:00:00.000,LHR13,4
2025-08-29 19:00:00.000,LHR13,9
2025-08-29 20:00:00.000,LHR13,24
2025-08-29 21:00:00.000,LHR13,2
2025-08-30 04:00:00.000,LHR13,1
2025-08-30 05:00:00.000,LHR13,4
2025-08-30 06:00:00.000,LHR13,12
2025-08-30 07:00:00.000,LHR13,4
2025-08-30 08:00:00.000,LHR13,14
2025-08-30 09:00:00.000,LHR13,6
2025-08-30 10:00:00.000,LHR13,10
2025-08-30 11:00:00.000,LHR13,13
2025-08-30 12:00:00.000,LHR13,12
2025-08-30 13:00:00.000,LHR13,14
2025-08-30 14:00:00.000,LHR13,8
2025-08-30 15:00:00.000,LHR13,2
2025-08-30 16:00:00.000,LHR13,2
2025-08-30 17:00:00.000,LHR13,1
2025-08-30 18:00:00.000,LHR13,1
2025-08-30 19:00:00.000,LHR13,7
2025-08-30 20:00:00.000,LHR13,5
2025-08-31 05:00:00.000,LHR13,12
2025-08-31 06:00:00.000,LHR13,11
2025-08-31 07:00:00.000,LHR13,19
2025-08-31 08:00:00.000,LHR13,5
2025-08-31 09:00:00.000,LHR13,11
2025-08-31 10:00:00.000,LHR13,2
2025-08-31 11:00:00.000,LHR13,4
2025-08-31 12:00:00.000,LHR13,7
2025-08-31 13:00:00.000,LHR13,9
2025-08-31 14:00:00.000,LHR13,13
2025-08-31 16:00:00.000,LHR13,2
2025-08-31 17:00:00.000,LHR13,6
2025-08-31 18:00:00.000,LHR13,3
2025-08-31 19:00:00.000,LHR13,7
2025-08-31 20:00:00.000,LHR13,24
2025-09-01 05:00:00.000,LHR13,14
2025-09-01 06:00:00.000,LHR13,10
2025-09-01 07:00:00.000,LHR13,6
2025-09-01 08:00:00.000,LHR13,2
2025-09-01 09:00:00.000,LHR13,4
2025-09-01 10:00:00.000,LHR13,4
2025-09-01 11:00:00.000,LHR13,8
2025-09-01 12:00:00.000,LHR13,5
2025-09-01 13:00:00.000,LHR13,22
2025-09-01 14:00:00.000,LHR13,12
2025-09-01 16:00:00.000,LHR13,1
2025-09-01 17:00:00.000,LHR13,5
2025-09-01 18:00:00.000,LHR13,2
2025-09-01 19:00:00.000,LHR13,18
2025-09-01 20:00:00.000,LHR13,11
2025-09-02 05:00:00.000,LHR13,8
2025-09-02 06:00:00.000,LHR13,18
2025-09-02 08:00:00.000,LHR13,2
2025-09-02 09:00:00.000,LHR13,5
2025-09-02 11:00:00.000,LHR13,10
2025-09-02 12:00:00.000,LHR13,15
2025-09-02 13:00:00.000,LHR13,4
2025-09-02 14:00:00.000,LHR13,10
2025-09-02 15:00:00.000,LHR13,1
2025-09-02 16:00:00.000,LHR13,2
2025-09-02 17:00:00.000,LHR13,4
2025-09-02 18:00:00.000,LHR13,7
2025-09-02 19:00:00.000,LHR13,13
2025-09-02 20:00:00.000,LHR13,29
2025-09-02 21:00:00.000,LHR13,1
2025-09-03 05:00:00.000,LHR13,7
2025-09-03 06:00:00.000,LHR13,2
2025-09-03 08:00:00.000,LHR13,1
2025-09-03 09:00:00.000,LHR13,3
2025-09-03 10:00:00.000,LHR13,5
2025-09-03 11:00:00.000,LHR13,14
2025-09-03 12:00:00.000,LHR13,6
2025-09-03 13:00:00.000,LHR13,16
2025-09-03 14:00:00.000,LHR13,9
2025-09-03 15:00:00.000,LHR13,16
2025-09-03 16:00:00.000,LHR13,1
2025-09-03 17:00:00.000,LHR13,6
2025-09-03 18:00:00.000,LHR13,3
2025-09-03 19:00:00.000,LHR13,9
2025-09-03 20:00:00.000,LHR13,46
2025-09-03 21:00:00.000,LHR13,1
2025-09-04 05:00:00.000,LHR13,16
2025-09-04 06:00:00.000,LHR13,14
2025-09-04 07:00:00.000,LHR13,3
2025-09-04 08:00:00.000,LHR13,6
2025-09-04 09:00:00.000,LHR13,5
2025-09-04 10:00:00.000,LHR13,5
2025-09-04 11:00:00.000,LHR13,4
2025-09-04 12:00:00.000,LHR13,8
2025-09-04 13:00:00.000,LHR13,10
2025-09-04 14:00:00.000,LHR13,9
2025-09-04 15:00:00.000,LHR13,2
2025-09-04 17:00:00.000,LHR13,1
2025-09-04 18:00:00.000,LHR13,7
2025-09-04 19:00:00.000,LHR13,18
2025-09-04 20:00:00.000,LHR13,19
2025-09-04 21:00:00.000,LHR13,1
2025-09-05 05:00:00.000,LHR13,10
2025-09-05 06:00:00.000,LHR13,10
2025-09-05 07:00:00.000,LHR13,4
2025-09-05 08:00:00.000,LHR13,1
2025-09-05 09:00:00.000,LHR13,1
2025-09-05 13:00:00.000,LHR13,3
2025-09-05 14:00:00.000,LHR13,3
2025-09-05 16:00:00.000,LHR13,2
2025-09-05 17:00:00.000,LHR13,1
2025-09-05 18:00:00.000,LHR13,2
2025-09-05 19:00:00.000,LHR13,12
2025-09-05 20:00:00.000,LHR13,21
2025-09-06 05:00:00.000,LHR13,7
2025-09-06 06:00:00.000,LHR13,11
2025-09-06 08:00:00.000,LHR13,9
2025-09-06 10:00:00.000,LHR13,2
2025-09-06 13:00:00.000,LHR13,9
2025-09-06 20:00:00.000,LHR13,1
2025-09-07 05:00:00.000,LHR13,4
2025-09-07 06:00:00.000,LHR13,8
2025-09-07 07:00:00.000,LHR13,12
2025-09-07 08:00:00.000,LHR13,4
2025-09-07 10:00:00.000,LHR13,3
2025-09-07 11:00:00.000,LHR13,16
2025-09-07 12:00:00.000,LHR13,20
2025-09-07 13:00:00.000,LHR13,22
2025-09-07 14:00:00.000,LHR13,13
2025-09-07 15:00:00.000,LHR13,5
2025-09-07 16:00:00.000,LHR13,3
2025-09-07 17:00:00.000,LHR13,1
2025-09-07 18:00:00.000,LHR13,2
2025-09-07 19:00:00.000,LHR13,11
2025-09-07 20:00:00.000,LHR13,30
2025-09-08 05:00:00.000,LHR13,9
2025-09-08 06:00:00.000,LHR13,14
2025-09-08 07:00:00.000,LHR13,2
2025-09-08 08:00:00.000,LHR13,6
2025-09-08 10:00:00.000,LHR13,4
2025-09-08 11:00:00.000,LHR13,4
2025-09-08 12:00:00.000,LHR13,8
2025-09-08 13:00:00.000,LHR13,9
2025-09-08 14:00:00.000,LHR13,19
2025-09-08 16:00:00.000,LHR13,1
2025-09-08 17:00:00.000,LHR13,1
2025-09-08 18:00:00.000,LHR13,2
2025-09-08 20:00:00.000,LHR13,4
2025-09-08 21:00:00.000,LHR13,10
2025-09-09 05:00:00.000,LHR13,11
2025-09-09 06:00:00.000,LHR13,16
2025-09-09 07:00:00.000,LHR13,3
2025-09-09 08:00:00.000,LHR13,1
2025-09-09 09:00:00.000,LHR13,4
2025-09-09 10:00:00.000,LHR13,9
2025-09-09 11:00:00.000,LHR13,8
2025-09-09 12:00:00.000,LHR13,12
2025-09-09 13:00:00.000,LHR13,10
2025-09-09 14:00:00.000,LHR13,15
2025-09-09 15:00:00.000,LHR13,3
2025-09-09 16:00:00.000,LHR13,2
2025-09-09 17:00:00.000,LHR13,2
2025-09-09 18:00:00.000,LHR13,1
2025-09-09 19:00:00.000,LHR13,14
2025-09-09 20:00:00.000,LHR13,41
2025-09-09 21:00:00.000,LHR13,2
2025-09-10 04:00:00.000,LHR13,2
2025-09-10 05:00:00.000,LHR13,10
2025-09-10 06:00:00.000,LHR13,11
2025-09-10 07:00:00.000,LHR13,20
2025-09-10 08:00:00.000,LHR13,10
2025-09-10 09:00:00.000,LHR13,13
2025-09-10 10:00:00.000,LHR13,10
2025-09-10 11:00:00.000,LHR13,13
2025-09-10 12:00:00.000,LHR13,26
2025-09-10 13:00:00.000,LHR13,4
2025-09-10 14:00:00.000,LHR13,14
2025-09-10 15:00:00.000,LHR13,4
2025-09-10 16:00:00.000,LHR13,4
2025-09-10 17:00:00.000,LHR13,4
2025-09-10 18:00:00.000,LHR13,1
2025-09-10 19:00:00.000,LHR13,16
2025-09-10 20:00:00.000,LHR13,25
2025-09-11 05:00:00.000,LHR13,15
2025-09-11 06:00:00.000,LHR13,17
2025-09-11 07:00:00.000,LHR13,23
2025-09-11 08:00:00.000,LHR13,21
2025-09-11 09:00:00.000,LHR13,2
2025-09-11 10:00:00.000,LHR13,7
2025-09-11 11:00:00.000,LHR13,9
2025-09-11 12:00:00.000,LHR13,18
2025-09-11 13:00:00.000,LHR13,12
2025-09-11 14:00:00.000,LHR13,14
2025-09-11 16:00:00.000,LHR13,5
2025-09-11 17:00:00.000,LHR13,2
2025-09-11 18:00:00.000,LHR13,2
2025-09-11 19:00:00.000,LHR13,4
2025-09-11 20:00:00.000,LHR13,25
2025-09-11 21:00:00.000,LHR13,1
2025-09-12 00:00:00.000,LHR13,5
2025-09-12 05:00:00.000,LHR13,11
2025-09-12 06:00:00.000,LHR13,12
2025-09-12 07:00:00.000,LHR13,4
2025-09-12 08:00:00.000,LHR13,9
2025-09-12 09:00:00.000,LHR13,9
2025-09-12 10:00:00.000,LHR13,7
2025-09-12 11:00:00.000,LHR13,6
2025-09-12 12:00:00.000,LHR13,2
2025-09-12 15:00:00.000,LHR13,1
2025-09-12 16:00:00.000,LHR13,2
2025-09-12 19:00:00.000,LHR13,3
2025-09-12 20:00:00.000,LHR13,8
2025-09-12 21:00:00.000,LHR13,1
2025-09-13 00:00:00.000,LHR13,2
2025-09-13 05:00:00.000,LHR13,13
2025-09-13 06:00:00.000,LHR13,12
2025-09-13 07:00:00.000,LHR13,7
2025-09-13 08:00:00.000,LHR13,8
2025-09-13 09:00:00.000,LHR13,11
2025-09-13 10:00:00.000,LHR13,2
2025-09-13 11:00:00.000,LHR13,8
2025-09-13 13:00:00.000,LHR13,1
2025-09-13 14:00:00.000,LHR13,6
2025-09-13 15:00:00.000,LHR13,1
2025-09-13 18:00:00.000,LHR13,1
2025-09-13 20:00:00.000,LHR13,11
2025-09-14 00:00:00.000,LHR13,4
2025-09-14 05:00:00.000,LHR13,12
2025-09-14 06:00:00.000,LHR13,18
2025-09-14 07:00:00.000,LHR13,20
2025-09-14 08:00:00.000,LHR13,6
2025-09-14 09:00:00.000,LHR13,6
2025-09-14 10:00:00.000,LHR13,7
2025-09-14 11:00:00.000,LHR13,12
2025-09-14 12:00:00.000,LHR13,13
2025-09-14 13:00:00.000,LHR13,20
2025-09-14 14:00:00.000,LHR13,23
2025-09-14 15:00:00.000,LHR13,3
2025-09-14 17:00:00.000,LHR13,4
2025-09-14 18:00:00.000,LHR13,2
2025-09-14 19:00:00.000,LHR13,14
2025-09-14 20:00:00.000,LHR13,24
2025-09-15 05:00:00.000,LHR13,14
2025-09-15 06:00:00.000,LHR13,19
2025-09-15 07:00:00.000,LHR13,8
2025-09-15 09:00:00.000,LHR13,8
2025-09-15 10:00:00.000,LHR13,4
2025-09-15 11:00:00.000,LHR13,4
2025-09-15 12:00:00.000,LHR13,17
2025-09-15 13:00:00.000,LHR13,6
2025-09-15 14:00:00.000,LHR13,23
2025-09-15 15:00:00.000,LHR13,13
2025-09-15 16:00:00.000,LHR13,3
2025-09-15 17:00:00.000,LHR13,2
2025-09-15 19:00:00.000,LHR13,3
2025-09-15 20:00:00.000,LHR13,18
2025-09-15 21:00:00.000,LHR13,4
2025-09-16 05:00:00.000,LHR13,5
2025-09-16 06:00:00.000,LHR13,12
2025-09-16 07:00:00.000,LHR13,16
2025-09-16 08:00:00.000,LHR13,12
2025-09-16 09:00:00.000,LHR13,10
2025-09-16 10:00:00.000,LHR13,9
2025-09-16 11:00:00.000,LHR13,4
2025-09-16 12:00:00.000,LHR13,17
2025-09-16 13:00:00.000,LHR13,23
2025-09-16 14:00:00.000,LHR13,8
2025-09-16 15:00:00.000,LHR13,3
2025-09-16 17:00:00.000,LHR13,7
2025-09-16 19:00:00.000,LHR13,1
2025-09-16 20:00:00.000,LHR13,12
2025-09-17 04:00:00.000,LHR13,1
2025-09-17 05:00:00.000,LHR13,13
2025-09-17 06:00:00.000,LHR13,13
2025-09-17 07:00:00.000,LHR13,21
2025-09-17 08:00:00.000,LHR13,11
2025-09-17 09:00:00.000,LHR13,8
2025-09-17 10:00:00.000,LHR13,2
2025-09-17 11:00:00.000,LHR13,7
2025-09-17 12:00:00.000,LHR13,5
2025-09-17 13:00:00.000,LHR13,16
2025-09-17 14:00:00.000,LHR13,15
2025-09-17 15:00:00.000,LHR13,5
2025-09-17 17:00:00.000,LHR13,3
2025-09-17 18:00:00.000,LHR13,4
2025-09-17 19:00:00.000,LHR13,3
2025-09-17 20:00:00.000,LHR13,16
2025-09-18 05:00:00.000,LHR13,7
2025-09-18 06:00:00.000,LHR13,13
2025-09-18 07:00:00.000,LHR13,13
2025-09-18 08:00:00.000,LHR13,4
2025-09-18 09:00:00.000,LHR13,3
2025-09-18 10:00:00.000,LHR13,2
2025-09-18 11:00:00.000,LHR13,9
2025-09-18 12:00:00.000,LHR13,14
2025-09-18 13:00:00.000,LHR13,12
2025-09-18 14:00:00.000,LHR13,10
2025-09-18 15:00:00.000,LHR13,10
2025-09-18 18:00:00.000,LHR13,7
2025-09-18 19:00:00.000,LHR13,23
2025-09-18 20:00:00.000,LHR13,29
2025-09-18 21:00:00.000,LHR13,4
2025-09-19 05:00:00.000,LHR13,11
2025-09-19 06:00:00.000,LHR13,21
2025-09-19 07:00:00.000,LHR13,6
2025-09-19 08:00:00.000,LHR13,4
2025-09-19 09:00:00.000,LHR13,5
2025-09-19 11:00:00.000,LHR13,5
2025-09-19 12:00:00.000,LHR13,16
2025-09-19 13:00:00.000,LHR13,8
2025-09-19 14:00:00.000,LHR13,4
2025-09-19 15:00:00.000,LHR13,8
2025-09-19 16:00:00.000,LHR13,4
2025-09-19 17:00:00.000,LHR13,11
2025-09-19 18:00:00.000,LHR13,5
2025-09-19 19:00:00.000,LHR13,23
2025-09-19 20:00:00.000,LHR13,20
2025-09-20 05:00:00.000,LHR13,4
2025-09-20 06:00:00.000,LHR13,10
2025-09-20 07:00:00.000,LHR13,10
2025-09-20 08:00:00.000,LHR13,9
2025-09-20 09:00:00.000,LHR13,3
2025-09-20 10:00:00.000,LHR13,3
2025-09-20 11:00:00.000,LHR13,1
2025-09-20 12:00:00.000,LHR13,6
2025-09-20 13:00:00.000,LHR13,4
2025-09-20 15:00:00.000,LHR13,2
2025-09-20 18:00:00.000,LHR13,1
2025-09-20 19:00:00.000,LHR13,1
2025-09-20 20:00:00.000,LHR13,3
2025-09-20 21:00:00.000,LHR13,7
2025-09-21 05:00:00.000,LHR13,14
2025-09-21 06:00:00.000,LHR13,21
2025-09-21 07:00:00.000,LHR13,22
2025-09-21 08:00:00.000,LHR13,16
2025-09-21 09:00:00.000,LHR13,14
2025-09-21 10:00:00.000,LHR13,4
2025-09-21 11:00:00.000,LHR13,17
2025-09-21 12:00:00.000,LHR13,12
2025-09-21 13:00:00.000,LHR13,3
2025-09-21 14:00:00.000,LHR13,9
2025-09-21 16:00:00.000,LHR13,1
2025-09-21 19:00:00.000,LHR13,7
2025-09-21 20:00:00.000,LHR13,18
2025-09-21 21:00:00.000,LHR13,4
2025-09-22 05:00:00.000,LHR13,16
2025-09-22 06:00:00.000,LHR13,16
2025-09-22 07:00:00.000,LHR13,7
2025-09-22 08:00:00.000,LHR13,5
2025-09-22 09:00:00.000,LHR13,6
2025-09-22 10:00:00.000,LHR13,8
2025-09-22 11:00:00.000,LHR13,16
2025-09-22 12:00:00.000,LHR13,11
2025-09-22 13:00:00.000,LHR13,17
2025-09-22 14:00:00.000,LHR13,7
2025-09-22 15:00:00.000,LHR13,6
2025-09-22 16:00:00.000,LHR13,6
2025-09-22 17:00:00.000,LHR13,3
2025-09-22 19:00:00.000,LHR13,2
2025-09-22 20:00:00.000,LHR13,7
2025-09-22 21:00:00.000,LHR13,2
2025-09-23 05:00:00.000,LHR13,3
2025-09-23 06:00:00.000,LHR13,10
2025-09-23 07:00:00.000,LHR13,6
2025-09-23 08:00:00.000,LHR13,5
2025-09-23 09:00:00.000,LHR13,14
2025-09-23 10:00:00.000,LHR13,3
2025-09-23 11:00:00.000,LHR13,2
2025-09-23 13:00:00.000,LHR13,6
2025-09-23 14:00:00.000,LHR13,13
2025-09-23 15:00:00.000,LHR13,4
2025-09-23 17:00:00.000,LHR13,8
2025-09-23 18:00:00.000,LHR13,2
2025-09-23 19:00:00.000,LHR13,2
2025-09-23 21:00:00.000,LHR13,1
2025-09-24 05:00:00.000,LHR13,2
2025-09-24 06:00:00.000,LHR13,17
2025-09-24 07:00:00.000,LHR13,13
2025-09-24 08:00:00.000,LHR13,13
2025-09-24 09:00:00.000,LHR13,9
2025-09-24 10:00:00.000,LHR13,7
2025-09-24 11:00:00.000,LHR13,15
2025-09-24 12:00:00.000,LHR13,2
2025-09-24 13:00:00.000,LHR13,1
2025-09-24 14:00:00.000,LHR13,2
2025-09-24 16:00:00.000,LHR13,3
2025-09-24 19:00:00.000,LHR13,7
2025-09-24 20:00:00.000,LHR13,18
2025-09-25 05:00:00.000,LHR13,13
2025-09-25 06:00:00.000,LHR13,19
2025-09-25 07:00:00.000,LHR13,1
2025-09-25 08:00:00.000,LHR13,9
2025-09-25 09:00:00.000,LHR13,12
2025-09-25 10:00:00.000,LHR13,6
2025-09-25 11:00:00.000,LHR13,13
2025-09-25 12:00:00.000,LHR13,28
2025-09-25 13:00:00.000,LHR13,8
2025-09-25 14:00:00.000,LHR13,13
2025-09-25 16:00:00.000,LHR13,7
2025-09-25 19:00:00.000,LHR13,7
2025-09-25 20:00:00.000,LHR13,17
2025-09-26 00:00:00.000,LHR13,1
2025-09-26 05:00:00.000,LHR13,14
2025-09-26 06:00:00.000,LHR13,14
2025-09-26 07:00:00.000,LHR13,22
2025-09-26 08:00:00.000,LHR13,6
2025-09-26 09:00:00.000,LHR13,5
2025-09-26 10:00:00.000,LHR13,1
2025-09-26 11:00:00.000,LHR13,7
2025-09-26 12:00:00.000,LHR13,9
2025-09-26 13:00:00.000,LHR13,11
2025-09-26 14:00:00.000,LHR13,13
2025-09-26 15:00:00.000,LHR13,5
2025-09-26 16:00:00.000,LHR13,2
2025-09-26 17:00:00.000,LHR13,2
2025-09-26 18:00:00.000,LHR13,5
2025-09-26 19:00:00.000,LHR13,1
2025-09-26 20:00:00.000,LHR13,22
2025-09-26 21:00:00.000,LHR13,1
2025-09-27 05:00:00.000,LHR13,6
2025-09-27 06:00:00.000,LHR13,17
2025-09-27 07:00:00.000,LHR13,13
2025-09-27 08:00:00.000,LHR13,4
2025-09-27 09:00:00.000,LHR13,9
2025-09-27 10:00:00.000,LHR13,2
2025-09-27 11:00:00.000,LHR13,8
2025-09-27 12:00:00.000,LHR13,19
2025-09-27 13:00:00.000,LHR13,12
2025-09-27 14:00:00.000,LHR13,7
2025-09-27 15:00:00.000,LHR13,3
2025-09-27 16:00:00.000,LHR13,1
2025-09-27 17:00:00.000,LHR13,3
2025-09-27 18:00:00.000,LHR13,2
2025-09-27 19:00:00.000,LHR13,3
2025-09-27 20:00:00.000,LHR13,10
2025-09-28 00:00:00.000,LHR13,2
2025-09-28 05:00:00.000,LHR13,6
2025-09-28 06:00:00.000,LHR13,11
2025-09-28 07:00:00.000,LHR13,19
2025-09-28 08:00:00.000,LHR13,10
2025-09-28 09:00:00.000,LHR13,7
2025-09-28 10:00:00.000,LHR13,8
2025-09-28 11:00:00.000,LHR13,11
2025-09-28 12:00:00.000,LHR13,3
2025-09-28 13:00:00.000,LHR13,4
2025-09-28 14:00:00.000,LHR13,3
2025-09-28 15:00:00.000,LHR13,3
2025-09-28 16:00:00.000,LHR13,1
2025-09-28 17:00:00.000,LHR13,2
2025-09-28 19:00:00.000,LHR13,13
2025-09-28 20:00:00.000,LHR13,24
2025-09-29 05:00:00.000,LHR13,3
2025-09-29 06:00:00.000,LHR13,19
2025-09-29 07:00:00.000,LHR13,3
2025-09-29 08:00:00.000,LHR13,6
2025-09-29 09:00:00.000,LHR13,16
2025-09-29 10:00:00.000,LHR13,14
2025-09-29 11:00:00.000,LHR13,11
2025-09-29 12:00:00.000,LHR13,12
2025-09-29 13:00:00.000,LHR13,8
2025-09-29 14:00:00.000,LHR13,12
2025-09-29 15:00:00.000,LHR13,3
2025-09-29 17:00:00.000,LHR13,2
2025-09-29 19:00:00.000,LHR13,1
2025-09-29 20:00:00.000,LHR13,43
2025-09-30 05:00:00.000,LHR13,6
2025-09-30 06:00:00.000,LHR13,28
2025-09-30 07:00:00.000,LHR13,8
2025-09-30 08:00:00.000,LHR13,4
2025-09-30 10:00:00.000,LHR13,2
2025-09-30 11:00:00.000,LHR13,1
2025-09-30 12:00:00.000,LHR13,13
2025-09-30 13:00:00.000,LHR13,13
2025-09-30 14:00:00.000,LHR13,15
2025-09-30 15:00:00.000,LHR13,7
2025-09-30 16:00:00.000,LHR13,2
2025-09-30 17:00:00.000,LHR13,1
2025-09-30 19:00:00.000,LHR13,6
2025-09-30 20:00:00.000,LHR13,15
2025-09-30 21:00:00.000,LHR13,1
2025-07-01 00:00:00.000,LHR14,1
2025-07-01 05:00:00.000,LHR14,44
2025-07-01 06:00:00.000,LHR14,42
2025-07-01 07:00:00.000,LHR14,50
2025-07-01 08:00:00.000,LHR14,55
2025-07-01 09:00:00.000,LHR14,59
2025-07-01 10:00:00.000,LHR14,68
2025-07-01 11:00:00.000,LHR14,59
2025-07-01 12:00:00.000,LHR14,76
2025-07-01 13:00:00.000,LHR14,68
2025-07-01 14:00:00.000,LHR14,42
2025-07-01 15:00:00.000,LHR14,59
2025-07-01 16:00:00.000,LHR14,63
2025-07-01 17:00:00.000,LHR14,57
2025-07-01 18:00:00.000,LHR14,57
2025-07-01 19:00:00.000,LHR14,33
2025-07-01 20:00:00.000,LHR14,5
2025-07-02 05:00:00.000,LHR14,43
2025-07-02 06:00:00.000,LHR14,59
2025-07-02 07:00:00.000,LHR14,78
2025-07-02 08:00:00.000,LHR14,75
2025-07-02 09:00:00.000,LHR14,53
2025-07-02 10:00:00.000,LHR14,66
2025-07-02 11:00:00.000,LHR14,69
2025-07-02 12:00:00.000,LHR14,49
2025-07-02 13:00:00.000,LHR14,64
2025-07-02 14:00:00.000,LHR14,33
2025-07-02 15:00:00.000,LHR14,65
2025-07-02 16:00:00.000,LHR14,64
2025-07-02 17:00:00.000,LHR14,82
2025-07-02 18:00:00.000,LHR14,68
2025-07-02 19:00:00.000,LHR14,30
2025-07-02 20:00:00.000,LHR14,15
2025-07-03 05:00:00.000,LHR14,49
2025-07-03 06:00:00.000,LHR14,53
2025-07-03 07:00:00.000,LHR14,53
2025-07-03 08:00:00.000,LHR14,83
2025-07-03 09:00:00.000,LHR14,30
2025-07-03 10:00:00.000,LHR14,80
2025-07-03 11:00:00.000,LHR14,63
2025-07-03 12:00:00.000,LHR14,54
2025-07-03 13:00:00.000,LHR14,65
2025-07-03 14:00:00.000,LHR14,35
2025-07-03 15:00:00.000,LHR14,70
2025-07-03 16:00:00.000,LHR14,62
2025-07-03 17:00:00.000,LHR14,43
2025-07-03 18:00:00.000,LHR14,72
2025-07-03 19:00:00.000,LHR14,48
2025-07-03 20:00:00.000,LHR14,14
2025-07-04 05:00:00.000,LHR14,57
2025-07-04 06:00:00.000,LHR14,60
2025-07-04 07:00:00.000,LHR14,65
2025-07-04 08:00:00.000,LHR14,67
2025-07-04 09:00:00.000,LHR14,58
2025-07-04 10:00:00.000,LHR14,40
2025-07-04 11:00:00.000,LHR14,57
2025-07-04 12:00:00.000,LHR14,69
2025-07-04 13:00:00.000,LHR14,41
2025-07-04 14:00:00.000,LHR14,70
2025-07-04 15:00:00.000,LHR14,81
2025-07-04 16:00:00.000,LHR14,58
2025-07-04 17:00:00.000,LHR14,57
2025-07-04 18:00:00.000,LHR14,62
2025-07-04 19:00:00.000,LHR14,42
2025-07-04 20:00:00.000,LHR14,21
2025-07-05 05:00:00.000,LHR14,60
2025-07-05 06:00:00.000,LHR14,69
2025-07-05 07:00:00.000,LHR14,80
2025-07-05 08:00:00.000,LHR14,52
2025-07-05 09:00:00.000,LHR14,57
2025-07-05 10:00:00.000,LHR14,46
2025-07-05 11:00:00.000,LHR14,39
2025-07-05 12:00:00.000,LHR14,60
2025-07-05 13:00:00.000,LHR14,49
2025-07-05 14:00:00.000,LHR14,50
2025-07-05 15:00:00.000,LHR14,31
2025-07-05 16:00:00.000,LHR14,39
2025-07-05 17:00:00.000,LHR14,97
2025-07-05 18:00:00.000,LHR14,60
2025-07-05 19:00:00.000,LHR14,48
2025-07-05 20:00:00.000,LHR14,10
2025-07-06 00:00:00.000,LHR14,3
2025-07-06 05:00:00.000,LHR14,63
2025-07-06 06:00:00.000,LHR14,46
2025-07-06 07:00:00.000,LHR14,68
2025-07-06 08:00:00.000,LHR14,47
2025-07-06 09:00:00.000,LHR14,63
2025-07-06 10:00:00.000,LHR14,53
2025-07-06 11:00:00.000,LHR14,52
2025-07-06 12:00:00.000,LHR14,53
2025-07-06 13:00:00.000,LHR14,82
2025-07-06 14:00:00.000,LHR14,78
2025-07-06 15:00:00.000,LHR14,29
2025-07-06 16:00:00.000,LHR14,53
2025-07-06 17:00:00.000,LHR14,79
2025-07-06 18:00:00.000,LHR14,67
2025-07-06 19:00:00.000,LHR14,30
2025-07-06 20:00:00.000,LHR14,19
2025-07-07 05:00:00.000,LHR14,68
2025-07-07 06:00:00.000,LHR14,56
2025-07-07 07:00:00.000,LHR14,63
2025-07-07 08:00:00.000,LHR14,60
2025-07-07 09:00:00.000,LHR14,65
2025-07-07 10:00:00.000,LHR14,69
2025-07-07 11:00:00.000,LHR14,71
2025-07-07 12:00:00.000,LHR14,53
2025-07-07 13:00:00.000,LHR14,51
2025-07-07 14:00:00.000,LHR14,70
2025-07-07 15:00:00.000,LHR14,37
2025-07-07 16:00:00.000,LHR14,63
2025-07-07 17:00:00.000,LHR14,48
2025-07-07 18:00:00.000,LHR14,65
2025-07-07 19:00:00.000,LHR14,23
2025-07-07 20:00:00.000,LHR14,1
2025-07-08 05:00:00.000,LHR14,50
2025-07-08 06:00:00.000,LHR14,70
2025-07-08 07:00:00.000,LHR14,71
2025-07-08 08:00:00.000,LHR14,52
2025-07-08 09:00:00.000,LHR14,88
2025-07-08 10:00:00.000,LHR14,78
2025-07-08 11:00:00.000,LHR14,59
2025-07-08 12:00:00.000,LHR14,76
2025-07-08 13:00:00.000,LHR14,82
2025-07-08 14:00:00.000,LHR14,73
2025-07-08 15:00:00.000,LHR14,51
2025-07-08 16:00:00.000,LHR14,43
2025-07-08 17:00:00.000,LHR14,45
2025-07-08 18:00:00.000,LHR14,54
2025-07-08 19:00:00.000,LHR14,32
2025-07-08 20:00:00.000,LHR14,12
2025-07-09 05:00:00.000,LHR14,45
2025-07-09 06:00:00.000,LHR14,63
2025-07-09 07:00:00.000,LHR14,92
2025-07-09 08:00:00.000,LHR14,59
2025-07-09 09:00:00.000,LHR14,67
2025-07-09 10:00:00.000,LHR14,61
2025-07-09 11:00:00.000,LHR14,67
2025-07-09 12:00:00.000,LHR14,48
2025-07-09 13:00:00.000,LHR14,31
2025-07-09 14:00:00.000,LHR14,55
2025-07-09 15:00:00.000,LHR14,72
2025-07-09 16:00:00.000,LHR14,73
2025-07-09 17:00:00.000,LHR14,74
2025-07-09 18:00:00.000,LHR14,64
2025-07-09 19:00:00.000,LHR14,35
2025-07-09 20:00:00.000,LHR14,4
2025-07-10 05:00:00.000,LHR14,65
2025-07-10 06:00:00.000,LHR14,61
2025-07-10 07:00:00.000,LHR14,74
2025-07-10 08:00:00.000,LHR14,62
2025-07-10 09:00:00.000,LHR14,43
2025-07-10 10:00:00.000,LHR14,87
2025-07-10 11:00:00.000,LHR14,47
2025-07-10 12:00:00.000,LHR14,90
2025-07-10 13:00:00.000,LHR14,65
2025-07-10 14:00:00.000,LHR14,79
2025-07-10 15:00:00.000,LHR14,54
2025-07-10 16:00:00.000,LHR14,64
2025-07-10 17:00:00.000,LHR14,73
2025-07-10 18:00:00.000,LHR14,80
2025-07-10 19:00:00.000,LHR14,39
2025-07-10 20:00:00.000,LHR14,7
2025-07-11 05:00:00.000,LHR14,70
2025-07-11 06:00:00.000,LHR14,82
2025-07-11 07:00:00.000,LHR14,40
2025-07-11 08:00:00.000,LHR14,63
2025-07-11 09:00:00.000,LHR14,83
2025-07-11 10:00:00.000,LHR14,66
2025-07-11 11:00:00.000,LHR14,57
2025-07-11 12:00:00.000,LHR14,80
2025-07-11 13:00:00.000,LHR14,60
2025-07-11 14:00:00.000,LHR14,89
2025-07-11 15:00:00.000,LHR14,51
2025-07-11 16:00:00.000,LHR14,68
2025-07-11 17:00:00.000,LHR14,87
2025-07-11 18:00:00.000,LHR14,75
2025-07-11 19:00:00.000,LHR14,56
2025-07-11 20:00:00.000,LHR14,11
2025-07-12 00:00:00.000,LHR14,2
2025-07-12 05:00:00.000,LHR14,53
2025-07-12 06:00:00.000,LHR14,70
2025-07-12 07:00:00.000,LHR14,93
2025-07-12 08:00:00.000,LHR14,43
2025-07-12 09:00:00.000,LHR14,88
2025-07-12 10:00:00.000,LHR14,42
2025-07-12 11:00:00.000,LHR14,74
2025-07-12 12:00:00.000,LHR14,72
2025-07-12 13:00:00.000,LHR14,61
2025-07-12 14:00:00.000,LHR14,91
2025-07-12 15:00:00.000,LHR14,91
2025-07-12 16:00:00.000,LHR14,36
2025-07-12 17:00:00.000,LHR14,53
2025-07-12 18:00:00.000,LHR14,77
2025-07-12 19:00:00.000,LHR14,16
2025-07-12 20:00:00.000,LHR14,16
2025-07-13 00:00:00.000,LHR14,2
2025-07-13 05:00:00.000,LHR14,80
2025-07-13 06:00:00.000,LHR14,50
2025-07-13 07:00:00.000,LHR14,98
2025-07-13 08:00:00.000,LHR14,71
2025-07-13 09:00:00.000,LHR14,80
2025-07-13 10:00:00.000,LHR14,57
2025-07-13 11:00:00.000,LHR14,54
2025-07-13 12:00:00.000,LHR14,59
2025-07-13 13:00:00.000,LHR14,53
2025-07-13 14:00:00.000,LHR14,63
2025-07-13 15:00:00.000,LHR14,81
2025-07-13 16:00:00.000,LHR14,69
2025-07-13 17:00:00.000,LHR14,69
2025-07-13 18:00:00.000,LHR14,63
2025-07-13 19:00:00.000,LHR14,59
2025-07-13 20:00:00.000,LHR14,15
2025-07-14 00:00:00.000,LHR14,3
2025-07-14 05:00:00.000,LHR14,30
2025-07-14 06:00:00.000,LHR14,86
2025-07-14 07:00:00.000,LHR14,74
2025-07-14 08:00:00.000,LHR14,79
2025-07-14 09:00:00.000,LHR14,30
2025-07-14 10:00:00.000,LHR14,80
2025-07-14 11:00:00.000,LHR14,63
2025-07-14 12:00:00.000,LHR14,69
2025-07-14 13:00:00.000,LHR14,58
2025-07-14 14:00:00.000,LHR14,57
2025-07-14 15:00:00.000,LHR14,58
2025-07-14 16:00:00.000,LHR14,82
2025-07-14 17:00:00.000,LHR14,48
2025-07-14 18:00:00.000,LHR14,88
2025-07-14 19:00:00.000,LHR14,45
2025-07-14 20:00:00.000,LHR14,9
2025-07-15 00:00:00.000,LHR14,4
2025-07-15 05:00:00.000,LHR14,64
2025-07-15 06:00:00.000,LHR14,44
2025-07-15 07:00:00.000,LHR14,40
2025-07-15 08:00:00.000,LHR14,65
2025-07-15 09:00:00.000,LHR14,63
2025-07-15 10:00:00.000,LHR14,65
2025-07-15 11:00:00.000,LHR14,66
2025-07-15 12:00:00.000,LHR14,60
2025-07-15 13:00:00.000,LHR14,94
2025-07-15 14:00:00.000,LHR14,47
2025-07-15 15:00:00.000,LHR14,61
2025-07-15 16:00:00.000,LHR14,78
2025-07-15 17:00:00.000,LHR14,59
2025-07-15 18:00:00.000,LHR14,44
2025-07-15 19:00:00.000,LHR14,25
2025-07-15 20:00:00.000,LHR14,6
2025-07-16 05:00:00.000,LHR14,79
2025-07-16 06:00:00.000,LHR14,48
2025-07-16 07:00:00.000,LHR14,78
2025-07-16 08:00:00.000,LHR14,86
2025-07-16 09:00:00.000,LHR14,55
2025-07-16 10:00:00.000,LHR14,58
2025-07-16 11:00:00.000,LHR14,54
2025-07-16 12:00:00.000,LHR14,75
2025-07-16 13:00:00.000,LHR14,65
2025-07-16 14:00:00.000,LHR14,51
2025-07-16 15:00:00.000,LHR14,78
2025-07-16 16:00:00.000,LHR14,72
2025-07-16 17:00:00.000,LHR14,69
2025-07-16 18:00:00.000,LHR14,62
2025-07-16 19:00:00.000,LHR14,30
2025-07-16 20:00:00.000,LHR14,12
2025-07-17 00:00:00.000,LHR14,5
2025-07-17 05:00:00.000,LHR14,38
2025-07-17 06:00:00.000,LHR14,41
2025-07-17 07:00:00.000,LHR14,65
2025-07-17 08:00:00.000,LHR14,67
2025-07-17 09:00:00.000,LHR14,47
2025-07-17 10:00:00.000,LHR14,65
2025-07-17 11:00:00.000,LHR14,45
2025-07-17 12:00:00.000,LHR14,74
2025-07-17 13:00:00.000,LHR14,60
2025-07-17 14:00:00.000,LHR14,78
2025-07-17 15:00:00.000,LHR14,73
2025-07-17 16:00:00.000,LHR14,66
2025-07-17 17:00:00.000,LHR14,54
2025-07-17 18:00:00.000,LHR14,76
2025-07-17 19:00:00.000,LHR14,32
2025-07-17 20:00:00.000,LHR14,6
2025-07-18 00:00:00.000,LHR14,1
2025-07-18 05:00:00.000,LHR14,74
2025-07-18 06:00:00.000,LHR14,52
2025-07-18 07:00:00.000,LHR14,68
2025-07-18 08:00:00.000,LHR14,62
2025-07-18 09:00:00.000,LHR14,68
2025-07-18 10:00:00.000,LHR14,59
2025-07-18 11:00:00.000,LHR14,62
2025-07-18 12:00:00.000,LHR14,70
2025-07-18 13:00:00.000,LHR14,49
2025-07-18 14:00:00.000,LHR14,60
2025-07-18 15:00:00.000,LHR14,73
2025-07-18 16:00:00.000,LHR14,56
2025-07-18 17:00:00.000,LHR14,81
2025-07-18 18:00:00.000,LHR14,60
2025-07-18 19:00:00.000,LHR14,23
2025-07-18 20:00:00.000,LHR14,14
2025-07-19 05:00:00.000,LHR14,56
2025-07-19 06:00:00.000,LHR14,43
2025-07-19 07:00:00.000,LHR14,48
2025-07-19 08:00:00.000,LHR14,56
2025-07-19 09:00:00.000,LHR14,37
2025-07-19 10:00:00.000,LHR14,56
2025-07-19 11:00:00.000,LHR14,37
2025-07-19 12:00:00.000,LHR14,50
2025-07-19 13:00:00.000,LHR14,71
2025-07-19 14:00:00.000,LHR14,52
2025-07-19 15:00:00.000,LHR14,36
2025-07-19 16:00:00.000,LHR14,54
2025-07-19 17:00:00.000,LHR14,54
2025-07-19 18:00:00.000,LHR14,68
2025-07-19 19:00:00.000,LHR14,47
2025-07-19 20:00:00.000,LHR14,15
2025-07-20 05:00:00.000,LHR14,60
2025-07-20 06:00:00.000,LHR14,64
2025-07-20 07:00:00.000,LHR14,56
2025-07-20 08:00:00.000,LHR14,60
2025-07-20 09:00:00.000,LHR14,76
2025-07-20 10:00:00.000,LHR14,88
2025-07-20 11:00:00.000,LHR14,83
2025-07-20 12:00:00.000,LHR14,71
2025-07-20 13:00:00.000,LHR14,63
2025-07-20 14:00:00.000,LHR14,73
2025-07-20 15:00:00.000,LHR14,88
2025-07-20 16:00:00.000,LHR14,60
2025-07-20 17:00:00.000,LHR14,42
2025-07-20 18:00:00.000,LHR14,57
2025-07-20 19:00:00.000,LHR14,39
2025-07-20 20:00:00.000,LHR14,23
2025-07-21 05:00:00.000,LHR14,73
2025-07-21 06:00:00.000,LHR14,63
2025-07-21 07:00:00.000,LHR14,67
2025-07-21 08:00:00.000,LHR14,70
2025-07-21 09:00:00.000,LHR14,73
2025-07-21 10:00:00.000,LHR14,59
2025-07-21 11:00:00.000,LHR14,71
2025-07-21 12:00:00.000,LHR14,72
2025-07-21 13:00:00.000,LHR14,67
2025-07-21 14:00:00.000,LHR14,53
2025-07-21 15:00:00.000,LHR14,72
2025-07-21 16:00:00.000,LHR14,77
2025-07-21 17:00:00.000,LHR14,46
2025-07-21 18:00:00.000,LHR14,64
2025-07-21 19:00:00.000,LHR14,31
2025-07-21 20:00:00.000,LHR14,15
2025-07-22 00:00:00.000,LHR14,2
2025-07-22 05:00:00.000,LHR14,65
2025-07-22 06:00:00.000,LHR14,41
2025-07-22 07:00:00.000,LHR14,50
2025-07-22 08:00:00.000,LHR14,60
2025-07-22 09:00:00.000,LHR14,56
2025-07-22 10:00:00.000,LHR14,70
2025-07-22 11:00:00.000,LHR14,84
2025-07-22 12:00:00.000,LHR14,83
2025-07-22 13:00:00.000,LHR14,66
2025-07-22 14:00:00.000,LHR14,69
2025-07-22 15:00:00.000,LHR14,66
2025-07-22 16:00:00.000,LHR14,74
2025-07-22 17:00:00.000,LHR14,54
2025-07-22 18:00:00.000,LHR14,30
2025-07-22 19:00:00.000,LHR14,31
2025-07-22 20:00:00.000,LHR14,6
2025-07-23 05:00:00.000,LHR14,47
2025-07-23 06:00:00.000,LHR14,33
2025-07-23 07:00:00.000,LHR14,67
2025-07-23 08:00:00.000,LHR14,76
2025-07-23 09:00:00.000,LHR14,69
2025-07-23 10:00:00.000,LHR14,39
2025-07-23 11:00:00.000,LHR14,79
2025-07-23 12:00:00.000,LHR14,85
2025-07-23 13:00:00.000,LHR14,78
2025-07-23 14:00:00.000,LHR14,39
2025-07-23 15:00:00.000,LHR14,77
2025-07-23 16:00:00.000,LHR14,64
2025-07-23 17:00:00.000,LHR14,69
2025-07-23 18:00:00.000,LHR14,70
2025-07-23 19:00:00.000,LHR14,36
2025-07-23 20:00:00.000,LHR14,7
2025-07-24 00:00:00.000,LHR14,3
2025-07-24 05:00:00.000,LHR14,56
2025-07-24 06:00:00.000,LHR14,80
2025-07-24 07:00:00.000,LHR14,60
2025-07-24 08:00:00.000,LHR14,38
2025-07-24 09:00:00.000,LHR14,75
2025-07-24 10:00:00.000,LHR14,67
2025-07-24 11:00:00.000,LHR14,76
2025-07-24 12:00:00.000,LHR14,76
2025-07-24 13:00:00.000,LHR14,54
2025-07-24 14:00:00.000,LHR14,35
2025-07-24 15:00:00.000,LHR14,65
2025-07-24 16:00:00.000,LHR14,60
2025-07-24 17:00:00.000,LHR14,71
2025-07-24 18:00:00.000,LHR14,76
2025-07-24 19:00:00.000,LHR14,44
2025-07-24 20:00:00.000,LHR14,11
2025-07-25 05:00:00.000,LHR14,62
2025-07-25 06:00:00.000,LHR14,56
2025-07-25 07:00:00.000,LHR14,57
2025-07-25 08:00:00.000,LHR14,87
2025-07-25 09:00:00.000,LHR14,69
2025-07-25 10:00:00.000,LHR14,62
2025-07-25 11:00:00.000,LHR14,48
2025-07-25 12:00:00.000,LHR14,76
2025-07-25 13:00:00.000,LHR14,58
2025-07-25 14:00:00.000,LHR14,69
2025-07-25 15:00:00.000,LHR14,73
2025-07-25 16:00:00.000,LHR14,61
2025-07-25 17:00:00.000,LHR14,62
2025-07-25 18:00:00.000,LHR14,57
2025-07-25 19:00:00.000,LHR14,49
2025-07-25 20:00:00.000,LHR14,10
2025-07-26 05:00:00.000,LHR14,74
2025-07-26 06:00:00.000,LHR14,57
2025-07-26 07:00:00.000,LHR14,67
2025-07-26 08:00:00.000,LHR14,39
2025-07-26 09:00:00.000,LHR14,74
2025-07-26 10:00:00.000,LHR14,53
2025-07-26 11:00:00.000,LHR14,91
2025-07-26 12:00:00.000,LHR14,77
2025-07-26 13:00:00.000,LHR14,59
2025-07-26 14:00:00.000,LHR14,84
2025-07-26 15:00:00.000,LHR14,56
2025-07-26 16:00:00.000,LHR14,67
2025-07-26 17:00:00.000,LHR14,67
2025-07-26 18:00:00.000,LHR14,77
2025-07-26 19:00:00.000,LHR14,41
2025-07-26 20:00:00.000,LHR14,9
2025-07-27 05:00:00.000,LHR14,44
2025-07-27 06:00:00.000,LHR14,48
2025-07-27 07:00:00.000,LHR14,56
2025-07-27 08:00:00.000,LHR14,67
2025-07-27 09:00:00.000,LHR14,76
2025-07-27 10:00:00.000,LHR14,71
2025-07-27 11:00:00.000,LHR14,62
2025-07-27 12:00:00.000,LHR14,69
2025-07-27 13:00:00.000,LHR14,65
2025-07-27 14:00:00.000,LHR14,82
2025-07-27 15:00:00.000,LHR14,77
2025-07-27 16:00:00.000,LHR14,90
2025-07-27 17:00:00.000,LHR14,58
2025-07-27 18:00:00.000,LHR14,66
2025-07-27 19:00:00.000,LHR14,45
2025-07-27 20:00:00.000,LHR14,8
2025-07-28 05:00:00.000,LHR14,48
2025-07-28 06:00:00.000,LHR14,49
2025-07-28 07:00:00.000,LHR14,68
2025-07-28 08:00:00.000,LHR14,65
2025-07-28 09:00:00.000,LHR14,66
2025-07-28 10:00:00.000,LHR14,58
2025-07-28 11:00:00.000,LHR14,81
2025-07-28 12:00:00.000,LHR14,75
2025-07-28 13:00:00.000,LHR14,64
2025-07-28 14:00:00.000,LHR14,75
2025-07-28 15:00:00.000,LHR14,71
2025-07-28 16:00:00.000,LHR14,66
2025-07-28 17:00:00.000,LHR14,78
2025-07-28 18:00:00.000,LHR14,42
2025-07-28 19:00:00.000,LHR14,31
2025-07-28 20:00:00.000,LHR14,4
2025-07-29 05:00:00.000,LHR14,58
2025-07-29 06:00:00.000,LHR14,62
2025-07-29 07:00:00.000,LHR14,88
2025-07-29 08:00:00.000,LHR14,74
2025-07-29 09:00:00.000,LHR14,77
2025-07-29 10:00:00.000,LHR14,79
2025-07-29 11:00:00.000,LHR14,81
2025-07-29 12:00:00.000,LHR14,79
2025-07-29 13:00:00.000,LHR14,77
2025-07-29 14:00:00.000,LHR14,56
2025-07-29 15:00:00.000,LHR14,58
2025-07-29 16:00:00.000,LHR14,47
2025-07-29 17:00:00.000,LHR14,63
2025-07-29 18:00:00.000,LHR14,49
2025-07-29 19:00:00.000,LHR14,39
2025-07-29 20:00:00.000,LHR14,8
2025-07-30 05:00:00.000,LHR14,59
2025-07-30 06:00:00.000,LHR14,59
2025-07-30 07:00:00.000,LHR14,59
2025-07-30 08:00:00.000,LHR14,66
2025-07-30 09:00:00.000,LHR14,73
2025-07-30 10:00:00.000,LHR14,61
2025-07-30 11:00:00.000,LHR14,76
2025-07-30 12:00:00.000,LHR14,81
2025-07-30 13:00:00.000,LHR14,73
2025-07-30 14:00:00.000,LHR14,57
2025-07-30 15:00:00.000,LHR14,85
2025-07-30 16:00:00.000,LHR14,33
2025-07-30 17:00:00.000,LHR14,61
2025-07-30 18:00:00.000,LHR14,49
2025-07-30 19:00:00.000,LHR14,59
2025-07-30 20:00:00.000,LHR14,14
2025-07-31 05:00:00.000,LHR14,62
2025-07-31 06:00:00.000,LHR14,77
2025-07-31 07:00:00.000,LHR14,74
2025-07-31 08:00:00.000,LHR14,75
2025-07-31 09:00:00.000,LHR14,41
2025-07-31 10:00:00.000,LHR14,82
2025-07-31 11:00:00.000,LHR14,61
2025-07-31 12:00:00.000,LHR14,56
2025-07-31 13:00:00.000,LHR14,87
2025-07-31 14:00:00.000,LHR14,63
2025-07-31 15:00:00.000,LHR14,28
2025-07-31 16:00:00.000,LHR14,75
2025-07-31 17:00:00.000,LHR14,60
2025-07-31 18:00:00.000,LHR14,66
2025-07-31 19:00:00.000,LHR14,67
2025-07-31 20:00:00.000,LHR14,14
2025-08-01 00:00:00.000,LHR14,1
2025-08-01 05:00:00.000,LHR14,37
2025-08-01 06:00:00.000,LHR14,53
2025-08-01 07:00:00.000,LHR14,45
2025-08-01 08:00:00.000,LHR14,88
2025-08-01 09:00:00.000,LHR14,39
2025-08-01 10:00:00.000,LHR14,56
2025-08-01 11:00:00.000,LHR14,62
2025-08-01 12:00:00.000,LHR14,99
2025-08-01 13:00:00.000,LHR14,63
2025-08-01 14:00:00.000,LHR14,59
2025-08-01 15:00:00.000,LHR14,71
2025-08-01 16:00:00.000,LHR14,80
2025-08-01 17:00:00.000,LHR14,58
2025-08-01 18:00:00.000,LHR14,75
2025-08-01 19:00:00.000,LHR14,35
2025-08-01 20:00:00.000,LHR14,8
2025-08-02 00:00:00.000,LHR14,2
2025-08-02 05:00:00.000,LHR14,42
2025-08-02 06:00:00.000,LHR14,59
2025-08-02 07:00:00.000,LHR14,65
2025-08-02 08:00:00.000,LHR14,65
2025-08-02 09:00:00.000,LHR14,65
2025-08-02 10:00:00.000,LHR14,67
2025-08-02 11:00:00.000,LHR14,44
2025-08-02 12:00:00.000,LHR14,37
2025-08-02 13:00:00.000,LHR14,65
2025-08-02 14:00:00.000,LHR14,63
2025-08-02 15:00:00.000,LHR14,94
2025-08-02 16:00:00.000,LHR14,47
2025-08-02 17:00:00.000,LHR14,64
2025-08-02 18:00:00.000,LHR14,40
2025-08-02 19:00:00.000,LHR14,32
2025-08-02 20:00:00.000,LHR14,10
2025-08-03 00:00:00.000,LHR14,2
2025-08-03 05:00:00.000,LHR14,68
2025-08-03 06:00:00.000,LHR14,64
2025-08-03 07:00:00.000,LHR14,55
2025-08-03 08:00:00.000,LHR14,66
2025-08-03 09:00:00.000,LHR14,99
2025-08-03 10:00:00.000,LHR14,50
2025-08-03 11:00:00.000,LHR14,40
2025-08-03 12:00:00.000,LHR14,79
2025-08-03 13:00:00.000,LHR14,53
2025-08-03 14:00:00.000,LHR14,62
2025-08-03 15:00:00.000,LHR14,66
2025-08-03 16:00:00.000,LHR14,66
2025-08-03 17:00:00.000,LHR14,63
2025-08-03 18:00:00.000,LHR14,70
2025-08-03 19:00:00.000,LHR14,45
2025-08-03 20:00:00.000,LHR14,15
2025-08-04 00:00:00.000,LHR14,2
2025-08-04 05:00:00.000,LHR14,59
2025-08-04 06:00:00.000,LHR14,50
2025-08-04 07:00:00.000,LHR14,69
2025-08-04 08:00:00.000,LHR14,78
2025-08-04 09:00:00.000,LHR14,67
2025-08-04 10:00:00.000,LHR14,89
2025-08-04 11:00:00.000,LHR14,60
2025-08-04 12:00:00.000,LHR14,68
2025-08-04 13:00:00.000,LHR14,54
2025-08-04 14:00:00.000,LHR14,47
2025-08-04 15:00:00.000,LHR14,64
2025-08-04 16:00:00.000,LHR14,39
2025-08-04 17:00:00.000,LHR14,43
2025-08-04 18:00:00.000,LHR14,27
2025-08-04 19:00:00.000,LHR14,34
2025-08-04 20:00:00.000,LHR14,14
2025-08-05 00:00:00.000,LHR14,3
2025-08-05 05:00:00.000,LHR14,55
2025-08-05 06:00:00.000,LHR14,62
2025-08-05 07:00:00.000,LHR14,76
2025-08-05 08:00:00.000,LHR14,74
2025-08-05 09:00:00.000,LHR14,59
2025-08-05 10:00:00.000,LHR14,64
2025-08-05 11:00:00.000,LHR14,58
2025-08-05 12:00:00.000,LHR14,54
2025-08-05 13:00:00.000,LHR14,74
2025-08-05 14:00:00.000,LHR14,81
2025-08-05 15:00:00.000,LHR14,51
2025-08-05 16:00:00.000,LHR14,58
2025-08-05 17:00:00.000,LHR14,56
2025-08-05 18:00:00.000,LHR14,42
2025-08-05 19:00:00.000,LHR14,41
2025-08-05 20:00:00.000,LHR14,3
2025-08-06 00:00:00.000,LHR14,6
2025-08-06 05:00:00.000,LHR14,51
2025-08-06 06:00:00.000,LHR14,78
2025-08-06 07:00:00.000,LHR14,65
2025-08-06 08:00:00.000,LHR14,79
2025-08-06 09:00:00.000,LHR14,73
2025-08-06 10:00:00.000,LHR14,102
2025-08-06 11:00:00.000,LHR14,67
2025-08-06 12:00:00.000,LHR14,73
2025-08-06 13:00:00.000,LHR14,82
2025-08-06 14:00:00.000,LHR14,79
2025-08-06 15:00:00.000,LHR14,58
2025-08-06 16:00:00.000,LHR14,72
2025-08-06 17:00:00.000,LHR14,49
2025-08-06 18:00:00.000,LHR14,81
2025-08-06 19:00:00.000,LHR14,39
2025-08-06 20:00:00.000,LHR14,8
2025-08-07 05:00:00.000,LHR14,77
2025-08-07 06:00:00.000,LHR14,66
2025-08-07 07:00:00.000,LHR14,84
2025-08-07 08:00:00.000,LHR14,59
2025-08-07 09:00:00.000,LHR14,62
2025-08-07 10:00:00.000,LHR14,46
2025-08-07 11:00:00.000,LHR14,65
2025-08-07 12:00:00.000,LHR14,99
2025-08-07 13:00:00.000,LHR14,79
2025-08-07 14:00:00.000,LHR14,43
2025-08-07 15:00:00.000,LHR14,66
2025-08-07 16:00:00.000,LHR14,54
2025-08-07 17:00:00.000,LHR14,66
2025-08-07 18:00:00.000,LHR14,69
2025-08-07 19:00:00.000,LHR14,55
2025-08-07 20:00:00.000,LHR14,13
2025-08-08 00:00:00.000,LHR14,7
2025-08-08 05:00:00.000,LHR14,56
2025-08-08 06:00:00.000,LHR14,56
2025-08-08 07:00:00.000,LHR14,27
2025-08-08 08:00:00.000,LHR14,61
2025-08-08 09:00:00.000,LHR14,71
2025-08-08 10:00:00.000,LHR14,96
2025-08-08 11:00:00.000,LHR14,87
2025-08-08 12:00:00.000,LHR14,74
2025-08-08 13:00:00.000,LHR14,55
2025-08-08 14:00:00.000,LHR14,68
2025-08-08 15:00:00.000,LHR14,73
2025-08-08 16:00:00.000,LHR14,71
2025-08-08 17:00:00.000,LHR14,54
2025-08-08 18:00:00.000,LHR14,74
2025-08-08 19:00:00.000,LHR14,63
2025-08-08 20:00:00.000,LHR14,11
2025-08-09 00:00:00.000,LHR14,2
2025-08-09 05:00:00.000,LHR14,72
2025-08-09 06:00:00.000,LHR14,62
2025-08-09 07:00:00.000,LHR14,51
2025-08-09 08:00:00.000,LHR14,65
2025-08-09 09:00:00.000,LHR14,42
2025-08-09 10:00:00.000,LHR14,67
2025-08-09 11:00:00.000,LHR14,59
2025-08-09 12:00:00.000,LHR14,54
2025-08-09 13:00:00.000,LHR14,65
2025-08-09 14:00:00.000,LHR14,61
2025-08-09 15:00:00.000,LHR14,86
2025-08-09 16:00:00.000,LHR14,50
2025-08-09 17:00:00.000,LHR14,55
2025-08-09 18:00:00.000,LHR14,48
2025-08-09 19:00:00.000,LHR14,16
2025-08-09 20:00:00.000,LHR14,7
2025-08-10 00:00:00.000,LHR14,4
2025-08-10 05:00:00.000,LHR14,55
2025-08-10 06:00:00.000,LHR14,46
2025-08-10 07:00:00.000,LHR14,45
2025-08-10 08:00:00.000,LHR14,53
2025-08-10 09:00:00.000,LHR14,77
2025-08-10 10:00:00.000,LHR14,61
2025-08-10 11:00:00.000,LHR14,68
2025-08-10 12:00:00.000,LHR14,94
2025-08-10 13:00:00.000,LHR14,63
2025-08-10 14:00:00.000,LHR14,75
2025-08-10 15:00:00.000,LHR14,45
2025-08-10 16:00:00.000,LHR14,48
2025-08-10 17:00:00.000,LHR14,52
2025-08-10 18:00:00.000,LHR14,50
2025-08-10 19:00:00.000,LHR14,54
2025-08-10 20:00:00.000,LHR14,4
2025-08-11 05:00:00.000,LHR14,68
2025-08-11 06:00:00.000,LHR14,44
2025-08-11 07:00:00.000,LHR14,50
2025-08-11 08:00:00.000,LHR14,56
2025-08-11 09:00:00.000,LHR14,78
2025-08-11 10:00:00.000,LHR14,67
2025-08-11 11:00:00.000,LHR14,53
2025-08-11 12:00:00.000,LHR14,64
2025-08-11 13:00:00.000,LHR14,44
2025-08-11 14:00:00.000,LHR14,61
2025-08-11 15:00:00.000,LHR14,69
2025-08-11 16:00:00.000,LHR14,53
2025-08-11 17:00:00.000,LHR14,57
2025-08-11 18:00:00.000,LHR14,53
2025-08-11 19:00:00.000,LHR14,25
2025-08-11 20:00:00.000,LHR14,11
2025-08-12 00:00:00.000,LHR14,1
2025-08-12 05:00:00.000,LHR14,49
2025-08-12 06:00:00.000,LHR14,60
2025-08-12 07:00:00.000,LHR14,54
2025-08-12 08:00:00.000,LHR14,60
2025-08-12 09:00:00.000,LHR14,54
2025-08-12 10:00:00.000,LHR14,70
2025-08-12 11:00:00.000,LHR14,98
2025-08-12 12:00:00.000,LHR14,55
2025-08-12 13:00:00.000,LHR14,72
2025-08-12 14:00:00.000,LHR14,80
2025-08-12 15:00:00.000,LHR14,78
2025-08-12 16:00:00.000,LHR14,76
2025-08-12 17:00:00.000,LHR14,72
2025-08-12 18:00:00.000,LHR14,46
2025-08-12 19:00:00.000,LHR14,28
2025-08-12 20:00:00.000,LHR14,9
2025-08-13 00:00:00.000,LHR14,3
2025-08-13 05:00:00.000,LHR14,35
2025-08-13 06:00:00.000,LHR14,40
2025-08-13 07:00:00.000,LHR14,55
2025-08-13 08:00:00.000,LHR14,53
2025-08-13 09:00:00.000,LHR14,58
2025-08-13 10:00:00.000,LHR14,44
2025-08-13 11:00:00.000,LHR14,78
2025-08-13 12:00:00.000,LHR14,47
2025-08-13 13:00:00.000,LHR14,53
2025-08-13 14:00:00.000,LHR14,53
2025-08-13 15:00:00.000,LHR14,70
2025-08-13 16:00:00.000,LHR14,54
2025-08-13 17:00:00.000,LHR14,67
2025-08-13 18:00:00.000,LHR14,54
2025-08-13 19:00:00.000,LHR14,44
2025-08-13 20:00:00.000,LHR14,9
2025-08-14 00:00:00.000,LHR14,3
2025-08-14 05:00:00.000,LHR14,49
2025-08-14 06:00:00.000,LHR14,46
2025-08-14 07:00:00.000,LHR14,45
2025-08-14 08:00:00.000,LHR14,62
2025-08-14 09:00:00.000,LHR14,72
2025-08-14 10:00:00.000,LHR14,46
2025-08-14 11:00:00.000,LHR14,57
2025-08-14 12:00:00.000,LHR14,86
2025-08-14 13:00:00.000,LHR14,63
2025-08-14 14:00:00.000,LHR14,75
2025-08-14 15:00:00.000,LHR14,41
2025-08-14 16:00:00.000,LHR14,67
2025-08-14 17:00:00.000,LHR14,70
2025-08-14 18:00:00.000,LHR14,77
2025-08-14 19:00:00.000,LHR14,43
2025-08-14 20:00:00.000,LHR14,5
2025-08-15 05:00:00.000,LHR14,70
2025-08-15 06:00:00.000,LHR14,47
2025-08-15 07:00:00.000,LHR14,77
2025-08-15 08:00:00.000,LHR14,61
2025-08-15 09:00:00.000,LHR14,45
2025-08-15 10:00:00.000,LHR14,43
2025-08-15 11:00:00.000,LHR14,54
2025-08-15 12:00:00.000,LHR14,81
2025-08-15 13:00:00.000,LHR14,63
2025-08-15 14:00:00.000,LHR14,59
2025-08-15 15:00:00.000,LHR14,66
2025-08-15 16:00:00.000,LHR14,65
2025-08-15 17:00:00.000,LHR14,85
2025-08-15 18:00:00.000,LHR14,58
2025-08-15 19:00:00.000,LHR14,35
2025-08-15 20:00:00.000,LHR14,14
2025-08-16 00:00:00.000,LHR14,5
2025-08-16 05:00:00.000,LHR14,79
2025-08-16 06:00:00.000,LHR14,42
2025-08-16 07:00:00.000,LHR14,63
2025-08-16 08:00:00.000,LHR14,64
2025-08-16 09:00:00.000,LHR14,29
2025-08-16 10:00:00.000,LHR14,58
2025-08-16 11:00:00.000,LHR14,58
2025-08-16 12:00:00.000,LHR14,55
2025-08-16 13:00:00.000,LHR14,60
2025-08-16 14:00:00.000,LHR14,58
2025-08-16 15:00:00.000,LHR14,46
2025-08-16 16:00:00.000,LHR14,55
2025-08-16 17:00:00.000,LHR14,79
2025-08-16 18:00:00.000,LHR14,50
2025-08-16 19:00:00.000,LHR14,39
2025-08-16 20:00:00.000,LHR14,3
2025-08-17 00:00:00.000,LHR14,5
2025-08-17 05:00:00.000,LHR14,54
2025-08-17 06:00:00.000,LHR14,52
2025-08-17 07:00:00.000,LHR14,62
2025-08-17 08:00:00.000,LHR14,85
2025-08-17 09:00:00.000,LHR14,94
2025-08-17 10:00:00.000,LHR14,50
2025-08-17 11:00:00.000,LHR14,56
2025-08-17 12:00:00.000,LHR14,63
2025-08-17 13:00:00.000,LHR14,84
2025-08-17 14:00:00.000,LHR14,70
2025-08-17 15:00:00.000,LHR14,81
2025-08-17 16:00:00.000,LHR14,64
2025-08-17 17:00:00.000,LHR14,72
2025-08-17 18:00:00.000,LHR14,52
2025-08-17 19:00:00.000,LHR14,37
2025-08-17 20:00:00.000,LHR14,3
2025-08-18 00:00:00.000,LHR14,4
2025-08-18 05:00:00.000,LHR14,89
2025-08-18 06:00:00.000,LHR14,66
2025-08-18 07:00:00.000,LHR14,72
2025-08-18 08:00:00.000,LHR14,73
2025-08-18 09:00:00.000,LHR14,66
2025-08-18 10:00:00.000,LHR14,78
2025-08-18 11:00:00.000,LHR14,49
2025-08-18 12:00:00.000,LHR14,73
2025-08-18 13:00:00.000,LHR14,70
2025-08-18 14:00:00.000,LHR14,50
2025-08-18 15:00:00.000,LHR14,49
2025-08-18 16:00:00.000,LHR14,56
2025-08-18 17:00:00.000,LHR14,63
2025-08-18 18:00:00.000,LHR14,63
2025-08-18 19:00:00.000,LHR14,22
2025-08-18 20:00:00.000,LHR14,4
2025-08-19 00:00:00.000,LHR14,2
2025-08-19 05:00:00.000,LHR14,45
2025-08-19 06:00:00.000,LHR14,70
2025-08-19 07:00:00.000,LHR14,50
2025-08-19 08:00:00.000,LHR14,71
2025-08-19 09:00:00.000,LHR14,53
2025-08-19 10:00:00.000,LHR14,84
2025-08-19 11:00:00.000,LHR14,45
2025-08-19 12:00:00.000,LHR14,86
2025-08-19 13:00:00.000,LHR14,58
2025-08-19 14:00:00.000,LHR14,60
2025-08-19 15:00:00.000,LHR14,84
2025-08-19 16:00:00.000,LHR14,63
2025-08-19 17:00:00.000,LHR14,63
2025-08-19 18:00:00.000,LHR14,50
2025-08-19 19:00:00.000,LHR14,47
2025-08-19 20:00:00.000,LHR14,12
2025-08-20 00:00:00.000,LHR14,4
2025-08-20 05:00:00.000,LHR14,46
2025-08-20 06:00:00.000,LHR14,51
2025-08-20 07:00:00.000,LHR14,59
2025-08-20 08:00:00.000,LHR14,78
2025-08-20 09:00:00.000,LHR14,66
2025-08-20 10:00:00.000,LHR14,53
2025-08-20 11:00:00.000,LHR14,65
2025-08-20 12:00:00.000,LHR14,76
2025-08-20 13:00:00.000,LHR14,49
2025-08-20 14:00:00.000,LHR14,72
2025-08-20 15:00:00.000,LHR14,63
2025-08-20 16:00:00.000,LHR14,47
2025-08-20 17:00:00.000,LHR14,71
2025-08-20 18:00:00.000,LHR14,60
2025-08-20 19:00:00.000,LHR14,50
2025-08-20 20:00:00.000,LHR14,7
2025-08-21 05:00:00.000,LHR14,71
2025-08-21 06:00:00.000,LHR14,57
2025-08-21 07:00:00.000,LHR14,61
2025-08-21 08:00:00.000,LHR14,54
2025-08-21 09:00:00.000,LHR14,76
2025-08-21 10:00:00.000,LHR14,45
2025-08-21 11:00:00.000,LHR14,41
2025-08-21 12:00:00.000,LHR14,62
2025-08-21 13:00:00.000,LHR14,69
2025-08-21 14:00:00.000,LHR14,50
2025-08-21 15:00:00.000,LHR14,74
2025-08-21 16:00:00.000,LHR14,53
2025-08-21 17:00:00.000,LHR14,59
2025-08-21 18:00:00.000,LHR14,90
2025-08-21 19:00:00.000,LHR14,30
2025-08-21 20:00:00.000,LHR14,2
2025-08-22 05:00:00.000,LHR14,71
2025-08-22 06:00:00.000,LHR14,73
2025-08-22 07:00:00.000,LHR14,72
2025-08-22 08:00:00.000,LHR14,42
2025-08-22 09:00:00.000,LHR14,81
2025-08-22 10:00:00.000,LHR14,54
2025-08-22 11:00:00.000,LHR14,57
2025-08-22 12:00:00.000,LHR14,68
2025-08-22 13:00:00.000,LHR14,60
2025-08-22 14:00:00.000,LHR14,51
2025-08-22 15:00:00.000,LHR14,72
2025-08-22 16:00:00.000,LHR14,67
2025-08-22 17:00:00.000,LHR14,92
2025-08-22 18:00:00.000,LHR14,67
2025-08-22 19:00:00.000,LHR14,72
2025-08-22 20:00:00.000,LHR14,7
2025-08-23 00:00:00.000,LHR14,4
2025-08-23 05:00:00.000,LHR14,79
2025-08-23 06:00:00.000,LHR14,53
2025-08-23 07:00:00.000,LHR14,80
2025-08-23 08:00:00.000,LHR14,81
2025-08-23 09:00:00.000,LHR14,71
2025-08-23 10:00:00.000,LHR14,65
2025-08-23 11:00:00.000,LHR14,65
2025-08-23 12:00:00.000,LHR14,55
2025-08-23 13:00:00.000,LHR14,42
2025-08-23 14:00:00.000,LHR14,48
2025-08-23 15:00:00.000,LHR14,60
2025-08-23 16:00:00.000,LHR14,54
2025-08-23 17:00:00.000,LHR14,47
2025-08-23 18:00:00.000,LHR14,73
2025-08-23 19:00:00.000,LHR14,32
2025-08-23 20:00:00.000,LHR14,8
2025-08-24 00:00:00.000,LHR14,2
2025-08-24 05:00:00.000,LHR14,68
2025-08-24 06:00:00.000,LHR14,47
2025-08-24 07:00:00.000,LHR14,65
2025-08-24 08:00:00.000,LHR14,70
2025-08-24 09:00:00.000,LHR14,70
2025-08-24 10:00:00.000,LHR14,82
2025-08-24 11:00:00.000,LHR14,84
2025-08-24 12:00:00.000,LHR14,77
2025-08-24 13:00:00.000,LHR14,78
2025-08-24 14:00:00.000,LHR14,67
2025-08-24 15:00:00.000,LHR14,61
2025-08-24 16:00:00.000,LHR14,81
2025-08-24 17:00:00.000,LHR14,76
2025-08-24 18:00:00.000,LHR14,57
2025-08-24 19:00:00.000,LHR14,40
2025-08-24 20:00:00.000,LHR14,5
2025-08-25 05:00:00.000,LHR14,82
2025-08-25 06:00:00.000,LHR14,47
2025-08-25 07:00:00.000,LHR14,43
2025-08-25 08:00:00.000,LHR14,55
2025-08-25 09:00:00.000,LHR14,80
2025-08-25 10:00:00.000,LHR14,58
2025-08-25 11:00:00.000,LHR14,48
2025-08-25 12:00:00.000,LHR14,56
2025-08-25 13:00:00.000,LHR14,63
2025-08-25 14:00:00.000,LHR14,62
2025-08-25 15:00:00.000,LHR14,71
2025-08-25 16:00:00.000,LHR14,71
2025-08-25 17:00:00.000,LHR14,51
2025-08-25 18:00:00.000,LHR14,45
2025-08-25 19:00:00.000,LHR14,20
2025-08-25 20:00:00.000,LHR14,2
2025-08-26 05:00:00.000,LHR14,66
2025-08-26 06:00:00.000,LHR14,64
2025-08-26 07:00:00.000,LHR14,63
2025-08-26 08:00:00.000,LHR14,75
2025-08-26 09:00:00.000,LHR14,71
2025-08-26 10:00:00.000,LHR14,55
2025-08-26 11:00:00.000,LHR14,79
2025-08-26 12:00:00.000,LHR14,87
2025-08-26 13:00:00.000,LHR14,86
2025-08-26 14:00:00.000,LHR14,49
2025-08-26 15:00:00.000,LHR14,69
2025-08-26 16:00:00.000,LHR14,36
2025-08-26 17:00:00.000,LHR14,49
2025-08-26 18:00:00.000,LHR14,40
2025-08-26 19:00:00.000,LHR14,31
2025-08-26 20:00:00.000,LHR14,8
2025-08-27 00:00:00.000,LHR14,2
2025-08-27 05:00:00.000,LHR14,47
2025-08-27 06:00:00.000,LHR14,73
2025-08-27 07:00:00.000,LHR14,46
2025-08-27 08:00:00.000,LHR14,79
2025-08-27 09:00:00.000,LHR14,48
2025-08-27 10:00:00.000,LHR14,61
2025-08-27 11:00:00.000,LHR14,82
2025-08-27 12:00:00.000,LHR14,51
2025-08-27 13:00:00.000,LHR14,61
2025-08-27 14:00:00.000,LHR14,45
2025-08-27 15:00:00.000,LHR14,56
2025-08-27 16:00:00.000,LHR14,82
2025-08-27 17:00:00.000,LHR14,42
2025-08-27 18:00:00.000,LHR14,44
2025-08-27 19:00:00.000,LHR14,23
2025-08-27 20:00:00.000,LHR14,4
2025-08-28 00:00:00.000,LHR14,2
2025-08-28 05:00:00.000,LHR14,51
2025-08-28 06:00:00.000,LHR14,61
2025-08-28 07:00:00.000,LHR14,74
2025-08-28 08:00:00.000,LHR14,59
2025-08-28 09:00:00.000,LHR14,79
2025-08-28 10:00:00.000,LHR14,51
2025-08-28 11:00:00.000,LHR14,37
2025-08-28 12:00:00.000,LHR14,70
2025-08-28 13:00:00.000,LHR14,58
2025-08-28 14:00:00.000,LHR14,48
2025-08-28 15:00:00.000,LHR14,57
2025-08-28 16:00:00.000,LHR14,62
2025-08-28 17:00:00.000,LHR14,49
2025-08-28 18:00:00.000,LHR14,80
2025-08-28 19:00:00.000,LHR14,49
2025-08-28 20:00:00.000,LHR14,9
2025-08-29 00:00:00.000,LHR14,2
2025-08-29 05:00:00.000,LHR14,63
2025-08-29 06:00:00.000,LHR14,60
2025-08-29 07:00:00.000,LHR14,107
2025-08-29 08:00:00.000,LHR14,58
2025-08-29 09:00:00.000,LHR14,62
2025-08-29 10:00:00.000,LHR14,63
2025-08-29 11:00:00.000,LHR14,58
2025-08-29 12:00:00.000,LHR14,71
2025-08-29 13:00:00.000,LHR14,36
2025-08-29 14:00:00.000,LHR14,63
2025-08-29 15:00:00.000,LHR14,47
2025-08-29 16:00:00.000,LHR14,70
2025-08-29 17:00:00.000,LHR14,40
2025-08-29 18:00:00.000,LHR14,93
2025-08-29 19:00:00.000,LHR14,55
2025-08-29 20:00:00.000,LHR14,9
2025-08-30 00:00:00.000,LHR14,2
2025-08-30 05:00:00.000,LHR14,66
2025-08-30 06:00:00.000,LHR14,65
2025-08-30 07:00:00.000,LHR14,72
2025-08-30 08:00:00.000,LHR14,67
2025-08-30 09:00:00.000,LHR14,69
2025-08-30 10:00:00.000,LHR14,43
2025-08-30 11:00:00.000,LHR14,53
2025-08-30 12:00:00.000,LHR14,60
2025-08-30 13:00:00.000,LHR14,57
2025-08-30 14:00:00.000,LHR14,38
2025-08-30 15:00:00.000,LHR14,63
2025-08-30 16:00:00.000,LHR14,44
2025-08-30 17:00:00.000,LHR14,60
2025-08-30 18:00:00.000,LHR14,42
2025-08-30 19:00:00.000,LHR14,34
2025-08-30 20:00:00.000,LHR14,5
2025-08-31 00:00:00.000,LHR14,2
2025-08-31 05:00:00.000,LHR14,55
2025-08-31 06:00:00.000,LHR14,66
2025-08-31 07:00:00.000,LHR14,99
2025-08-31 08:00:00.000,LHR14,70
2025-08-31 09:00:00.000,LHR14,63
2025-08-31 10:00:00.000,LHR14,71
2025-08-31 11:00:00.000,LHR14,68
2025-08-31 12:00:00.000,LHR14,89
2025-08-31 13:00:00.000,LHR14,57
2025-08-31 14:00:00.000,LHR14,20
2025-08-31 15:00:00.000,LHR14,49
2025-08-31 16:00:00.000,LHR14,80
2025-08-31 17:00:00.000,LHR14,64
2025-08-31 18:00:00.000,LHR14,52
2025-08-31 19:00:00.000,LHR14,24
2025-08-31 20:00:00.000,LHR14,11
2025-09-01 00:00:00.000,LHR14,1
2025-09-01 05:00:00.000,LHR14,41
2025-09-01 06:00:00.000,LHR14,75
2025-09-01 07:00:00.000,LHR14,53
2025-09-01 08:00:00.000,LHR14,78
2025-09-01 09:00:00.000,LHR14,62
2025-09-01 10:00:00.000,LHR14,74
2025-09-01 11:00:00.000,LHR14,75
2025-09-01 12:00:00.000,LHR14,73
2025-09-01 13:00:00.000,LHR14,38
2025-09-01 14:00:00.000,LHR14,36
2025-09-01 15:00:00.000,LHR14,68
2025-09-01 16:00:00.000,LHR14,75
2025-09-01 17:00:00.000,LHR14,61
2025-09-01 18:00:00.000,LHR14,60
2025-09-01 19:00:00.000,LHR14,28
2025-09-01 20:00:00.000,LHR14,9
2025-09-02 00:00:00.000,LHR14,1
2025-09-02 05:00:00.000,LHR14,59
2025-09-02 06:00:00.000,LHR14,30
2025-09-02 07:00:00.000,LHR14,46
2025-09-02 08:00:00.000,LHR14,71
2025-09-02 09:00:00.000,LHR14,93
2025-09-02 10:00:00.000,LHR14,53
2025-09-02 11:00:00.000,LHR14,54
2025-09-02 12:00:00.000,LHR14,61
2025-09-02 13:00:00.000,LHR14,75
2025-09-02 14:00:00.000,LHR14,37
2025-09-02 15:00:00.000,LHR14,43
2025-09-02 16:00:00.000,LHR14,34
2025-09-02 17:00:00.000,LHR14,54
2025-09-02 18:00:00.000,LHR14,26
2025-09-02 19:00:00.000,LHR14,35
2025-09-02 20:00:00.000,LHR14,11
2025-09-03 05:00:00.000,LHR14,43
2025-09-03 06:00:00.000,LHR14,56
2025-09-03 07:00:00.000,LHR14,68
2025-09-03 08:00:00.000,LHR14,57
2025-09-03 09:00:00.000,LHR14,52
2025-09-03 10:00:00.000,LHR14,54
2025-09-03 11:00:00.000,LHR14,28
2025-09-03 12:00:00.000,LHR14,55
2025-09-03 13:00:00.000,LHR14,45
2025-09-03 14:00:00.000,LHR14,61
2025-09-03 15:00:00.000,LHR14,75
2025-09-03 16:00:00.000,LHR14,61
2025-09-03 17:00:00.000,LHR14,45
2025-09-03 18:00:00.000,LHR14,48
2025-09-03 19:00:00.000,LHR14,39
2025-09-03 20:00:00.000,LHR14,12
2025-09-04 00:00:00.000,LHR14,2
2025-09-04 05:00:00.000,LHR14,67
2025-09-04 06:00:00.000,LHR14,42
2025-09-04 07:00:00.000,LHR14,80
2025-09-04 08:00:00.000,LHR14,61
2025-09-04 09:00:00.000,LHR14,64
2025-09-04 10:00:00.000,LHR14,66
2025-09-04 11:00:00.000,LHR14,43
2025-09-04 12:00:00.000,LHR14,55
2025-09-04 13:00:00.000,LHR14,41
2025-09-04 14:00:00.000,LHR14,50
2025-09-04 15:00:00.000,LHR14,29
2025-09-04 16:00:00.000,LHR14,37
2025-09-04 17:00:00.000,LHR14,57
2025-09-04 18:00:00.000,LHR14,49
2025-09-04 19:00:00.000,LHR14,48
2025-09-04 20:00:00.000,LHR14,7
2025-09-05 05:00:00.000,LHR14,62
2025-09-05 06:00:00.000,LHR14,72
2025-09-05 07:00:00.000,LHR14,75
2025-09-05 08:00:00.000,LHR14,21
2025-09-05 09:00:00.000,LHR14,37
2025-09-05 10:00:00.000,LHR14,56
2025-09-05 11:00:00.000,LHR14,50
2025-09-05 12:00:00.000,LHR14,71
2025-09-05 13:00:00.000,LHR14,38
2025-09-05 14:00:00.000,LHR14,51
2025-09-05 15:00:00.000,LHR14,55
2025-09-05 16:00:00.000,LHR14,56
2025-09-05 17:00:00.000,LHR14,68
2025-09-05 18:00:00.000,LHR14,72
2025-09-05 19:00:00.000,LHR14,62
2025-09-05 20:00:00.000,LHR14,20
2025-09-06 05:00:00.000,LHR14,70
2025-09-06 06:00:00.000,LHR14,51
2025-09-06 07:00:00.000,LHR14,51
2025-09-06 08:00:00.000,LHR14,34
2025-09-06 09:00:00.000,LHR14,64
2025-09-06 10:00:00.000,LHR14,63
2025-09-06 11:00:00.000,LHR14,47
2025-09-06 12:00:00.000,LHR14,60
2025-09-06 13:00:00.000,LHR14,57
2025-09-06 14:00:00.000,LHR14,34
2025-09-06 15:00:00.000,LHR14,57
2025-09-06 16:00:00.000,LHR14,55
2025-09-06 17:00:00.000,LHR14,61
2025-09-06 18:00:00.000,LHR14,78
2025-09-06 19:00:00.000,LHR14,11
2025-09-06 20:00:00.000,LHR14,6
2025-09-07 00:00:00.000,LHR14,5
2025-09-07 04:00:00.000,LHR14,1
2025-09-07 05:00:00.000,LHR14,52
2025-09-07 06:00:00.000,LHR14,49
2025-09-07 07:00:00.000,LHR14,63
2025-09-07 08:00:00.000,LHR14,87
2025-09-07 09:00:00.000,LHR14,52
2025-09-07 10:00:00.000,LHR14,51
2025-09-07 11:00:00.000,LHR14,46
2025-09-07 12:00:00.000,LHR14,56
2025-09-07 13:00:00.000,LHR14,67
2025-09-07 14:00:00.000,LHR14,61
2025-09-07 15:00:00.000,LHR14,69
2025-09-07 16:00:00.000,LHR14,81
2025-09-07 17:00:00.000,LHR14,66
2025-09-07 18:00:00.000,LHR14,78
2025-09-07 19:00:00.000,LHR14,38
2025-09-07 20:00:00.000,LHR14,10
2025-09-08 04:00:00.000,LHR14,1
2025-09-08 05:00:00.000,LHR14,49
2025-09-08 06:00:00.000,LHR14,60
2025-09-08 07:00:00.000,LHR14,66
2025-09-08 08:00:00.000,LHR14,56
2025-09-08 09:00:00.000,LHR14,48
2025-09-08 10:00:00.000,LHR14,52
2025-09-08 11:00:00.000,LHR14,69
2025-09-08 12:00:00.000,LHR14,43
2025-09-08 13:00:00.000,LHR14,49
2025-09-08 14:00:00.000,LHR14,45
2025-09-08 15:00:00.000,LHR14,74
2025-09-08 16:00:00.000,LHR14,80
2025-09-08 17:00:00.000,LHR14,42
2025-09-08 18:00:00.000,LHR14,63
2025-09-08 19:00:00.000,LHR14,28
2025-09-08 20:00:00.000,LHR14,13
2025-09-09 05:00:00.000,LHR14,57
2025-09-09 06:00:00.000,LHR14,51
2025-09-09 07:00:00.000,LHR14,50
2025-09-09 08:00:00.000,LHR14,73
2025-09-09 09:00:00.000,LHR14,39
2025-09-09 10:00:00.000,LHR14,61
2025-09-09 11:00:00.000,LHR14,32
2025-09-09 12:00:00.000,LHR14,77
2025-09-09 13:00:00.000,LHR14,32
2025-09-09 14:00:00.000,LHR14,56
2025-09-09 15:00:00.000,LHR14,49
2025-09-09 16:00:00.000,LHR14,55
2025-09-09 17:00:00.000,LHR14,76
2025-09-09 18:00:00.000,LHR14,54
2025-09-09 19:00:00.000,LHR14,28
2025-09-09 20:00:00.000,LHR14,4
2025-09-10 05:00:00.000,LHR14,55
2025-09-10 06:00:00.000,LHR14,58
2025-09-10 07:00:00.000,LHR14,81
2025-09-10 08:00:00.000,LHR14,39
2025-09-10 09:00:00.000,LHR14,47
2025-09-10 10:00:00.000,LHR14,45
2025-09-10 11:00:00.000,LHR14,56
2025-09-10 12:00:00.000,LHR14,38
2025-09-10 13:00:00.000,LHR14,48
2025-09-10 14:00:00.000,LHR14,56
2025-09-10 15:00:00.000,LHR14,59
2025-09-10 16:00:00.000,LHR14,56
2025-09-10 17:00:00.000,LHR14,63
2025-09-10 18:00:00.000,LHR14,56
2025-09-10 19:00:00.000,LHR14,40
2025-09-10 20:00:00.000,LHR14,23
2025-09-11 00:00:00.000,LHR14,2
2025-09-11 05:00:00.000,LHR14,52
2025-09-11 06:00:00.000,LHR14,71
2025-09-11 07:00:00.000,LHR14,80
2025-09-11 08:00:00.000,LHR14,48
2025-09-11 09:00:00.000,LHR14,65
2025-09-11 10:00:00.000,LHR14,57
2025-09-11 11:00:00.000,LHR14,50
2025-09-11 12:00:00.000,LHR14,61
2025-09-11 13:00:00.000,LHR14,42
2025-09-11 14:00:00.000,LHR14,47
2025-09-11 15:00:00.000,LHR14,70
2025-09-11 16:00:00.000,LHR14,31
2025-09-11 17:00:00.000,LHR14,30
2025-09-11 18:00:00.000,LHR14,73
2025-09-11 19:00:00.000,LHR14,65
2025-09-11 20:00:00.000,LHR14,15
2025-09-12 00:00:00.000,LHR14,8
2025-09-12 05:00:00.000,LHR14,71
2025-09-12 06:00:00.000,LHR14,73
2025-09-12 07:00:00.000,LHR14,55
2025-09-12 08:00:00.000,LHR14,72
2025-09-12 09:00:00.000,LHR14,41
2025-09-12 10:00:00.000,LHR14,41
2025-09-12 11:00:00.000,LHR14,48
2025-09-12 12:00:00.000,LHR14,56
2025-09-12 13:00:00.000,LHR14,56
2025-09-12 14:00:00.000,LHR14,62
2025-09-12 15:00:00.000,LHR14,64
2025-09-12 16:00:00.000,LHR14,61
2025-09-12 17:00:00.000,LHR14,48
2025-09-12 18:00:00.000,LHR14,72
2025-09-12 19:00:00.000,LHR14,59
2025-09-12 20:00:00.000,LHR14,6
2025-09-13 00:00:00.000,LHR14,4
2025-09-13 05:00:00.000,LHR14,100
2025-09-13 06:00:00.000,LHR14,51
2025-09-13 07:00:00.000,LHR14,87
2025-09-13 08:00:00.000,LHR14,48
2025-09-13 09:00:00.000,LHR14,59
2025-09-13 10:00:00.000,LHR14,62
2025-09-13 11:00:00.000,LHR14,45
2025-09-13 12:00:00.000,LHR14,45
2025-09-13 13:00:00.000,LHR14,69
2025-09-13 14:00:00.000,LHR14,60
2025-09-13 15:00:00.000,LHR14,62
2025-09-13 16:00:00.000,LHR14,33
2025-09-13 17:00:00.000,LHR14,64
2025-09-13 18:00:00.000,LHR14,64
2025-09-13 19:00:00.000,LHR14,45
2025-09-13 20:00:00.000,LHR14,13
2025-09-14 00:00:00.000,LHR14,4
2025-09-14 05:00:00.000,LHR14,59
2025-09-14 06:00:00.000,LHR14,66
2025-09-14 07:00:00.000,LHR14,104
2025-09-14 08:00:00.000,LHR14,68
2025-09-14 09:00:00.000,LHR14,52
2025-09-14 10:00:00.000,LHR14,89
2025-09-14 11:00:00.000,LHR14,28
2025-09-14 12:00:00.000,LHR14,93
2025-09-14 13:00:00.000,LHR14,63
2025-09-14 14:00:00.000,LHR14,63
2025-09-14 15:00:00.000,LHR14,75
2025-09-14 16:00:00.000,LHR14,63
2025-09-14 17:00:00.000,LHR14,104
2025-09-14 18:00:00.000,LHR14,53
2025-09-14 19:00:00.000,LHR14,40
2025-09-14 20:00:00.000,LHR14,17
2025-09-15 05:00:00.000,LHR14,43
2025-09-15 06:00:00.000,LHR14,66
2025-09-15 07:00:00.000,LHR14,58
2025-09-15 08:00:00.000,LHR14,63
2025-09-15 09:00:00.000,LHR14,28
2025-09-15 10:00:00.000,LHR14,15
2025-09-15 11:00:00.000,LHR14,63
2025-09-15 12:00:00.000,LHR14,47
2025-09-15 13:00:00.000,LHR14,50
2025-09-15 14:00:00.000,LHR14,38
2025-09-15 15:00:00.000,LHR14,63
2025-09-15 16:00:00.000,LHR14,54
2025-09-15 17:00:00.000,LHR14,48
2025-09-15 18:00:00.000,LHR14,45
2025-09-15 19:00:00.000,LHR14,33
2025-09-15 20:00:00.000,LHR14,2
2025-09-16 04:00:00.000,LHR14,1
2025-09-16 05:00:00.000,LHR14,59
2025-09-16 06:00:00.000,LHR14,61
2025-09-16 07:00:00.000,LHR14,51
2025-09-16 08:00:00.000,LHR14,64
2025-09-16 09:00:00.000,LHR14,60
2025-09-16 10:00:00.000,LHR14,58
2025-09-16 11:00:00.000,LHR14,63
2025-09-16 12:00:00.000,LHR14,52
2025-09-16 13:00:00.000,LHR14,59
2025-09-16 14:00:00.000,LHR14,33
2025-09-16 15:00:00.000,LHR14,62
2025-09-16 16:00:00.000,LHR14,56
2025-09-16 17:00:00.000,LHR14,71
2025-09-16 18:00:00.000,LHR14,45
2025-09-16 19:00:00.000,LHR14,36
2025-09-17 05:00:00.000,LHR14,39
2025-09-17 06:00:00.000,LHR14,25
2025-09-17 07:00:00.000,LHR14,69
2025-09-17 08:00:00.000,LHR14,71
2025-09-17 09:00:00.000,LHR14,35
2025-09-17 10:00:00.000,LHR14,70
2025-09-17 11:00:00.000,LHR14,54
2025-09-17 12:00:00.000,LHR14,71
2025-09-17 13:00:00.000,LHR14,39
2025-09-17 14:00:00.000,LHR14,64
2025-09-17 15:00:00.000,LHR14,59
2025-09-17 16:00:00.000,LHR14,56
2025-09-17 17:00:00.000,LHR14,63
2025-09-17 18:00:00.000,LHR14,48
2025-09-17 19:00:00.000,LHR14,22
2025-09-17 20:00:00.000,LHR14,4
2025-09-18 05:00:00.000,LHR14,64
2025-09-18 06:00:00.000,LHR14,67
2025-09-18 07:00:00.000,LHR14,59
2025-09-18 08:00:00.000,LHR14,64
2025-09-18 09:00:00.000,LHR14,54
2025-09-18 10:00:00.000,LHR14,52
2025-09-18 11:00:00.000,LHR14,38
2025-09-18 12:00:00.000,LHR14,51
2025-09-18 13:00:00.000,LHR14,53
2025-09-18 14:00:00.000,LHR14,42
2025-09-18 15:00:00.000,LHR14,59
2025-09-18 16:00:00.000,LHR14,66
2025-09-18 17:00:00.000,LHR14,79
2025-09-18 18:00:00.000,LHR14,49
2025-09-18 19:00:00.000,LHR14,46
2025-09-18 20:00:00.000,LHR14,7
2025-09-19 05:00:00.000,LHR14,58
2025-09-19 06:00:00.000,LHR14,55
2025-09-19 07:00:00.000,LHR14,80
2025-09-19 08:00:00.000,LHR14,50
2025-09-19 09:00:00.000,LHR14,35
2025-09-19 10:00:00.000,LHR14,28
2025-09-19 11:00:00.000,LHR14,51
2025-09-19 12:00:00.000,LHR14,63
2025-09-19 13:00:00.000,LHR14,46
2025-09-19 14:00:00.000,LHR14,58
2025-09-19 15:00:00.000,LHR14,85
2025-09-19 16:00:00.000,LHR14,62
2025-09-19 17:00:00.000,LHR14,74
2025-09-19 18:00:00.000,LHR14,86
2025-09-19 19:00:00.000,LHR14,62
2025-09-19 20:00:00.000,LHR14,8
2025-09-20 05:00:00.000,LHR14,52
2025-09-20 06:00:00.000,LHR14,67
2025-09-20 07:00:00.000,LHR14,76
2025-09-20 08:00:00.000,LHR14,36
2025-09-20 09:00:00.000,LHR14,51
2025-09-20 10:00:00.000,LHR14,39
2025-09-20 11:00:00.000,LHR14,46
2025-09-20 12:00:00.000,LHR14,43
2025-09-20 13:00:00.000,LHR14,46
2025-09-20 14:00:00.000,LHR14,61
2025-09-20 15:00:00.000,LHR14,43
2025-09-20 16:00:00.000,LHR14,37
2025-09-20 17:00:00.000,LHR14,77
2025-09-20 18:00:00.000,LHR14,73
2025-09-20 19:00:00.000,LHR14,40
2025-09-20 20:00:00.000,LHR14,1
2025-09-21 05:00:00.000,LHR14,72
2025-09-21 06:00:00.000,LHR14,55
2025-09-21 07:00:00.000,LHR14,69
2025-09-21 08:00:00.000,LHR14,60
2025-09-21 09:00:00.000,LHR14,57
2025-09-21 10:00:00.000,LHR14,63
2025-09-21 11:00:00.000,LHR14,24
2025-09-21 12:00:00.000,LHR14,44
2025-09-21 13:00:00.000,LHR14,78
2025-09-21 14:00:00.000,LHR14,21
2025-09-21 15:00:00.000,LHR14,46
2025-09-21 16:00:00.000,LHR14,50
2025-09-21 17:00:00.000,LHR14,55
2025-09-21 18:00:00.000,LHR14,14
2025-09-21 19:00:00.000,LHR14,50
2025-09-21 20:00:00.000,LHR14,10
2025-09-22 05:00:00.000,LHR14,50
2025-09-22 06:00:00.000,LHR14,49
2025-09-22 07:00:00.000,LHR14,57
2025-09-22 08:00:00.000,LHR14,63
2025-09-22 09:00:00.000,LHR14,67
2025-09-22 10:00:00.000,LHR14,75
2025-09-22 11:00:00.000,LHR14,54
2025-09-22 12:00:00.000,LHR14,68
2025-09-22 13:00:00.000,LHR14,35
2025-09-22 14:00:00.000,LHR14,40
2025-09-22 15:00:00.000,LHR14,46
2025-09-22 16:00:00.000,LHR14,53
2025-09-22 17:00:00.000,LHR14,56
2025-09-22 18:00:00.000,LHR14,50
2025-09-22 19:00:00.000,LHR14,16
2025-09-22 20:00:00.000,LHR14,1
2025-09-23 00:00:00.000,LHR14,3
2025-09-23 05:00:00.000,LHR14,49
2025-09-23 06:00:00.000,LHR14,45
2025-09-23 07:00:00.000,LHR14,67
2025-09-23 08:00:00.000,LHR14,102
2025-09-23 09:00:00.000,LHR14,44
2025-09-23 10:00:00.000,LHR14,64
2025-09-23 11:00:00.000,LHR14,50
2025-09-23 12:00:00.000,LHR14,48
2025-09-23 13:00:00.000,LHR14,61
2025-09-23 14:00:00.000,LHR14,53
2025-09-23 15:00:00.000,LHR14,68
2025-09-23 16:00:00.000,LHR14,38
2025-09-23 17:00:00.000,LHR14,56
2025-09-23 18:00:00.000,LHR14,39
2025-09-23 19:00:00.000,LHR14,34
2025-09-23 20:00:00.000,LHR14,13
2025-09-24 00:00:00.000,LHR14,2
2025-09-24 05:00:00.000,LHR14,54
2025-09-24 06:00:00.000,LHR14,66
2025-09-24 07:00:00.000,LHR14,60
2025-09-24 08:00:00.000,LHR14,79
2025-09-24 09:00:00.000,LHR14,55
2025-09-24 10:00:00.000,LHR14,47
2025-09-24 11:00:00.000,LHR14,56
2025-09-24 12:00:00.000,LHR14,59
2025-09-24 13:00:00.000,LHR14,52
2025-09-24 14:00:00.000,LHR14,58
2025-09-24 15:00:00.000,LHR14,77
2025-09-24 16:00:00.000,LHR14,59
2025-09-24 17:00:00.000,LHR14,76
2025-09-24 18:00:00.000,LHR14,75
2025-09-24 19:00:00.000,LHR14,33
2025-09-24 20:00:00.000,LHR14,8
2025-09-25 05:00:00.000,LHR14,55
2025-09-25 06:00:00.000,LHR14,57
2025-09-25 07:00:00.000,LHR14,64
2025-09-25 08:00:00.000,LHR14,74
2025-09-25 09:00:00.000,LHR14,41
2025-09-25 10:00:00.000,LHR14,75
2025-09-25 11:00:00.000,LHR14,37
2025-09-25 12:00:00.000,LHR14,55
2025-09-25 13:00:00.000,LHR14,43
2025-09-25 14:00:00.000,LHR14,71
2025-09-25 15:00:00.000,LHR14,58
2025-09-25 16:00:00.000,LHR14,61
2025-09-25 17:00:00.000,LHR14,55
2025-09-25 18:00:00.000,LHR14,49
2025-09-25 19:00:00.000,LHR14,58
2025-09-25 20:00:00.000,LHR14,19
2025-09-26 00:00:00.000,LHR14,3
2025-09-26 05:00:00.000,LHR14,55
2025-09-26 06:00:00.000,LHR14,61
2025-09-26 07:00:00.000,LHR14,83
2025-09-26 08:00:00.000,LHR14,95
2025-09-26 09:00:00.000,LHR14,50
2025-09-26 10:00:00.000,LHR14,77
2025-09-26 11:00:00.000,LHR14,39
2025-09-26 12:00:00.000,LHR14,60
2025-09-26 13:00:00.000,LHR14,57
2025-09-26 14:00:00.000,LHR14,54
2025-09-26 15:00:00.000,LHR14,69
2025-09-26 16:00:00.000,LHR14,62
2025-09-26 17:00:00.000,LHR14,75
2025-09-26 18:00:00.000,LHR14,61
2025-09-26 19:00:00.000,LHR14,48
2025-09-26 20:00:00.000,LHR14,10
2025-09-27 00:00:00.000,LHR14,2
2025-09-27 05:00:00.000,LHR14,77
2025-09-27 06:00:00.000,LHR14,56
2025-09-27 07:00:00.000,LHR14,70
2025-09-27 08:00:00.000,LHR14,71
2025-09-27 09:00:00.000,LHR14,47
2025-09-27 10:00:00.000,LHR14,64
2025-09-27 11:00:00.000,LHR14,32
2025-09-27 12:00:00.000,LHR14,64
2025-09-27 13:00:00.000,LHR14,41
2025-09-27 14:00:00.000,LHR14,45
2025-09-27 15:00:00.000,LHR14,67
2025-09-27 16:00:00.000,LHR14,56
2025-09-27 17:00:00.000,LHR14,66
2025-09-27 18:00:00.000,LHR14,46
2025-09-27 19:00:00.000,LHR14,41
2025-09-27 20:00:00.000,LHR14,3
2025-09-28 05:00:00.000,LHR14,58
2025-09-28 06:00:00.000,LHR14,54
2025-09-28 07:00:00.000,LHR14,62
2025-09-28 08:00:00.000,LHR14,70
2025-09-28 09:00:00.000,LHR14,41
2025-09-28 10:00:00.000,LHR14,51
2025-09-28 11:00:00.000,LHR14,61
2025-09-28 12:00:00.000,LHR14,41
2025-09-28 13:00:00.000,LHR14,61
2025-09-28 14:00:00.000,LHR14,64
2025-09-28 15:00:00.000,LHR14,61
2025-09-28 16:00:00.000,LHR14,87
2025-09-28 17:00:00.000,LHR14,63
2025-09-28 18:00:00.000,LHR14,59
2025-09-28 19:00:00.000,LHR14,35
2025-09-28 20:00:00.000,LHR14,13
2025-09-29 05:00:00.000,LHR14,54
2025-09-29 06:00:00.000,LHR14,51
2025-09-29 07:00:00.000,LHR14,73
2025-09-29 08:00:00.000,LHR14,55
2025-09-29 09:00:00.000,LHR14,79
2025-09-29 10:00:00.000,LHR14,62
2025-09-29 11:00:00.000,LHR14,61
2025-09-29 12:00:00.000,LHR14,58
2025-09-29 13:00:00.000,LHR14,62
2025-09-29 14:00:00.000,LHR14,70
2025-09-29 15:00:00.000,LHR14,58
2025-09-29 16:00:00.000,LHR14,52
2025-09-29 17:00:00.000,LHR14,49
2025-09-29 18:00:00.000,LHR14,43
2025-09-29 19:00:00.000,LHR14,25
2025-09-29 20:00:00.000,LHR14,3
2025-09-29 21:00:00.000,LHR14,2
2025-09-30 05:00:00.000,LHR14,20
2025-09-30 06:00:00.000,LHR14,44
2025-09-30 07:00:00.000,LHR14,51
2025-09-30 08:00:00.000,LHR14,70
2025-09-30 09:00:00.000,LHR14,82
2025-09-30 10:00:00.000,LHR14,67
2025-09-30 11:00:00.000,LHR14,74
2025-09-30 12:00:00.000,LHR14,52
2025-09-30 13:00:00.000,LHR14,80
2025-09-30 14:00:00.000,LHR14,65
2025-09-30 15:00:00.000,LHR14,49
2025-09-30 16:00:00.000,LHR14,65
2025-09-30 17:00:00.000,LHR14,40
2025-09-30 18:00:00.000,LHR14,48
2025-09-30 19:00:00.000,LHR14,30
2025-09-30 20:00:00.000,LHR14,8
2025-07-17 06:00:00.000,LHR16,16
2025-07-17 07:00:00.000,LHR16,29
2025-07-17 08:00:00.000,LHR16,27
2025-07-17 09:00:00.000,LHR16,26
2025-07-17 10:00:00.000,LHR16,20
2025-07-17 11:00:00.000,LHR16,8
2025-07-17 12:00:00.000,LHR16,39
2025-07-17 13:00:00.000,LHR16,40
2025-07-17 14:00:00.000,LHR16,27
2025-07-17 15:00:00.000,LHR16,26
2025-07-17 16:00:00.000,LHR16,2
2025-07-17 17:00:00.000,LHR16,26
2025-07-17 18:00:00.000,LHR16,38
2025-07-17 19:00:00.000,LHR16,20
2025-07-17 20:00:00.000,LHR16,8
2025-07-17 21:00:00.000,LHR16,1
2025-07-18 00:00:00.000,LHR16,2
2025-07-18 05:00:00.000,LHR16,1
2025-07-18 06:00:00.000,LHR16,22
2025-07-18 07:00:00.000,LHR16,28
2025-07-18 08:00:00.000,LHR16,30
2025-07-18 09:00:00.000,LHR16,53
2025-07-18 10:00:00.000,LHR16,49
2025-07-18 11:00:00.000,LHR16,63
2025-07-18 12:00:00.000,LHR16,40
2025-07-18 13:00:00.000,LHR16,43
2025-07-18 14:00:00.000,LHR16,41
2025-07-18 15:00:00.000,LHR16,22
2025-07-18 16:00:00.000,LHR16,35
2025-07-18 17:00:00.000,LHR16,14
2025-07-18 18:00:00.000,LHR16,16
2025-07-18 19:00:00.000,LHR16,31
2025-07-18 20:00:00.000,LHR16,7
2025-07-19 00:00:00.000,LHR16,3
2025-07-19 05:00:00.000,LHR16,5
2025-07-19 06:00:00.000,LHR16,43
2025-07-19 07:00:00.000,LHR16,49
2025-07-19 08:00:00.000,LHR16,45
2025-07-19 09:00:00.000,LHR16,58
2025-07-19 10:00:00.000,LHR16,34
2025-07-19 11:00:00.000,LHR16,55
2025-07-19 12:00:00.000,LHR16,33
2025-07-19 13:00:00.000,LHR16,37
2025-07-19 14:00:00.000,LHR16,46
2025-07-19 15:00:00.000,LHR16,25
2025-07-19 16:00:00.000,LHR16,24
2025-07-19 17:00:00.000,LHR16,34
2025-07-19 18:00:00.000,LHR16,32
2025-07-19 19:00:00.000,LHR16,18
2025-07-19 20:00:00.000,LHR16,26
2025-07-20 05:00:00.000,LHR16,3
2025-07-20 06:00:00.000,LHR16,8
2025-07-20 07:00:00.000,LHR16,65
2025-07-20 08:00:00.000,LHR16,43
2025-07-20 09:00:00.000,LHR16,28
2025-07-20 10:00:00.000,LHR16,50
2025-07-20 11:00:00.000,LHR16,40
2025-07-20 12:00:00.000,LHR16,62
2025-07-20 13:00:00.000,LHR16,37
2025-07-20 14:00:00.000,LHR16,40
2025-07-20 15:00:00.000,LHR16,45
2025-07-20 16:00:00.000,LHR16,32
2025-07-20 17:00:00.000,LHR16,46
2025-07-20 18:00:00.000,LHR16,23
2025-07-20 19:00:00.000,LHR16,28
2025-07-20 20:00:00.000,LHR16,13
2025-07-20 21:00:00.000,LHR16,1
2025-07-21 00:00:00.000,LHR16,3
2025-07-21 05:00:00.000,LHR16,3
2025-07-21 06:00:00.000,LHR16,19
2025-07-21 07:00:00.000,LHR16,41
2025-07-21 08:00:00.000,LHR16,64
2025-07-21 09:00:00.000,LHR16,43
2025-07-21 10:00:00.000,LHR16,45
2025-07-21 11:00:00.000,LHR16,57
2025-07-21 12:00:00.000,LHR16,28
2025-07-21 13:00:00.000,LHR16,49
2025-07-21 14:00:00.000,LHR16,34
2025-07-21 15:00:00.000,LHR16,36
2025-07-21 16:00:00.000,LHR16,16
2025-07-21 17:00:00.000,LHR16,33
2025-07-21 18:00:00.000,LHR16,27
2025-07-21 19:00:00.000,LHR16,24
2025-07-21 20:00:00.000,LHR16,10
2025-07-22 05:00:00.000,LHR16,2
2025-07-22 06:00:00.000,LHR16,14
2025-07-22 07:00:00.000,LHR16,40
2025-07-22 08:00:00.000,LHR16,49
2025-07-22 09:00:00.000,LHR16,75
2025-07-22 10:00:00.000,LHR16,35
2025-07-22 11:00:00.000,LHR16,71
2025-07-22 12:00:00.000,LHR16,41
2025-07-22 13:00:00.000,LHR16,50
2025-07-22 14:00:00.000,LHR16,40
2025-07-22 15:00:00.000,LHR16,41
2025-07-22 16:00:00.000,LHR16,32
2025-07-22 17:00:00.000,LHR16,25
2025-07-22 18:00:00.000,LHR16,7
2025-07-22 19:00:00.000,LHR16,17
2025-07-22 20:00:00.000,LHR16,14
2025-07-23 05:00:00.000,LHR16,17
2025-07-23 06:00:00.000,LHR16,34
2025-07-23 07:00:00.000,LHR16,41
2025-07-23 08:00:00.000,LHR16,44
2025-07-23 09:00:00.000,LHR16,44
2025-07-23 10:00:00.000,LHR16,39
2025-07-23 11:00:00.000,LHR16,38
2025-07-23 12:00:00.000,LHR16,42
2025-07-23 13:00:00.000,LHR16,31
2025-07-23 14:00:00.000,LHR16,43
2025-07-23 15:00:00.000,LHR16,23
2025-07-23 16:00:00.000,LHR16,38
2025-07-23 17:00:00.000,LHR16,33
2025-07-23 18:00:00.000,LHR16,22
2025-07-23 19:00:00.000,LHR16,30
2025-07-23 20:00:00.000,LHR16,20
2025-07-24 05:00:00.000,LHR16,13
2025-07-24 06:00:00.000,LHR16,22
2025-07-24 07:00:00.000,LHR16,47
2025-07-24 08:00:00.000,LHR16,54
2025-07-24 09:00:00.000,LHR16,43
2025-07-24 10:00:00.000,LHR16,59
2025-07-24 11:00:00.000,LHR16,38
2025-07-24 12:00:00.000,LHR16,41
2025-07-24 13:00:00.000,LHR16,68
2025-07-24 14:00:00.000,LHR16,34
2025-07-24 15:00:00.000,LHR16,19
2025-07-24 16:00:00.000,LHR16,46
2025-07-24 17:00:00.000,LHR16,22
2025-07-24 18:00:00.000,LHR16,21
2025-07-24 19:00:00.000,LHR16,13
2025-07-24 20:00:00.000,LHR16,4
2025-07-25 05:00:00.000,LHR16,16
2025-07-25 06:00:00.000,LHR16,29
2025-07-25 07:00:00.000,LHR16,31
2025-07-25 08:00:00.000,LHR16,53
2025-07-25 09:00:00.000,LHR16,67
2025-07-25 10:00:00.000,LHR16,40
2025-07-25 11:00:00.000,LHR16,29
2025-07-25 12:00:00.000,LHR16,50
2025-07-25 13:00:00.000,LHR16,40
2025-07-25 14:00:00.000,LHR16,52
2025-07-25 15:00:00.000,LHR16,72
2025-07-25 16:00:00.000,LHR16,25
2025-07-25 17:00:00.000,LHR16,18
2025-07-25 18:00:00.000,LHR16,29
2025-07-25 19:00:00.000,LHR16,15
2025-07-25 20:00:00.000,LHR16,9
2025-07-25 21:00:00.000,LHR16,1
2025-07-26 00:00:00.000,LHR16,2
2025-07-26 05:00:00.000,LHR16,5
2025-07-26 06:00:00.000,LHR16,37
2025-07-26 07:00:00.000,LHR16,58
2025-07-26 08:00:00.000,LHR16,50
2025-07-26 09:00:00.000,LHR16,51
2025-07-26 10:00:00.000,LHR16,42
2025-07-26 11:00:00.000,LHR16,62
2025-07-26 12:00:00.000,LHR16,51
2025-07-26 13:00:00.000,LHR16,38
2025-07-26 14:00:00.000,LHR16,51
2025-07-26 15:00:00.000,LHR16,51
2025-07-26 16:00:00.000,LHR16,57
2025-07-26 17:00:00.000,LHR16,29
2025-07-26 18:00:00.000,LHR16,30
2025-07-26 19:00:00.000,LHR16,31
2025-07-26 20:00:00.000,LHR16,12
2025-07-26 21:00:00.000,LHR16,2
2025-07-27 00:00:00.000,LHR16,2
2025-07-27 05:00:00.000,LHR16,4
2025-07-27 06:00:00.000,LHR16,39
2025-07-27 07:00:00.000,LHR16,68
2025-07-27 08:00:00.000,LHR16,27
2025-07-27 09:00:00.000,LHR16,52
2025-07-27 10:00:00.000,LHR16,77
2025-07-27 11:00:00.000,LHR16,69
2025-07-27 12:00:00.000,LHR16,63
2025-07-27 13:00:00.000,LHR16,65
2025-07-27 14:00:00.000,LHR16,39
2025-07-27 15:00:00.000,LHR16,60
2025-07-27 16:00:00.000,LHR16,25
2025-07-27 17:00:00.000,LHR16,42
2025-07-27 18:00:00.000,LHR16,33
2025-07-27 19:00:00.000,LHR16,20
2025-07-27 20:00:00.000,LHR16,13
2025-07-27 21:00:00.000,LHR16,2
2025-07-28 06:00:00.000,LHR16,24
2025-07-28 07:00:00.000,LHR16,36
2025-07-28 08:00:00.000,LHR16,70
2025-07-28 09:00:00.000,LHR16,27
2025-07-28 10:00:00.000,LHR16,43
2025-07-28 11:00:00.000,LHR16,59
2025-07-28 12:00:00.000,LHR16,46
2025-07-28 13:00:00.000,LHR16,29
2025-07-28 14:00:00.000,LHR16,48
2025-07-28 15:00:00.000,LHR16,38
2025-07-28 16:00:00.000,LHR16,20
2025-07-28 17:00:00.000,LHR16,16
2025-07-28 18:00:00.000,LHR16,18
2025-07-28 19:00:00.000,LHR16,11
2025-07-28 20:00:00.000,LHR16,4
2025-07-28 21:00:00.000,LHR16,1
2025-07-29 05:00:00.000,LHR16,14
2025-07-29 06:00:00.000,LHR16,38
2025-07-29 07:00:00.000,LHR16,54
2025-07-29 08:00:00.000,LHR16,34
2025-07-29 09:00:00.000,LHR16,63
2025-07-29 10:00:00.000,LHR16,34
2025-07-29 11:00:00.000,LHR16,49
2025-07-29 12:00:00.000,LHR16,61
2025-07-29 13:00:00.000,LHR16,43
2025-07-29 14:00:00.000,LHR16,45
2025-07-29 15:00:00.000,LHR16,18
2025-07-29 16:00:00.000,LHR16,24
2025-07-29 17:00:00.000,LHR16,41
2025-07-29 18:00:00.000,LHR16,16
2025-07-29 19:00:00.000,LHR16,3
2025-07-29 20:00:00.000,LHR16,4
2025-07-29 21:00:00.000,LHR16,1
2025-07-30 05:00:00.000,LHR16,12
2025-07-30 06:00:00.000,LHR16,23
2025-07-30 07:00:00.000,LHR16,49
2025-07-30 08:00:00.000,LHR16,56
2025-07-30 09:00:00.000,LHR16,29
2025-07-30 10:00:00.000,LHR16,43
2025-07-30 11:00:00.000,LHR16,38
2025-07-30 12:00:00.000,LHR16,61
2025-07-30 13:00:00.000,LHR16,54
2025-07-30 14:00:00.000,LHR16,53
2025-07-30 15:00:00.000,LHR16,40
2025-07-30 16:00:00.000,LHR16,27
2025-07-30 17:00:00.000,LHR16,38
2025-07-30 18:00:00.000,LHR16,26
2025-07-30 19:00:00.000,LHR16,12
2025-07-30 20:00:00.000,LHR16,4
2025-07-30 21:00:00.000,LHR16,2
2025-07-31 05:00:00.000,LHR16,17
2025-07-31 06:00:00.000,LHR16,28
2025-07-31 07:00:00.000,LHR16,55
2025-07-31 08:00:00.000,LHR16,34
2025-07-31 09:00:00.000,LHR16,53
2025-07-31 10:00:00.000,LHR16,41
2025-07-31 11:00:00.000,LHR16,40
2025-07-31 12:00:00.000,LHR16,56
2025-07-31 13:00:00.000,LHR16,32
2025-07-31 14:00:00.000,LHR16,59
2025-07-31 15:00:00.000,LHR16,43
2025-07-31 16:00:00.000,LHR16,27
2025-07-31 17:00:00.000,LHR16,45
2025-07-31 18:00:00.000,LHR16,35
2025-07-31 19:00:00.000,LHR16,30
2025-07-31 20:00:00.000,LHR16,9
2025-08-01 05:00:00.000,LHR16,6
2025-08-01 06:00:00.000,LHR16,23
2025-08-01 07:00:00.000,LHR16,48
2025-08-01 08:00:00.000,LHR16,59
2025-08-01 09:00:00.000,LHR16,37
2025-08-01 10:00:00.000,LHR16,37
2025-08-01 11:00:00.000,LHR16,50
2025-08-01 12:00:00.000,LHR16,47
2025-08-01 13:00:00.000,LHR16,35
2025-08-01 14:00:00.000,LHR16,48
2025-08-01 15:00:00.000,LHR16,49
2025-08-01 16:00:00.000,LHR16,37
2025-08-01 17:00:00.000,LHR16,34
2025-08-01 18:00:00.000,LHR16,34
2025-08-01 19:00:00.000,LHR16,34
2025-08-01 20:00:00.000,LHR16,8
2025-08-02 00:00:00.000,LHR16,1
2025-08-02 06:00:00.000,LHR16,16
2025-08-02 07:00:00.000,LHR16,52
2025-08-02 08:00:00.000,LHR16,37
2025-08-02 09:00:00.000,LHR16,33
2025-08-02 10:00:00.000,LHR16,40
2025-08-02 11:00:00.000,LHR16,41
2025-08-02 12:00:00.000,LHR16,36
2025-08-02 13:00:00.000,LHR16,46
2025-08-02 14:00:00.000,LHR16,36
2025-08-02 15:00:00.000,LHR16,44
2025-08-02 16:00:00.000,LHR16,56
2025-08-02 17:00:00.000,LHR16,51
2025-08-02 18:00:00.000,LHR16,55
2025-08-02 19:00:00.000,LHR16,25
2025-08-02 20:00:00.000,LHR16,3
2025-08-02 21:00:00.000,LHR16,2
2025-08-03 05:00:00.000,LHR16,5
2025-08-03 06:00:00.000,LHR16,17
2025-08-03 07:00:00.000,LHR16,55
2025-08-03 08:00:00.000,LHR16,49
2025-08-03 09:00:00.000,LHR16,64
2025-08-03 10:00:00.000,LHR16,50
2025-08-03 11:00:00.000,LHR16,37
2025-08-03 12:00:00.000,LHR16,41
2025-08-03 13:00:00.000,LHR16,48
2025-08-03 14:00:00.000,LHR16,25
2025-08-03 15:00:00.000,LHR16,44
2025-08-03 16:00:00.000,LHR16,53
2025-08-03 17:00:00.000,LHR16,52
2025-08-03 18:00:00.000,LHR16,19
2025-08-03 19:00:00.000,LHR16,17
2025-08-03 20:00:00.000,LHR16,1
2025-08-03 21:00:00.000,LHR16,2
2025-08-04 00:00:00.000,LHR16,1
2025-08-04 05:00:00.000,LHR16,16
2025-08-04 06:00:00.000,LHR16,27
2025-08-04 07:00:00.000,LHR16,58
2025-08-04 08:00:00.000,LHR16,76
2025-08-04 09:00:00.000,LHR16,51
2025-08-04 10:00:00.000,LHR16,30
2025-08-04 11:00:00.000,LHR16,48
2025-08-04 12:00:00.000,LHR16,37
2025-08-04 13:00:00.000,LHR16,24
2025-08-04 14:00:00.000,LHR16,64
2025-08-04 15:00:00.000,LHR16,36
2025-08-04 16:00:00.000,LHR16,14
2025-08-04 17:00:00.000,LHR16,20
2025-08-04 18:00:00.000,LHR16,30
2025-08-04 19:00:00.000,LHR16,21
2025-08-04 20:00:00.000,LHR16,9
2025-08-05 05:00:00.000,LHR16,26
2025-08-05 06:00:00.000,LHR16,27
2025-08-05 07:00:00.000,LHR16,58
2025-08-05 08:00:00.000,LHR16,33
2025-08-05 09:00:00.000,LHR16,50
2025-08-05 10:00:00.000,LHR16,42
2025-08-05 11:00:00.000,LHR16,30
2025-08-05 12:00:00.000,LHR16,33
2025-08-05 13:00:00.000,LHR16,60
2025-08-05 14:00:00.000,LHR16,45
2025-08-05 15:00:00.000,LHR16,29
2025-08-05 16:00:00.000,LHR16,38
2025-08-05 17:00:00.000,LHR16,29
2025-08-05 18:00:00.000,LHR16,39
2025-08-05 19:00:00.000,LHR16,16
2025-08-05 20:00:00.000,LHR16,15
2025-08-05 21:00:00.000,LHR16,6
2025-08-06 05:00:00.000,LHR16,12
2025-08-06 06:00:00.000,LHR16,28
2025-08-06 07:00:00.000,LHR16,54
2025-08-06 08:00:00.000,LHR16,40
2025-08-06 09:00:00.000,LHR16,54
2025-08-06 10:00:00.000,LHR16,40
2025-08-06 11:00:00.000,LHR16,66
2025-08-06 12:00:00.000,LHR16,54
2025-08-06 13:00:00.000,LHR16,28
2025-08-06 14:00:00.000,LHR16,49
2025-08-06 15:00:00.000,LHR16,28
2025-08-06 16:00:00.000,LHR16,28
2025-08-06 17:00:00.000,LHR16,20
2025-08-06 18:00:00.000,LHR16,27
2025-08-06 19:00:00.000,LHR16,19
2025-08-06 20:00:00.000,LHR16,6
2025-08-07 05:00:00.000,LHR16,1
2025-08-07 06:00:00.000,LHR16,16
2025-08-07 07:00:00.000,LHR16,49
2025-08-07 08:00:00.000,LHR16,71
2025-08-07 09:00:00.000,LHR16,23
2025-08-07 10:00:00.000,LHR16,52
2025-08-07 11:00:00.000,LHR16,45
2025-08-07 12:00:00.000,LHR16,53
2025-08-07 13:00:00.000,LHR16,43
2025-08-07 14:00:00.000,LHR16,51
2025-08-07 15:00:00.000,LHR16,25
2025-08-07 16:00:00.000,LHR16,27
2025-08-07 17:00:00.000,LHR16,28
2025-08-07 18:00:00.000,LHR16,35
2025-08-07 19:00:00.000,LHR16,20
2025-08-07 20:00:00.000,LHR16,2
2025-08-08 06:00:00.000,LHR16,18
2025-08-08 07:00:00.000,LHR16,62
2025-08-08 08:00:00.000,LHR16,24
2025-08-08 09:00:00.000,LHR16,51
2025-08-08 10:00:00.000,LHR16,63
2025-08-08 11:00:00.000,LHR16,47
2025-08-08 12:00:00.000,LHR16,44
2025-08-08 13:00:00.000,LHR16,53
2025-08-08 14:00:00.000,LHR16,51
2025-08-08 15:00:00.000,LHR16,43
2025-08-08 16:00:00.000,LHR16,58
2025-08-08 17:00:00.000,LHR16,57
2025-08-08 18:00:00.000,LHR16,29
2025-08-08 19:00:00.000,LHR16,34
2025-08-08 20:00:00.000,LHR16,2
2025-08-09 00:00:00.000,LHR16,1
2025-08-09 05:00:00.000,LHR16,7
2025-08-09 06:00:00.000,LHR16,25
2025-08-09 07:00:00.000,LHR16,44
2025-08-09 08:00:00.000,LHR16,73
2025-08-09 09:00:00.000,LHR16,43
2025-08-09 10:00:00.000,LHR16,54
2025-08-09 11:00:00.000,LHR16,47
2025-08-09 12:00:00.000,LHR16,50
2025-08-09 13:00:00.000,LHR16,38
2025-08-09 14:00:00.000,LHR16,60
2025-08-09 15:00:00.000,LHR16,45
2025-08-09 16:00:00.000,LHR16,37
2025-08-09 17:00:00.000,LHR16,11
2025-08-09 18:00:00.000,LHR16,42
2025-08-09 19:00:00.000,LHR16,31
2025-08-09 20:00:00.000,LHR16,23
2025-08-09 21:00:00.000,LHR16,2
2025-08-10 00:00:00.000,LHR16,2
2025-08-10 05:00:00.000,LHR16,18
2025-08-10 06:00:00.000,LHR16,40
2025-08-10 07:00:00.000,LHR16,80
2025-08-10 08:00:00.000,LHR16,60
2025-08-10 09:00:00.000,LHR16,37
2025-08-10 10:00:00.000,LHR16,74
2025-08-10 11:00:00.000,LHR16,49
2025-08-10 12:00:00.000,LHR16,36
2025-08-10 13:00:00.000,LHR16,29
2025-08-10 14:00:00.000,LHR16,75
2025-08-10 15:00:00.000,LHR16,62
2025-08-10 16:00:00.000,LHR16,31
2025-08-10 17:00:00.000,LHR16,42
2025-08-10 18:00:00.000,LHR16,27
2025-08-10 19:00:00.000,LHR16,31
2025-08-10 20:00:00.000,LHR16,10
2025-08-10 21:00:00.000,LHR16,1
2025-08-11 05:00:00.000,LHR16,10
2025-08-11 06:00:00.000,LHR16,40
2025-08-11 07:00:00.000,LHR16,38
2025-08-11 08:00:00.000,LHR16,62
2025-08-11 09:00:00.000,LHR16,35
2025-08-11 10:00:00.000,LHR16,52
2025-08-11 11:00:00.000,LHR16,46
2025-08-11 12:00:00.000,LHR16,54
2025-08-11 13:00:00.000,LHR16,39
2025-08-11 14:00:00.000,LHR16,33
2025-08-11 15:00:00.000,LHR16,29
2025-08-11 16:00:00.000,LHR16,24
2025-08-11 17:00:00.000,LHR16,34
2025-08-11 18:00:00.000,LHR16,29
2025-08-11 19:00:00.000,LHR16,18
2025-08-11 20:00:00.000,LHR16,8
2025-08-12 05:00:00.000,LHR16,7
2025-08-12 06:00:00.000,LHR16,15
2025-08-12 07:00:00.000,LHR16,49
2025-08-12 08:00:00.000,LHR16,57
2025-08-12 09:00:00.000,LHR16,67
2025-08-12 10:00:00.000,LHR16,50
2025-08-12 11:00:00.000,LHR16,14
2025-08-12 12:00:00.000,LHR16,32
2025-08-12 13:00:00.000,LHR16,42
2025-08-12 14:00:00.000,LHR16,25
2025-08-12 15:00:00.000,LHR16,53
2025-08-12 16:00:00.000,LHR16,40
2025-08-12 17:00:00.000,LHR16,33
2025-08-12 18:00:00.000,LHR16,24
2025-08-12 19:00:00.000,LHR16,18
2025-08-12 20:00:00.000,LHR16,1
2025-08-13 05:00:00.000,LHR16,18
2025-08-13 06:00:00.000,LHR16,13
2025-08-13 07:00:00.000,LHR16,35
2025-08-13 08:00:00.000,LHR16,52
2025-08-13 09:00:00.000,LHR16,40
2025-08-13 10:00:00.000,LHR16,46
2025-08-13 11:00:00.000,LHR16,47
2025-08-13 12:00:00.000,LHR16,36
2025-08-13 13:00:00.000,LHR16,40
2025-08-13 14:00:00.000,LHR16,56
2025-08-13 15:00:00.000,LHR16,26
2025-08-13 16:00:00.000,LHR16,22
2025-08-13 17:00:00.000,LHR16,18
2025-08-13 18:00:00.000,LHR16,20
2025-08-13 19:00:00.000,LHR16,28
2025-08-13 20:00:00.000,LHR16,2
2025-08-13 21:00:00.000,LHR16,2
2025-08-14 00:00:00.000,LHR16,2
2025-08-14 05:00:00.000,LHR16,5
2025-08-14 06:00:00.000,LHR16,11
2025-08-14 07:00:00.000,LHR16,56
2025-08-14 08:00:00.000,LHR16,30
2025-08-14 09:00:00.000,LHR16,61
2025-08-14 10:00:00.000,LHR16,63
2025-08-14 11:00:00.000,LHR16,26
2025-08-14 12:00:00.000,LHR16,29
2025-08-14 13:00:00.000,LHR16,28
2025-08-14 14:00:00.000,LHR16,47
2025-08-14 15:00:00.000,LHR16,52
2025-08-14 16:00:00.000,LHR16,14
2025-08-14 17:00:00.000,LHR16,18
2025-08-14 18:00:00.000,LHR16,24
2025-08-14 19:00:00.000,LHR16,36
2025-08-14 20:00:00.000,LHR16,10
2025-08-15 05:00:00.000,LHR16,6
2025-08-15 06:00:00.000,LHR16,21
2025-08-15 07:00:00.000,LHR16,70
2025-08-15 08:00:00.000,LHR16,43
2025-08-15 09:00:00.000,LHR16,35
2025-08-15 10:00:00.000,LHR16,25
2025-08-15 11:00:00.000,LHR16,68
2025-08-15 12:00:00.000,LHR16,23
2025-08-15 13:00:00.000,LHR16,29
2025-08-15 14:00:00.000,LHR16,42
2025-08-15 15:00:00.000,LHR16,53
2025-08-15 16:00:00.000,LHR16,33
2025-08-15 17:00:00.000,LHR16,7
2025-08-15 18:00:00.000,LHR16,35
2025-08-15 19:00:00.000,LHR16,31
2025-08-15 20:00:00.000,LHR16,6
2025-08-16 05:00:00.000,LHR16,26
2025-08-16 06:00:00.000,LHR16,31
2025-08-16 07:00:00.000,LHR16,56
2025-08-16 08:00:00.000,LHR16,33
2025-08-16 09:00:00.000,LHR16,58
2025-08-16 10:00:00.000,LHR16,46
2025-08-16 11:00:00.000,LHR16,57
2025-08-16 12:00:00.000,LHR16,32
2025-08-16 13:00:00.000,LHR16,46
2025-08-16 14:00:00.000,LHR16,34
2025-08-16 15:00:00.000,LHR16,37
2025-08-16 16:00:00.000,LHR16,50
2025-08-16 17:00:00.000,LHR16,47
2025-08-16 18:00:00.000,LHR16,29
2025-08-16 19:00:00.000,LHR16,52
2025-08-16 20:00:00.000,LHR16,13
2025-08-16 21:00:00.000,LHR16,3
2025-08-17 05:00:00.000,LHR16,8
2025-08-17 06:00:00.000,LHR16,15
2025-08-17 07:00:00.000,LHR16,44
2025-08-17 08:00:00.000,LHR16,55
2025-08-17 09:00:00.000,LHR16,45
2025-08-17 10:00:00.000,LHR16,31
2025-08-17 11:00:00.000,LHR16,63
2025-08-17 12:00:00.000,LHR16,43
2025-08-17 13:00:00.000,LHR16,47
2025-08-17 14:00:00.000,LHR16,21
2025-08-17 15:00:00.000,LHR16,50
2025-08-17 16:00:00.000,LHR16,53
2025-08-17 17:00:00.000,LHR16,29
2025-08-17 18:00:00.000,LHR16,48
2025-08-17 19:00:00.000,LHR16,21
2025-08-17 20:00:00.000,LHR16,1
2025-08-18 05:00:00.000,LHR16,11
2025-08-18 06:00:00.000,LHR16,25
2025-08-18 07:00:00.000,LHR16,41
2025-08-18 08:00:00.000,LHR16,33
2025-08-18 09:00:00.000,LHR16,35
2025-08-18 10:00:00.000,LHR16,53
2025-08-18 11:00:00.000,LHR16,43
2025-08-18 12:00:00.000,LHR16,20
2025-08-18 13:00:00.000,LHR16,57
2025-08-18 14:00:00.000,LHR16,14
2025-08-18 15:00:00.000,LHR16,43
2025-08-18 16:00:00.000,LHR16,36
2025-08-18 17:00:00.000,LHR16,31
2025-08-18 18:00:00.000,LHR16,30
2025-08-18 19:00:00.000,LHR16,27
2025-08-18 20:00:00.000,LHR16,10
2025-08-19 05:00:00.000,LHR16,5
2025-08-19 06:00:00.000,LHR16,25
2025-08-19 07:00:00.000,LHR16,47
2025-08-19 08:00:00.000,LHR16,35
2025-08-19 09:00:00.000,LHR16,49
2025-08-19 10:00:00.000,LHR16,57
2025-08-19 11:00:00.000,LHR16,38
2025-08-19 12:00:00.000,LHR16,39
2025-08-19 13:00:00.000,LHR16,47
2025-08-19 14:00:00.000,LHR16,24
2025-08-19 15:00:00.000,LHR16,34
2025-08-19 16:00:00.000,LHR16,24
2025-08-19 17:00:00.000,LHR16,19
2025-08-19 18:00:00.000,LHR16,26
2025-08-19 19:00:00.000,LHR16,14
2025-08-19 20:00:00.000,LHR16,4
2025-08-19 21:00:00.000,LHR16,1
2025-08-20 00:00:00.000,LHR16,1
2025-08-20 05:00:00.000,LHR16,5
2025-08-20 06:00:00.000,LHR16,11
2025-08-20 07:00:00.000,LHR16,38
2025-08-20 08:00:00.000,LHR16,64
2025-08-20 09:00:00.000,LHR16,68
2025-08-20 10:00:00.000,LHR16,26
2025-08-20 11:00:00.000,LHR16,50
2025-08-20 12:00:00.000,LHR16,37
2025-08-20 13:00:00.000,LHR16,44
2025-08-20 14:00:00.000,LHR16,22
2025-08-20 15:00:00.000,LHR16,38
2025-08-20 16:00:00.000,LHR16,42
2025-08-20 17:00:00.000,LHR16,24
2025-08-20 18:00:00.000,LHR16,21
2025-08-20 19:00:00.000,LHR16,20
2025-08-20 20:00:00.000,LHR16,9
2025-08-21 05:00:00.000,LHR16,2
2025-08-21 06:00:00.000,LHR16,7
2025-08-21 07:00:00.000,LHR16,34
2025-08-21 08:00:00.000,LHR16,35
2025-08-21 09:00:00.000,LHR16,22
2025-08-21 10:00:00.000,LHR16,55
2025-08-21 11:00:00.000,LHR16,43
2025-08-21 12:00:00.000,LHR16,25
2025-08-21 13:00:00.000,LHR16,26
2025-08-21 14:00:00.000,LHR16,62
2025-08-21 15:00:00.000,LHR16,23
2025-08-21 16:00:00.000,LHR16,31
2025-08-21 17:00:00.000,LHR16,8
2025-08-21 18:00:00.000,LHR16,27
2025-08-21 19:00:00.000,LHR16,16
2025-08-21 20:00:00.000,LHR16,5
2025-08-21 21:00:00.000,LHR16,2
2025-08-22 05:00:00.000,LHR16,18
2025-08-22 06:00:00.000,LHR16,34
2025-08-22 07:00:00.000,LHR16,32
2025-08-22 08:00:00.000,LHR16,46
2025-08-22 09:00:00.000,LHR16,45
2025-08-22 10:00:00.000,LHR16,41
2025-08-22 11:00:00.000,LHR16,47
2025-08-22 12:00:00.000,LHR16,23
2025-08-22 13:00:00.000,LHR16,16
2025-08-22 14:00:00.000,LHR16,38
2025-08-22 15:00:00.000,LHR16,27
2025-08-22 16:00:00.000,LHR16,59
2025-08-22 17:00:00.000,LHR16,22
2025-08-22 18:00:00.000,LHR16,46
2025-08-22 19:00:00.000,LHR16,67
2025-08-22 20:00:00.000,LHR16,17
2025-08-23 05:00:00.000,LHR16,13
2025-08-23 06:00:00.000,LHR16,11
2025-08-23 07:00:00.000,LHR16,58
2025-08-23 08:00:00.000,LHR16,54
2025-08-23 09:00:00.000,LHR16,54
2025-08-23 10:00:00.000,LHR16,40
2025-08-23 11:00:00.000,LHR16,26
2025-08-23 12:00:00.000,LHR16,57
2025-08-23 13:00:00.000,LHR16,55
2025-08-23 14:00:00.000,LHR16,20
2025-08-23 15:00:00.000,LHR16,22
2025-08-23 16:00:00.000,LHR16,17
2025-08-23 17:00:00.000,LHR16,27
2025-08-23 18:00:00.000,LHR16,28
2025-08-23 19:00:00.000,LHR16,13
2025-08-23 20:00:00.000,LHR16,14
2025-08-24 05:00:00.000,LHR16,9
2025-08-24 06:00:00.000,LHR16,19
2025-08-24 07:00:00.000,LHR16,53
2025-08-24 08:00:00.000,LHR16,62
2025-08-24 09:00:00.000,LHR16,45
2025-08-24 10:00:00.000,LHR16,62
2025-08-24 11:00:00.000,LHR16,35
2025-08-24 12:00:00.000,LHR16,70
2025-08-24 13:00:00.000,LHR16,59
2025-08-24 14:00:00.000,LHR16,35
2025-08-24 15:00:00.000,LHR16,38
2025-08-24 16:00:00.000,LHR16,64
2025-08-24 17:00:00.000,LHR16,22
2025-08-24 18:00:00.000,LHR16,42
2025-08-24 19:00:00.000,LHR16,7
2025-08-24 20:00:00.000,LHR16,7
2025-08-24 21:00:00.000,LHR16,2
2025-08-25 05:00:00.000,LHR16,6
2025-08-25 06:00:00.000,LHR16,19
2025-08-25 07:00:00.000,LHR16,49
2025-08-25 08:00:00.000,LHR16,47
2025-08-25 09:00:00.000,LHR16,32
2025-08-25 10:00:00.000,LHR16,29
2025-08-25 11:00:00.000,LHR16,52
2025-08-25 12:00:00.000,LHR16,29
2025-08-25 13:00:00.000,LHR16,35
2025-08-25 14:00:00.000,LHR16,41
2025-08-25 15:00:00.000,LHR16,21
2025-08-25 16:00:00.000,LHR16,27
2025-08-25 17:00:00.000,LHR16,46
2025-08-25 18:00:00.000,LHR16,30
2025-08-25 19:00:00.000,LHR16,11
2025-08-25 20:00:00.000,LHR16,7
2025-08-26 05:00:00.000,LHR16,10
2025-08-26 06:00:00.000,LHR16,3
2025-08-26 07:00:00.000,LHR16,23
2025-08-26 08:00:00.000,LHR16,45
2025-08-26 09:00:00.000,LHR16,34
2025-08-26 10:00:00.000,LHR16,43
2025-08-26 11:00:00.000,LHR16,37
2025-08-26 12:00:00.000,LHR16,16
2025-08-26 13:00:00.000,LHR16,41
2025-08-26 14:00:00.000,LHR16,42
2025-08-26 15:00:00.000,LHR16,37
2025-08-26 16:00:00.000,LHR16,24
2025-08-26 17:00:00.000,LHR16,34
2025-08-26 18:00:00.000,LHR16,25
2025-08-26 19:00:00.000,LHR16,33
2025-08-26 20:00:00.000,LHR16,3
2025-08-27 00:00:00.000,LHR16,2
2025-08-27 05:00:00.000,LHR16,5
2025-08-27 06:00:00.000,LHR16,2
2025-08-27 07:00:00.000,LHR16,13
2025-08-27 08:00:00.000,LHR16,21
2025-08-27 09:00:00.000,LHR16,13
2025-08-27 10:00:00.000,LHR16,47
2025-08-27 11:00:00.000,LHR16,44
2025-08-27 12:00:00.000,LHR16,14
2025-08-27 13:00:00.000,LHR16,20
2025-08-27 14:00:00.000,LHR16,18
2025-08-27 15:00:00.000,LHR16,27
2025-08-27 16:00:00.000,LHR16,23
2025-08-27 17:00:00.000,LHR16,10
2025-08-27 18:00:00.000,LHR16,10
2025-08-27 19:00:00.000,LHR16,16
2025-08-27 20:00:00.000,LHR16,7
2025-08-27 21:00:00.000,LHR16,1
2025-08-28 05:00:00.000,LHR16,2
2025-08-28 06:00:00.000,LHR16,11
2025-08-28 07:00:00.000,LHR16,29
2025-08-28 08:00:00.000,LHR16,40
2025-08-28 09:00:00.000,LHR16,15
2025-08-28 10:00:00.000,LHR16,17
2025-08-28 11:00:00.000,LHR16,41
2025-08-28 12:00:00.000,LHR16,14
2025-08-28 13:00:00.000,LHR16,17
2025-08-28 14:00:00.000,LHR16,30
2025-08-28 15:00:00.000,LHR16,34
2025-08-28 16:00:00.000,LHR16,23
2025-08-28 17:00:00.000,LHR16,8
2025-08-28 18:00:00.000,LHR16,14
2025-08-28 19:00:00.000,LHR16,3
2025-08-28 20:00:00.000,LHR16,11
2025-08-28 21:00:00.000,LHR16,2
2025-08-29 06:00:00.000,LHR16,8
2025-08-29 07:00:00.000,LHR16,42
2025-08-29 08:00:00.000,LHR16,62
2025-08-29 09:00:00.000,LHR16,16
2025-08-29 10:00:00.000,LHR16,54
2025-08-29 11:00:00.000,LHR16,23
2025-08-29 12:00:00.000,LHR16,14
2025-08-29 13:00:00.000,LHR16,38
2025-08-29 14:00:00.000,LHR16,34
2025-08-29 15:00:00.000,LHR16,54
2025-08-29 16:00:00.000,LHR16,20
2025-08-29 17:00:00.000,LHR16,19
2025-08-29 18:00:00.000,LHR16,34
2025-08-29 19:00:00.000,LHR16,38
2025-08-29 20:00:00.000,LHR16,8
2025-08-29 21:00:00.000,LHR16,3
2025-08-30 05:00:00.000,LHR16,11
2025-08-30 06:00:00.000,LHR16,14
2025-08-30 07:00:00.000,LHR16,48
2025-08-30 08:00:00.000,LHR16,51
2025-08-30 09:00:00.000,LHR16,8
2025-08-30 10:00:00.000,LHR16,28
2025-08-30 11:00:00.000,LHR16,46
2025-08-30 12:00:00.000,LHR16,19
2025-08-30 13:00:00.000,LHR16,32
2025-08-30 14:00:00.000,LHR16,34
2025-08-30 15:00:00.000,LHR16,42
2025-08-30 16:00:00.000,LHR16,21
2025-08-30 17:00:00.000,LHR16,9
2025-08-30 18:00:00.000,LHR16,38
2025-08-30 19:00:00.000,LHR16,25
2025-08-30 20:00:00.000,LHR16,8
2025-08-31 05:00:00.000,LHR16,16
2025-08-31 06:00:00.000,LHR16,8
2025-08-31 07:00:00.000,LHR16,48
2025-08-31 08:00:00.000,LHR16,40
2025-08-31 09:00:00.000,LHR16,46
2025-08-31 10:00:00.000,LHR16,59
2025-08-31 11:00:00.000,LHR16,35
2025-08-31 12:00:00.000,LHR16,30
2025-08-31 13:00:00.000,LHR16,26
2025-08-31 14:00:00.000,LHR16,31
2025-08-31 15:00:00.000,LHR16,22
2025-08-31 16:00:00.000,LHR16,33
2025-08-31 17:00:00.000,LHR16,50
2025-08-31 18:00:00.000,LHR16,31
2025-08-31 19:00:00.000,LHR16,25
2025-08-31 20:00:00.000,LHR16,12
2025-08-31 21:00:00.000,LHR16,2
2025-09-01 05:00:00.000,LHR16,4
2025-09-01 06:00:00.000,LHR16,16
2025-09-01 07:00:00.000,LHR16,66
2025-09-01 08:00:00.000,LHR16,26
2025-09-01 09:00:00.000,LHR16,41
2025-09-01 10:00:00.000,LHR16,28
2025-09-01 11:00:00.000,LHR16,80
2025-09-01 12:00:00.000,LHR16,32
2025-09-01 13:00:00.000,LHR16,45
2025-09-01 14:00:00.000,LHR16,41
2025-09-01 15:00:00.000,LHR16,39
2025-09-01 16:00:00.000,LHR16,26
2025-09-01 17:00:00.000,LHR16,39
2025-09-01 18:00:00.000,LHR16,49
2025-09-01 19:00:00.000,LHR16,5
2025-09-01 20:00:00.000,LHR16,6
2025-09-01 21:00:00.000,LHR16,3
2025-09-02 00:00:00.000,LHR16,2
2025-09-02 05:00:00.000,LHR16,5
2025-09-02 06:00:00.000,LHR16,14
2025-09-02 07:00:00.000,LHR16,28
2025-09-02 08:00:00.000,LHR16,28
2025-09-02 09:00:00.000,LHR16,36
2025-09-02 10:00:00.000,LHR16,45
2025-09-02 11:00:00.000,LHR16,50
2025-09-02 12:00:00.000,LHR16,38
2025-09-02 13:00:00.000,LHR16,26
2025-09-02 14:00:00.000,LHR16,50
2025-09-02 15:00:00.000,LHR16,20
2025-09-02 16:00:00.000,LHR16,27
2025-09-02 17:00:00.000,LHR16,14
2025-09-02 18:00:00.000,LHR16,17
2025-09-02 19:00:00.000,LHR16,10
2025-09-02 20:00:00.000,LHR16,7
2025-09-02 21:00:00.000,LHR16,1
2025-09-03 05:00:00.000,LHR16,2
2025-09-03 06:00:00.000,LHR16,11
2025-09-03 07:00:00.000,LHR16,39
2025-09-03 08:00:00.000,LHR16,29
2025-09-03 09:00:00.000,LHR16,16
2025-09-03 10:00:00.000,LHR16,15
2025-09-03 11:00:00.000,LHR16,36
2025-09-03 12:00:00.000,LHR16,32
2025-09-03 13:00:00.000,LHR16,27
2025-09-03 14:00:00.000,LHR16,32
2025-09-03 15:00:00.000,LHR16,38
2025-09-03 16:00:00.000,LHR16,9
2025-09-03 17:00:00.000,LHR16,36
2025-09-03 18:00:00.000,LHR16,35
2025-09-03 19:00:00.000,LHR16,28
2025-09-03 20:00:00.000,LHR16,15
2025-09-03 21:00:00.000,LHR16,2
2025-09-04 05:00:00.000,LHR16,5
2025-09-04 06:00:00.000,LHR16,32
2025-09-04 07:00:00.000,LHR16,24
2025-09-04 08:00:00.000,LHR16,24
2025-09-04 09:00:00.000,LHR16,11
2025-09-04 10:00:00.000,LHR16,19
2025-09-04 11:00:00.000,LHR16,53
2025-09-04 12:00:00.000,LHR16,31
2025-09-04 13:00:00.000,LHR16,21
2025-09-04 14:00:00.000,LHR16,49
2025-09-04 15:00:00.000,LHR16,28
2025-09-04 16:00:00.000,LHR16,28
2025-09-04 17:00:00.000,LHR16,23
2025-09-04 18:00:00.000,LHR16,42
2025-09-04 19:00:00.000,LHR16,48
2025-09-04 20:00:00.000,LHR16,19
2025-09-04 21:00:00.000,LHR16,3
2025-09-05 05:00:00.000,LHR16,10
2025-09-05 06:00:00.000,LHR16,21
2025-09-05 07:00:00.000,LHR16,38
2025-09-05 08:00:00.000,LHR16,35
2025-09-05 09:00:00.000,LHR16,35
2025-09-05 10:00:00.000,LHR16,48
2025-09-05 11:00:00.000,LHR16,45
2025-09-05 12:00:00.000,LHR16,38
2025-09-05 13:00:00.000,LHR16,21
2025-09-05 14:00:00.000,LHR16,31
2025-09-05 15:00:00.000,LHR16,54
2025-09-05 16:00:00.000,LHR16,17
2025-09-05 17:00:00.000,LHR16,39
2025-09-05 18:00:00.000,LHR16,21
2025-09-05 19:00:00.000,LHR16,8
2025-09-05 20:00:00.000,LHR16,6
2025-09-06 00:00:00.000,LHR16,1
2025-09-06 05:00:00.000,LHR16,6
2025-09-06 06:00:00.000,LHR16,19
2025-09-06 07:00:00.000,LHR16,47
2025-09-06 08:00:00.000,LHR16,22
2025-09-06 09:00:00.000,LHR16,57
2025-09-06 10:00:00.000,LHR16,28
2025-09-06 11:00:00.000,LHR16,42
2025-09-06 12:00:00.000,LHR16,47
2025-09-06 13:00:00.000,LHR16,62
2025-09-06 14:00:00.000,LHR16,27
2025-09-06 15:00:00.000,LHR16,39
2025-09-06 16:00:00.000,LHR16,19
2025-09-06 17:00:00.000,LHR16,31
2025-09-06 18:00:00.000,LHR16,22
2025-09-06 19:00:00.000,LHR16,35
2025-09-06 20:00:00.000,LHR16,16
2025-09-07 00:00:00.000,LHR16,1
2025-09-07 05:00:00.000,LHR16,6
2025-09-07 06:00:00.000,LHR16,17
2025-09-07 07:00:00.000,LHR16,38
2025-09-07 08:00:00.000,LHR16,48
2025-09-07 09:00:00.000,LHR16,41
2025-09-07 10:00:00.000,LHR16,26
2025-09-07 11:00:00.000,LHR16,76
2025-09-07 12:00:00.000,LHR16,57
2025-09-07 13:00:00.000,LHR16,21
2025-09-07 14:00:00.000,LHR16,49
2025-09-07 15:00:00.000,LHR16,74
2025-09-07 16:00:00.000,LHR16,51
2025-09-07 17:00:00.000,LHR16,39
2025-09-07 18:00:00.000,LHR16,47
2025-09-07 19:00:00.000,LHR16,22
2025-09-07 20:00:00.000,LHR16,2
2025-09-07 21:00:00.000,LHR16,4
2025-09-08 00:00:00.000,LHR16,1
2025-09-08 05:00:00.000,LHR16,10
2025-09-08 06:00:00.000,LHR16,28
2025-09-08 07:00:00.000,LHR16,40
2025-09-08 08:00:00.000,LHR16,32
2025-09-08 09:00:00.000,LHR16,19
2025-09-08 10:00:00.000,LHR16,24
2025-09-08 11:00:00.000,LHR16,35
2025-09-08 12:00:00.000,LHR16,36
2025-09-08 13:00:00.000,LHR16,47
2025-09-08 14:00:00.000,LHR16,33
2025-09-08 15:00:00.000,LHR16,32
2025-09-08 16:00:00.000,LHR16,30
2025-09-08 17:00:00.000,LHR16,14
2025-09-08 18:00:00.000,LHR16,27
2025-09-08 19:00:00.000,LHR16,51
2025-09-08 20:00:00.000,LHR16,6
2025-09-08 21:00:00.000,LHR16,1
2025-09-09 00:00:00.000,LHR16,1
2025-09-09 05:00:00.000,LHR16,2
2025-09-09 06:00:00.000,LHR16,17
2025-09-09 07:00:00.000,LHR16,37
2025-09-09 08:00:00.000,LHR16,13
2025-09-09 09:00:00.000,LHR16,25
2025-09-09 10:00:00.000,LHR16,53
2025-09-09 11:00:00.000,LHR16,24
2025-09-09 12:00:00.000,LHR16,29
2025-09-09 13:00:00.000,LHR16,31
2025-09-09 14:00:00.000,LHR16,39
2025-09-09 15:00:00.000,LHR16,29
2025-09-09 16:00:00.000,LHR16,16
2025-09-09 17:00:00.000,LHR16,9
2025-09-09 18:00:00.000,LHR16,19
2025-09-09 19:00:00.000,LHR16,10
2025-09-09 20:00:00.000,LHR16,7
2025-09-10 05:00:00.000,LHR16,9
2025-09-10 06:00:00.000,LHR16,28
2025-09-10 07:00:00.000,LHR16,28
2025-09-10 08:00:00.000,LHR16,37
2025-09-10 09:00:00.000,LHR16,41
2025-09-10 10:00:00.000,LHR16,30
2025-09-10 11:00:00.000,LHR16,28
2025-09-10 12:00:00.000,LHR16,12
2025-09-10 13:00:00.000,LHR16,38
2025-09-10 14:00:00.000,LHR16,27
2025-09-10 15:00:00.000,LHR16,25
2025-09-10 16:00:00.000,LHR16,7
2025-09-10 17:00:00.000,LHR16,20
2025-09-10 18:00:00.000,LHR16,26
2025-09-10 19:00:00.000,LHR16,27
2025-09-10 20:00:00.000,LHR16,5
2025-09-10 21:00:00.000,LHR16,1
2025-09-11 05:00:00.000,LHR16,4
2025-09-11 06:00:00.000,LHR16,11
2025-09-11 07:00:00.000,LHR16,42
2025-09-11 08:00:00.000,LHR16,22
2025-09-11 09:00:00.000,LHR16,29
2025-09-11 10:00:00.000,LHR16,34
2025-09-11 11:00:00.000,LHR16,31
2025-09-11 12:00:00.000,LHR16,34
2025-09-11 13:00:00.000,LHR16,28
2025-09-11 14:00:00.000,LHR16,24
2025-09-11 15:00:00.000,LHR16,14
2025-09-11 16:00:00.000,LHR16,12
2025-09-11 17:00:00.000,LHR16,18
2025-09-11 18:00:00.000,LHR16,23
2025-09-11 19:00:00.000,LHR16,14
2025-09-11 20:00:00.000,LHR16,4
2025-09-11 21:00:00.000,LHR16,2
2025-09-12 05:00:00.000,LHR16,2
2025-09-12 06:00:00.000,LHR16,17
2025-09-12 07:00:00.000,LHR16,48
2025-09-12 08:00:00.000,LHR16,28
2025-09-12 09:00:00.000,LHR16,26
2025-09-12 10:00:00.000,LHR16,27
2025-09-12 11:00:00.000,LHR16,50
2025-09-12 12:00:00.000,LHR16,21
2025-09-12 13:00:00.000,LHR16,35
2025-09-12 14:00:00.000,LHR16,18
2025-09-12 15:00:00.000,LHR16,34
2025-09-12 16:00:00.000,LHR16,13
2025-09-12 17:00:00.000,LHR16,10
2025-09-12 18:00:00.000,LHR16,29
2025-09-12 19:00:00.000,LHR16,39
2025-09-12 20:00:00.000,LHR16,25
2025-09-12 21:00:00.000,LHR16,1
2025-09-13 00:00:00.000,LHR16,1
2025-09-13 05:00:00.000,LHR16,2
2025-09-13 06:00:00.000,LHR16,15
2025-09-13 07:00:00.000,LHR16,41
2025-09-13 08:00:00.000,LHR16,49
2025-09-13 09:00:00.000,LHR16,16
2025-09-13 10:00:00.000,LHR16,40
2025-09-13 11:00:00.000,LHR16,69
2025-09-13 12:00:00.000,LHR16,43
2025-09-13 13:00:00.000,LHR16,56
2025-09-13 14:00:00.000,LHR16,37
2025-09-13 15:00:00.000,LHR16,25
2025-09-13 16:00:00.000,LHR16,28
2025-09-13 17:00:00.000,LHR16,30
2025-09-13 18:00:00.000,LHR16,49
2025-09-13 19:00:00.000,LHR16,53
2025-09-13 20:00:00.000,LHR16,7
2025-09-13 21:00:00.000,LHR16,2
2025-09-14 05:00:00.000,LHR16,8
2025-09-14 06:00:00.000,LHR16,12
2025-09-14 07:00:00.000,LHR16,44
2025-09-14 08:00:00.000,LHR16,44
2025-09-14 09:00:00.000,LHR16,29
2025-09-14 10:00:00.000,LHR16,48
2025-09-14 11:00:00.000,LHR16,75
2025-09-14 12:00:00.000,LHR16,25
2025-09-14 13:00:00.000,LHR16,44
2025-09-14 14:00:00.000,LHR16,59
2025-09-14 15:00:00.000,LHR16,41
2025-09-14 16:00:00.000,LHR16,30
2025-09-14 17:00:00.000,LHR16,16
2025-09-14 18:00:00.000,LHR16,21
2025-09-14 19:00:00.000,LHR16,23
2025-09-14 20:00:00.000,LHR16,7
2025-09-15 05:00:00.000,LHR16,2
2025-09-15 06:00:00.000,LHR16,19
2025-09-15 07:00:00.000,LHR16,37
2025-09-15 08:00:00.000,LHR16,25
2025-09-15 09:00:00.000,LHR16,31
2025-09-15 10:00:00.000,LHR16,36
2025-09-15 11:00:00.000,LHR16,42
2025-09-15 12:00:00.000,LHR16,20
2025-09-15 13:00:00.000,LHR16,38
2025-09-15 14:00:00.000,LHR16,48
2025-09-15 15:00:00.000,LHR16,42
2025-09-15 16:00:00.000,LHR16,28
2025-09-15 17:00:00.000,LHR16,26
2025-09-15 18:00:00.000,LHR16,31
2025-09-15 19:00:00.000,LHR16,39
2025-09-15 20:00:00.000,LHR16,6
2025-09-15 21:00:00.000,LHR16,1
2025-09-16 05:00:00.000,LHR16,4
2025-09-16 06:00:00.000,LHR16,22
2025-09-16 07:00:00.000,LHR16,37
2025-09-16 08:00:00.000,LHR16,37
2025-09-16 09:00:00.000,LHR16,15
2025-09-16 10:00:00.000,LHR16,23
2025-09-16 11:00:00.000,LHR16,49
2025-09-16 12:00:00.000,LHR16,26
2025-09-16 13:00:00.000,LHR16,33
2025-09-16 14:00:00.000,LHR16,27
2025-09-16 15:00:00.000,LHR16,13
2025-09-16 16:00:00.000,LHR16,9
2025-09-16 17:00:00.000,LHR16,8
2025-09-16 18:00:00.000,LHR16,21
2025-09-16 19:00:00.000,LHR16,6
2025-09-16 20:00:00.000,LHR16,3
2025-09-16 21:00:00.000,LHR16,2
2025-09-17 00:00:00.000,LHR16,2
2025-09-17 05:00:00.000,LHR16,9
2025-09-17 06:00:00.000,LHR16,31
2025-09-17 07:00:00.000,LHR16,35
2025-09-17 08:00:00.000,LHR16,20
2025-09-17 09:00:00.000,LHR16,46
2025-09-17 10:00:00.000,LHR16,27
2025-09-17 11:00:00.000,LHR16,51
2025-09-17 12:00:00.000,LHR16,22
2025-09-17 13:00:00.000,LHR16,58
2025-09-17 14:00:00.000,LHR16,17
2025-09-17 15:00:00.000,LHR16,20
2025-09-17 16:00:00.000,LHR16,12
2025-09-17 17:00:00.000,LHR16,9
2025-09-17 18:00:00.000,LHR16,13
2025-09-17 19:00:00.000,LHR16,12
2025-09-17 20:00:00.000,LHR16,11
2025-09-17 21:00:00.000,LHR16,2
2025-09-18 05:00:00.000,LHR16,9
2025-09-18 06:00:00.000,LHR16,9
2025-09-18 07:00:00.000,LHR16,27
2025-09-18 08:00:00.000,LHR16,40
2025-09-18 09:00:00.000,LHR16,41
2025-09-18 10:00:00.000,LHR16,26
2025-09-18 11:00:00.000,LHR16,42
2025-09-18 12:00:00.000,LHR16,54
2025-09-18 13:00:00.000,LHR16,26
2025-09-18 14:00:00.000,LHR16,16
2025-09-18 15:00:00.000,LHR16,14
2025-09-18 16:00:00.000,LHR16,21
2025-09-18 17:00:00.000,LHR16,13
2025-09-18 18:00:00.000,LHR16,12
2025-09-18 19:00:00.000,LHR16,18
2025-09-18 20:00:00.000,LHR16,7
2025-09-18 21:00:00.000,LHR16,4
2025-09-19 05:00:00.000,LHR16,3
2025-09-19 06:00:00.000,LHR16,11
2025-09-19 07:00:00.000,LHR16,23
2025-09-19 08:00:00.000,LHR16,45
2025-09-19 09:00:00.000,LHR16,18
2025-09-19 10:00:00.000,LHR16,50
2025-09-19 11:00:00.000,LHR16,25
2025-09-19 12:00:00.000,LHR16,21
2025-09-19 13:00:00.000,LHR16,19
2025-09-19 14:00:00.000,LHR16,25
2025-09-19 15:00:00.000,LHR16,46
2025-09-19 16:00:00.000,LHR16,26
2025-09-19 17:00:00.000,LHR16,16
2025-09-19 18:00:00.000,LHR16,30
2025-09-19 19:00:00.000,LHR16,21
2025-09-19 20:00:00.000,LHR16,13
2025-09-19 21:00:00.000,LHR16,6
2025-09-20 00:00:00.000,LHR16,3
2025-09-20 05:00:00.000,LHR16,4
2025-09-20 06:00:00.000,LHR16,17
2025-09-20 07:00:00.000,LHR16,29
2025-09-20 08:00:00.000,LHR16,39
2025-09-20 09:00:00.000,LHR16,30
2025-09-20 10:00:00.000,LHR16,45
2025-09-20 11:00:00.000,LHR16,33
2025-09-20 12:00:00.000,LHR16,47
2025-09-20 13:00:00.000,LHR16,44
2025-09-20 14:00:00.000,LHR16,47
2025-09-20 15:00:00.000,LHR16,31
2025-09-20 16:00:00.000,LHR16,36
2025-09-20 17:00:00.000,LHR16,36
2025-09-20 18:00:00.000,LHR16,36
2025-09-20 19:00:00.000,LHR16,48
2025-09-20 20:00:00.000,LHR16,12
2025-09-20 21:00:00.000,LHR16,4
2025-09-21 00:00:00.000,LHR16,2
2025-09-21 05:00:00.000,LHR16,12
2025-09-21 06:00:00.000,LHR16,21
2025-09-21 07:00:00.000,LHR16,32
2025-09-21 08:00:00.000,LHR16,65
2025-09-21 09:00:00.000,LHR16,31
2025-09-21 10:00:00.000,LHR16,53
2025-09-21 11:00:00.000,LHR16,70
2025-09-21 12:00:00.000,LHR16,31
2025-09-21 13:00:00.000,LHR16,56
2025-09-21 14:00:00.000,LHR16,39
2025-09-21 15:00:00.000,LHR16,42
2025-09-21 16:00:00.000,LHR16,51
2025-09-21 17:00:00.000,LHR16,13
2025-09-21 18:00:00.000,LHR16,36
2025-09-21 19:00:00.000,LHR16,18
2025-09-21 20:00:00.000,LHR16,23
2025-09-21 21:00:00.000,LHR16,2
2025-09-22 00:00:00.000,LHR16,2
2025-09-22 05:00:00.000,LHR16,6
2025-09-22 06:00:00.000,LHR16,6
2025-09-22 07:00:00.000,LHR16,28
2025-09-22 08:00:00.000,LHR16,16
2025-09-22 09:00:00.000,LHR16,18
2025-09-22 10:00:00.000,LHR16,39
2025-09-22 11:00:00.000,LHR16,52
2025-09-22 12:00:00.000,LHR16,27
2025-09-22 13:00:00.000,LHR16,34
2025-09-22 14:00:00.000,LHR16,21
2025-09-22 15:00:00.000,LHR16,29
2025-09-22 16:00:00.000,LHR16,20
2025-09-22 17:00:00.000,LHR16,16
2025-09-22 18:00:00.000,LHR16,14
2025-09-22 19:00:00.000,LHR16,24
2025-09-22 20:00:00.000,LHR16,5
2025-09-22 21:00:00.000,LHR16,2
2025-09-23 05:00:00.000,LHR16,9
2025-09-23 06:00:00.000,LHR16,9
2025-09-23 07:00:00.000,LHR16,39
2025-09-23 08:00:00.000,LHR16,26
2025-09-23 09:00:00.000,LHR16,29
2025-09-23 10:00:00.000,LHR16,46
2025-09-23 11:00:00.000,LHR16,40
2025-09-23 12:00:00.000,LHR16,45
2025-09-23 13:00:00.000,LHR16,19
2025-09-23 14:00:00.000,LHR16,24
2025-09-23 15:00:00.000,LHR16,17
2025-09-23 16:00:00.000,LHR16,19
2025-09-23 17:00:00.000,LHR16,15
2025-09-23 18:00:00.000,LHR16,26
2025-09-23 19:00:00.000,LHR16,14
2025-09-23 20:00:00.000,LHR16,7
2025-09-23 21:00:00.000,LHR16,1
2025-09-24 00:00:00.000,LHR16,4
2025-09-24 06:00:00.000,LHR16,6
2025-09-24 07:00:00.000,LHR16,62
2025-09-24 08:00:00.000,LHR16,23
2025-09-24 09:00:00.000,LHR16,47
2025-09-24 10:00:00.000,LHR16,57
2025-09-24 11:00:00.000,LHR16,29
2025-09-24 12:00:00.000,LHR16,10
2025-09-24 13:00:00.000,LHR16,41
2025-09-24 14:00:00.000,LHR16,45
2025-09-24 15:00:00.000,LHR16,5
2025-09-24 16:00:00.000,LHR16,13
2025-09-24 17:00:00.000,LHR16,17
2025-09-24 18:00:00.000,LHR16,22
2025-09-24 19:00:00.000,LHR16,32
2025-09-24 20:00:00.000,LHR16,19
2025-09-24 21:00:00.000,LHR16,1
2025-09-25 00:00:00.000,LHR16,3
2025-09-25 05:00:00.000,LHR16,4
2025-09-25 06:00:00.000,LHR16,5
2025-09-25 07:00:00.000,LHR16,44
2025-09-25 08:00:00.000,LHR16,39
2025-09-25 09:00:00.000,LHR16,14
2025-09-25 10:00:00.000,LHR16,30
2025-09-25 11:00:00.000,LHR16,35
2025-09-25 12:00:00.000,LHR16,32
2025-09-25 13:00:00.000,LHR16,16
2025-09-25 14:00:00.000,LHR16,32
2025-09-25 15:00:00.000,LHR16,41
2025-09-25 16:00:00.000,LHR16,12
2025-09-25 17:00:00.000,LHR16,17
2025-09-25 18:00:00.000,LHR16,67
2025-09-25 19:00:00.000,LHR16,25
2025-09-25 20:00:00.000,LHR16,10
2025-09-26 05:00:00.000,LHR16,2
2025-09-26 06:00:00.000,LHR16,14
2025-09-26 07:00:00.000,LHR16,43
2025-09-26 08:00:00.000,LHR16,25
2025-09-26 09:00:00.000,LHR16,61
2025-09-26 10:00:00.000,LHR16,53
2025-09-26 11:00:00.000,LHR16,32
2025-09-26 12:00:00.000,LHR16,26
2025-09-26 13:00:00.000,LHR16,45
2025-09-26 14:00:00.000,LHR16,22
2025-09-26 15:00:00.000,LHR16,44
2025-09-26 16:00:00.000,LHR16,24
2025-09-26 17:00:00.000,LHR16,20
2025-09-26 18:00:00.000,LHR16,36
2025-09-26 19:00:00.000,LHR16,51
2025-09-26 20:00:00.000,LHR16,17
2025-09-26 21:00:00.000,LHR16,4
2025-09-27 05:00:00.000,LHR16,9
2025-09-27 06:00:00.000,LHR16,13
2025-09-27 07:00:00.000,LHR16,25
2025-09-27 08:00:00.000,LHR16,42
2025-09-27 09:00:00.000,LHR16,23
2025-09-27 10:00:00.000,LHR16,34
2025-09-27 11:00:00.000,LHR16,67
2025-09-27 12:00:00.000,LHR16,22
2025-09-27 13:00:00.000,LHR16,37
2025-09-27 14:00:00.000,LHR16,52
2025-09-27 15:00:00.000,LHR16,27
2025-09-27 16:00:00.000,LHR16,16
2025-09-27 17:00:00.000,LHR16,14
2025-09-27 18:00:00.000,LHR16,43
2025-09-27 19:00:00.000,LHR16,52
2025-09-27 20:00:00.000,LHR16,27
2025-09-27 21:00:00.000,LHR16,1
2025-09-28 05:00:00.000,LHR16,4
2025-09-28 06:00:00.000,LHR16,6
2025-09-28 07:00:00.000,LHR16,35
2025-09-28 08:00:00.000,LHR16,29
2025-09-28 09:00:00.000,LHR16,23
2025-09-28 10:00:00.000,LHR16,37
2025-09-28 11:00:00.000,LHR16,64
2025-09-28 12:00:00.000,LHR16,31
2025-09-28 13:00:00.000,LHR16,57
2025-09-28 14:00:00.000,LHR16,46
2025-09-28 15:00:00.000,LHR16,43
2025-09-28 16:00:00.000,LHR16,47
2025-09-28 17:00:00.000,LHR16,28
2025-09-28 18:00:00.000,LHR16,38
2025-09-28 19:00:00.000,LHR16,65
2025-09-28 20:00:00.000,LHR16,9
2025-09-28 21:00:00.000,LHR16,2
2025-09-29 05:00:00.000,LHR16,8
2025-09-29 06:00:00.000,LHR16,11
2025-09-29 07:00:00.000,LHR16,35
2025-09-29 08:00:00.000,LHR16,22
2025-09-29 09:00:00.000,LHR16,55
2025-09-29 10:00:00.000,LHR16,30
2025-09-29 11:00:00.000,LHR16,41
2025-09-29 12:00:00.000,LHR16,42
2025-09-29 13:00:00.000,LHR16,46
2025-09-29 14:00:00.000,LHR16,32
2025-09-29 15:00:00.000,LHR16,27
2025-09-29 16:00:00.000,LHR16,27
2025-09-29 17:00:00.000,LHR16,15
2025-09-29 18:00:00.000,LHR16,19
2025-09-29 19:00:00.000,LHR16,35
2025-09-29 20:00:00.000,LHR16,5
2025-09-29 21:00:00.000,LHR16,1
2025-09-30 00:00:00.000,LHR16,1
2025-09-30 06:00:00.000,LHR16,15
2025-09-30 07:00:00.000,LHR16,56
2025-09-30 08:00:00.000,LHR16,23
2025-09-30 09:00:00.000,LHR16,31
2025-09-30 10:00:00.000,LHR16,44
2025-09-30 11:00:00.000,LHR16,54
2025-09-30 12:00:00.000,LHR16,41
2025-09-30 13:00:00.000,LHR16,37
2025-09-30 14:00:00.000,LHR16,24
2025-09-30 15:00:00.000,LHR16,42
2025-09-30 16:00:00.000,LHR16,16
2025-09-30 17:00:00.000,LHR16,11
2025-09-30 18:00:00.000,LHR16,44
2025-09-30 19:00:00.000,LHR16,30
2025-09-30 20:00:00.000,LHR16,6
2025-09-30 21:00:00.000,LHR16,2
2025-07-01 05:00:00.000,LHR24D,2
2025-07-01 07:00:00.000,LHR24D,1
2025-07-01 08:00:00.000,LHR24D,8
2025-07-01 10:00:00.000,LHR24D,3
2025-07-01 11:00:00.000,LHR24D,1
2025-07-01 13:00:00.000,LHR24D,1
2025-07-01 14:00:00.000,LHR24D,3
2025-07-01 15:00:00.000,LHR24D,1
2025-07-01 16:00:00.000,LHR24D,1
2025-07-01 18:00:00.000,LHR24D,2
2025-07-01 20:00:00.000,LHR24D,2
2025-07-02 08:00:00.000,LHR24D,1
2025-07-02 09:00:00.000,LHR24D,1
2025-07-02 11:00:00.000,LHR24D,1
2025-07-02 14:00:00.000,LHR24D,2
2025-07-02 15:00:00.000,LHR24D,1
2025-07-02 17:00:00.000,LHR24D,2
2025-07-02 18:00:00.000,LHR24D,4
2025-07-02 20:00:00.000,LHR24D,2
2025-07-03 05:00:00.000,LHR24D,2
2025-07-03 06:00:00.000,LHR24D,2
2025-07-03 07:00:00.000,LHR24D,1
2025-07-03 11:00:00.000,LHR24D,1
2025-07-03 15:00:00.000,LHR24D,1
2025-07-03 16:00:00.000,LHR24D,2
2025-07-03 17:00:00.000,LHR24D,1
2025-07-03 18:00:00.000,LHR24D,2
2025-07-03 19:00:00.000,LHR24D,4
2025-07-03 20:00:00.000,LHR24D,1
2025-07-04 06:00:00.000,LHR24D,3
2025-07-04 07:00:00.000,LHR24D,1
2025-07-04 09:00:00.000,LHR24D,5
2025-07-04 10:00:00.000,LHR24D,4
2025-07-04 14:00:00.000,LHR24D,1
2025-07-04 16:00:00.000,LHR24D,1
2025-07-04 17:00:00.000,LHR24D,3
2025-07-04 18:00:00.000,LHR24D,1
2025-07-04 20:00:00.000,LHR24D,10
2025-07-05 05:00:00.000,LHR24D,2
2025-07-05 06:00:00.000,LHR24D,2
2025-07-05 07:00:00.000,LHR24D,2
2025-07-05 14:00:00.000,LHR24D,2
2025-07-05 17:00:00.000,LHR24D,3
2025-07-05 18:00:00.000,LHR24D,2
2025-07-06 07:00:00.000,LHR24D,1
2025-07-06 14:00:00.000,LHR24D,1
2025-07-06 15:00:00.000,LHR24D,3
2025-07-06 16:00:00.000,LHR24D,1
2025-07-06 17:00:00.000,LHR24D,1
2025-07-06 18:00:00.000,LHR24D,1
2025-07-06 19:00:00.000,LHR24D,2
2025-07-07 08:00:00.000,LHR24D,1
2025-07-07 10:00:00.000,LHR24D,1
2025-07-07 12:00:00.000,LHR24D,2
2025-07-07 13:00:00.000,LHR24D,2
2025-07-07 15:00:00.000,LHR24D,1
2025-07-07 17:00:00.000,LHR24D,2
2025-07-07 18:00:00.000,LHR24D,4
2025-07-07 19:00:00.000,LHR24D,7
2025-07-07 20:00:00.000,LHR24D,2
2025-07-08 06:00:00.000,LHR24D,2
2025-07-08 08:00:00.000,LHR24D,1
2025-07-08 09:00:00.000,LHR24D,1
2025-07-08 11:00:00.000,LHR24D,1
2025-07-08 13:00:00.000,LHR24D,3
2025-07-08 16:00:00.000,LHR24D,2
2025-07-08 18:00:00.000,LHR24D,5
2025-07-08 19:00:00.000,LHR24D,3
2025-07-08 20:00:00.000,LHR24D,1
2025-07-09 05:00:00.000,LHR24D,1
2025-07-09 07:00:00.000,LHR24D,2
2025-07-09 09:00:00.000,LHR24D,4
2025-07-09 14:00:00.000,LHR24D,1
2025-07-09 15:00:00.000,LHR24D,1
2025-07-09 16:00:00.000,LHR24D,2
2025-07-09 17:00:00.000,LHR24D,3
2025-07-09 18:00:00.000,LHR24D,1
2025-07-09 19:00:00.000,LHR24D,1
2025-07-09 20:00:00.000,LHR24D,2
2025-07-10 05:00:00.000,LHR24D,1
2025-07-10 07:00:00.000,LHR24D,1
2025-07-10 09:00:00.000,LHR24D,1
2025-07-10 11:00:00.000,LHR24D,2
2025-07-10 13:00:00.000,LHR24D,2
2025-07-10 17:00:00.000,LHR24D,3
2025-07-10 18:00:00.000,LHR24D,3
2025-07-10 19:00:00.000,LHR24D,3
2025-07-11 07:00:00.000,LHR24D,3
2025-07-11 12:00:00.000,LHR24D,1
2025-07-11 17:00:00.000,LHR24D,1
2025-07-11 18:00:00.000,LHR24D,1
2025-07-11 19:00:00.000,LHR24D,4
2025-07-11 20:00:00.000,LHR24D,2
2025-07-12 05:00:00.000,LHR24D,2
2025-07-12 06:00:00.000,LHR24D,3
2025-07-12 07:00:00.000,LHR24D,1
2025-07-12 09:00:00.000,LHR24D,1
2025-07-12 11:00:00.000,LHR24D,1
2025-07-12 12:00:00.000,LHR24D,2
2025-07-12 15:00:00.000,LHR24D,3
2025-07-12 16:00:00.000,LHR24D,1
2025-07-12 18:00:00.000,LHR24D,6
2025-07-12 19:00:00.000,LHR24D,2
2025-07-12 20:00:00.000,LHR24D,1
2025-07-13 09:00:00.000,LHR24D,2
2025-07-13 10:00:00.000,LHR24D,1
2025-07-13 13:00:00.000,LHR24D,2
2025-07-13 17:00:00.000,LHR24D,6
2025-07-14 10:00:00.000,LHR24D,1
2025-07-14 11:00:00.000,LHR24D,2
2025-07-14 14:00:00.000,LHR24D,5
2025-07-14 15:00:00.000,LHR24D,1
2025-07-14 16:00:00.000,LHR24D,5
2025-07-14 17:00:00.000,LHR24D,3
2025-07-14 19:00:00.000,LHR24D,2
2025-07-15 12:00:00.000,LHR24D,5
2025-07-15 17:00:00.000,LHR24D,1
2025-07-15 18:00:00.000,LHR24D,2
2025-07-15 19:00:00.000,LHR24D,7
2025-07-15 20:00:00.000,LHR24D,2
2025-07-16 08:00:00.000,LHR24D,2
2025-07-16 09:00:00.000,LHR24D,2
2025-07-16 13:00:00.000,LHR24D,1
2025-07-16 17:00:00.000,LHR24D,5
2025-07-16 18:00:00.000,LHR24D,3
2025-07-16 19:00:00.000,LHR24D,2
2025-07-16 20:00:00.000,LHR24D,1
2025-07-17 07:00:00.000,LHR24D,1
2025-07-17 10:00:00.000,LHR24D,1
2025-07-17 11:00:00.000,LHR24D,2
2025-07-17 12:00:00.000,LHR24D,2
2025-07-17 14:00:00.000,LHR24D,2
2025-07-17 15:00:00.000,LHR24D,1
2025-07-17 16:00:00.000,LHR24D,1
2025-07-17 17:00:00.000,LHR24D,2
2025-07-17 19:00:00.000,LHR24D,5
2025-07-18 07:00:00.000,LHR24D,1
2025-07-18 08:00:00.000,LHR24D,2
2025-07-18 09:00:00.000,LHR24D,1
2025-07-18 10:00:00.000,LHR24D,1
2025-07-18 14:00:00.000,LHR24D,2
2025-07-18 17:00:00.000,LHR24D,3
2025-07-18 18:00:00.000,LHR24D,1
2025-07-18 19:00:00.000,LHR24D,3
2025-07-19 07:00:00.000,LHR24D,3
2025-07-19 11:00:00.000,LHR24D,3
2025-07-19 15:00:00.000,LHR24D,4
2025-07-19 16:00:00.000,LHR24D,1
2025-07-19 17:00:00.000,LHR24D,4
2025-07-19 18:00:00.000,LHR24D,2
2025-07-19 20:00:00.000,LHR24D,2
2025-07-20 05:00:00.000,LHR24D,3
2025-07-20 12:00:00.000,LHR24D,2
2025-07-20 13:00:00.000,LHR24D,3
2025-07-20 16:00:00.000,LHR24D,1
2025-07-20 20:00:00.000,LHR24D,2
2025-07-21 11:00:00.000,LHR24D,1
2025-07-21 12:00:00.000,LHR24D,3
2025-07-21 16:00:00.000,LHR24D,1
2025-07-21 18:00:00.000,LHR24D,2
2025-07-21 19:00:00.000,LHR24D,3
2025-07-22 06:00:00.000,LHR24D,1
2025-07-22 09:00:00.000,LHR24D,6
2025-07-22 10:00:00.000,LHR24D,1
2025-07-22 11:00:00.000,LHR24D,1
2025-07-22 13:00:00.000,LHR24D,1
2025-07-22 18:00:00.000,LHR24D,1
2025-07-23 07:00:00.000,LHR24D,3
2025-07-23 09:00:00.000,LHR24D,1
2025-07-23 14:00:00.000,LHR24D,1
2025-07-23 15:00:00.000,LHR24D,2
2025-07-23 17:00:00.000,LHR24D,4
2025-07-23 18:00:00.000,LHR24D,3
2025-07-23 21:00:00.000,LHR24D,1
2025-07-24 10:00:00.000,LHR24D,2
2025-07-24 14:00:00.000,LHR24D,4
2025-07-24 15:00:00.000,LHR24D,4
2025-07-24 17:00:00.000,LHR24D,1
2025-07-24 18:00:00.000,LHR24D,1
2025-07-24 19:00:00.000,LHR24D,4
2025-07-25 06:00:00.000,LHR24D,1
2025-07-25 08:00:00.000,LHR24D,1
2025-07-25 09:00:00.000,LHR24D,1
2025-07-25 16:00:00.000,LHR24D,2
2025-07-25 17:00:00.000,LHR24D,4
2025-07-25 18:00:00.000,LHR24D,3
2025-07-25 19:00:00.000,LHR24D,2
2025-07-25 20:00:00.000,LHR24D,1
2025-07-26 00:00:00.000,LHR24D,2
2025-07-26 07:00:00.000,LHR24D,1
2025-07-26 08:00:00.000,LHR24D,1
2025-07-26 10:00:00.000,LHR24D,1
2025-07-26 11:00:00.000,LHR24D,2
2025-07-26 12:00:00.000,LHR24D,4
2025-07-26 14:00:00.000,LHR24D,5
2025-07-26 15:00:00.000,LHR24D,1
2025-07-26 18:00:00.000,LHR24D,1
2025-07-26 19:00:00.000,LHR24D,1
2025-07-26 20:00:00.000,LHR24D,2
2025-07-27 06:00:00.000,LHR24D,2
2025-07-27 07:00:00.000,LHR24D,1
2025-07-27 08:00:00.000,LHR24D,2
2025-07-27 09:00:00.000,LHR24D,1
2025-07-27 10:00:00.000,LHR24D,1
2025-07-27 11:00:00.000,LHR24D,2
2025-07-27 15:00:00.000,LHR24D,1
2025-07-27 16:00:00.000,LHR24D,5
2025-07-27 17:00:00.000,LHR24D,2
2025-07-27 19:00:00.000,LHR24D,5
2025-07-27 20:00:00.000,LHR24D,3
2025-07-28 08:00:00.000,LHR24D,2
2025-07-28 09:00:00.000,LHR24D,1
2025-07-28 11:00:00.000,LHR24D,1
2025-07-28 13:00:00.000,LHR24D,2
2025-07-28 14:00:00.000,LHR24D,2
2025-07-28 15:00:00.000,LHR24D,1
2025-07-28 16:00:00.000,LHR24D,3
2025-07-28 17:00:00.000,LHR24D,3
2025-07-28 19:00:00.000,LHR24D,3
2025-07-28 20:00:00.000,LHR24D,4
2025-07-29 06:00:00.000,LHR24D,1
2025-07-29 08:00:00.000,LHR24D,1
2025-07-29 11:00:00.000,LHR24D,1
2025-07-29 12:00:00.000,LHR24D,1
2025-07-29 14:00:00.000,LHR24D,1
2025-07-29 18:00:00.000,LHR24D,1
2025-07-29 19:00:00.000,LHR24D,2
2025-07-30 06:00:00.000,LHR24D,3
2025-07-30 08:00:00.000,LHR24D,2
2025-07-30 09:00:00.000,LHR24D,1
2025-07-30 11:00:00.000,LHR24D,10
2025-07-30 14:00:00.000,LHR24D,6
2025-07-30 17:00:00.000,LHR24D,1
2025-07-30 18:00:00.000,LHR24D,1
2025-07-30 19:00:00.000,LHR24D,4
2025-07-31 08:00:00.000,LHR24D,3
2025-07-31 09:00:00.000,LHR24D,1
2025-07-31 10:00:00.000,LHR24D,4
2025-07-31 11:00:00.000,LHR24D,2
2025-07-31 16:00:00.000,LHR24D,3
2025-07-31 17:00:00.000,LHR24D,1
2025-07-31 18:00:00.000,LHR24D,4
2025-07-31 19:00:00.000,LHR24D,6
2025-08-01 08:00:00.000,LHR24D,2
2025-08-01 09:00:00.000,LHR24D,2
2025-08-01 11:00:00.000,LHR24D,9
2025-08-01 12:00:00.000,LHR24D,1
2025-08-01 17:00:00.000,LHR24D,1
2025-08-01 18:00:00.000,LHR24D,6
2025-08-01 19:00:00.000,LHR24D,3
2025-08-02 06:00:00.000,LHR24D,4
2025-08-02 12:00:00.000,LHR24D,1
2025-08-02 16:00:00.000,LHR24D,2
2025-08-02 19:00:00.000,LHR24D,7
2025-08-03 08:00:00.000,LHR24D,5
2025-08-03 10:00:00.000,LHR24D,3
2025-08-03 14:00:00.000,LHR24D,1
2025-08-03 15:00:00.000,LHR24D,1
2025-08-03 16:00:00.000,LHR24D,2
2025-08-03 17:00:00.000,LHR24D,2
2025-08-03 18:00:00.000,LHR24D,2
2025-08-03 19:00:00.000,LHR24D,2
2025-08-03 20:00:00.000,LHR24D,1
2025-08-04 07:00:00.000,LHR24D,1
2025-08-04 10:00:00.000,LHR24D,1
2025-08-04 12:00:00.000,LHR24D,1
2025-08-04 14:00:00.000,LHR24D,2
2025-08-04 18:00:00.000,LHR24D,1
2025-08-04 19:00:00.000,LHR24D,2
2025-08-04 20:00:00.000,LHR24D,2
2025-08-05 08:00:00.000,LHR24D,2
2025-08-05 09:00:00.000,LHR24D,1
2025-08-05 12:00:00.000,LHR24D,4
2025-08-05 13:00:00.000,LHR24D,1
2025-08-05 14:00:00.000,LHR24D,1
2025-08-05 18:00:00.000,LHR24D,4
2025-08-05 20:00:00.000,LHR24D,4
2025-08-06 16:00:00.000,LHR24D,1
2025-08-06 17:00:00.000,LHR24D,2
2025-08-06 18:00:00.000,LHR24D,6
2025-08-06 19:00:00.000,LHR24D,1
2025-08-07 08:00:00.000,LHR24D,2
2025-08-07 10:00:00.000,LHR24D,1
2025-08-07 11:00:00.000,LHR24D,2
2025-08-07 15:00:00.000,LHR24D,1
2025-08-07 16:00:00.000,LHR24D,1
2025-08-07 17:00:00.000,LHR24D,3
2025-08-07 20:00:00.000,LHR24D,2
2025-08-08 06:00:00.000,LHR24D,1
2025-08-08 11:00:00.000,LHR24D,1
2025-08-08 13:00:00.000,LHR24D,5
2025-08-08 17:00:00.000,LHR24D,1
2025-08-08 18:00:00.000,LHR24D,2
2025-08-08 19:00:00.000,LHR24D,2
2025-08-08 20:00:00.000,LHR24D,1
2025-08-08 21:00:00.000,LHR24D,1
2025-08-09 05:00:00.000,LHR24D,1
2025-08-09 08:00:00.000,LHR24D,6
2025-08-09 09:00:00.000,LHR24D,1
2025-08-09 10:00:00.000,LHR24D,1
2025-08-09 13:00:00.000,LHR24D,2
2025-08-09 14:00:00.000,LHR24D,2
2025-08-09 18:00:00.000,LHR24D,3
2025-08-09 20:00:00.000,LHR24D,2
2025-08-10 08:00:00.000,LHR24D,4
2025-08-10 11:00:00.000,LHR24D,1
2025-08-10 12:00:00.000,LHR24D,1
2025-08-10 13:00:00.000,LHR24D,2
2025-08-10 15:00:00.000,LHR24D,3
2025-08-10 16:00:00.000,LHR24D,3
2025-08-10 17:00:00.000,LHR24D,7
2025-08-10 18:00:00.000,LHR24D,4
2025-08-10 20:00:00.000,LHR24D,3
2025-08-11 06:00:00.000,LHR24D,1
2025-08-11 07:00:00.000,LHR24D,1
2025-08-11 08:00:00.000,LHR24D,1
2025-08-11 09:00:00.000,LHR24D,4
2025-08-11 10:00:00.000,LHR24D,2
2025-08-11 12:00:00.000,LHR24D,2
2025-08-11 16:00:00.000,LHR24D,3
2025-08-11 18:00:00.000,LHR24D,1
2025-08-11 19:00:00.000,LHR24D,1
2025-08-11 20:00:00.000,LHR24D,3
2025-08-12 11:00:00.000,LHR24D,2
2025-08-12 16:00:00.000,LHR24D,2
2025-08-12 19:00:00.000,LHR24D,1
2025-08-12 20:00:00.000,LHR24D,1
2025-08-13 08:00:00.000,LHR24D,2
2025-08-13 14:00:00.000,LHR24D,1
2025-08-13 15:00:00.000,LHR24D,4
2025-08-13 17:00:00.000,LHR24D,4
2025-08-13 18:00:00.000,LHR24D,1
2025-08-13 19:00:00.000,LHR24D,1
2025-08-13 20:00:00.000,LHR24D,3
2025-08-14 06:00:00.000,LHR24D,1
2025-08-14 07:00:00.000,LHR24D,2
2025-08-14 08:00:00.000,LHR24D,3
2025-08-14 14:00:00.000,LHR24D,1
2025-08-14 15:00:00.000,LHR24D,2
2025-08-14 17:00:00.000,LHR24D,1
2025-08-14 18:00:00.000,LHR24D,4
2025-08-14 19:00:00.000,LHR24D,5
2025-08-14 20:00:00.000,LHR24D,1
2025-08-15 09:00:00.000,LHR24D,1
2025-08-15 11:00:00.000,LHR24D,1
2025-08-15 13:00:00.000,LHR24D,1
2025-08-15 16:00:00.000,LHR24D,1
2025-08-15 18:00:00.000,LHR24D,2
2025-08-15 20:00:00.000,LHR24D,2
2025-08-16 07:00:00.000,LHR24D,1
2025-08-16 12:00:00.000,LHR24D,3
2025-08-16 19:00:00.000,LHR24D,1
2025-08-16 21:00:00.000,LHR24D,1
2025-08-17 13:00:00.000,LHR24D,1
2025-08-17 15:00:00.000,LHR24D,1
2025-08-17 16:00:00.000,LHR24D,1
2025-08-17 18:00:00.000,LHR24D,4
2025-08-17 20:00:00.000,LHR24D,2
2025-08-18 05:00:00.000,LHR24D,1
2025-08-18 06:00:00.000,LHR24D,1
2025-08-18 07:00:00.000,LHR24D,1
2025-08-18 09:00:00.000,LHR24D,1
2025-08-18 10:00:00.000,LHR24D,1
2025-08-18 11:00:00.000,LHR24D,2
2025-08-18 13:00:00.000,LHR24D,1
2025-08-18 14:00:00.000,LHR24D,2
2025-08-18 18:00:00.000,LHR24D,2
2025-08-19 09:00:00.000,LHR24D,4
2025-08-19 10:00:00.000,LHR24D,2
2025-08-19 13:00:00.000,LHR24D,1
2025-08-19 14:00:00.000,LHR24D,1
2025-08-19 17:00:00.000,LHR24D,2
2025-08-19 18:00:00.000,LHR24D,7
2025-08-20 10:00:00.000,LHR24D,2
2025-08-20 17:00:00.000,LHR24D,1
2025-08-21 06:00:00.000,LHR24D,2
2025-08-21 08:00:00.000,LHR24D,2
2025-08-21 14:00:00.000,LHR24D,1
2025-08-21 18:00:00.000,LHR24D,1
2025-08-21 19:00:00.000,LHR24D,2
2025-08-21 20:00:00.000,LHR24D,1
2025-08-22 09:00:00.000,LHR24D,1
2025-08-22 11:00:00.000,LHR24D,2
2025-08-22 13:00:00.000,LHR24D,4
2025-08-22 16:00:00.000,LHR24D,6
2025-08-22 20:00:00.000,LHR24D,1
2025-08-23 12:00:00.000,LHR24D,6
2025-08-23 17:00:00.000,LHR24D,3
2025-08-23 18:00:00.000,LHR24D,1
2025-08-23 20:00:00.000,LHR24D,1
2025-08-24 14:00:00.000,LHR24D,2
2025-08-24 16:00:00.000,LHR24D,3
2025-08-24 17:00:00.000,LHR24D,2
2025-08-24 18:00:00.000,LHR24D,2
2025-08-24 20:00:00.000,LHR24D,3
2025-08-25 05:00:00.000,LHR24D,1
2025-08-25 08:00:00.000,LHR24D,2
2025-08-25 09:00:00.000,LHR24D,1
2025-08-25 10:00:00.000,LHR24D,3
2025-08-25 12:00:00.000,LHR24D,1
2025-08-25 13:00:00.000,LHR24D,1
2025-08-25 14:00:00.000,LHR24D,2
2025-08-25 17:00:00.000,LHR24D,1
2025-08-25 18:00:00.000,LHR24D,1
2025-08-26 16:00:00.000,LHR24D,1
2025-08-26 18:00:00.000,LHR24D,3
2025-08-26 19:00:00.000,LHR24D,2
2025-08-26 21:00:00.000,LHR24D,1
2025-08-27 08:00:00.000,LHR24D,1
2025-08-27 11:00:00.000,LHR24D,2
2025-08-27 12:00:00.000,LHR24D,2
2025-08-27 14:00:00.000,LHR24D,2
2025-08-27 18:00:00.000,LHR24D,2
2025-08-27 20:00:00.000,LHR24D,2
2025-08-28 08:00:00.000,LHR24D,2
2025-08-28 14:00:00.000,LHR24D,2
2025-08-28 17:00:00.000,LHR24D,2
2025-08-28 18:00:00.000,LHR24D,2
2025-08-28 19:00:00.000,LHR24D,2
2025-08-28 20:00:00.000,LHR24D,1
2025-08-29 07:00:00.000,LHR24D,2
2025-08-29 11:00:00.000,LHR24D,1
2025-08-29 14:00:00.000,LHR24D,1
2025-08-29 15:00:00.000,LHR24D,1
2025-08-29 16:00:00.000,LHR24D,1
2025-08-29 17:00:00.000,LHR24D,1
2025-08-29 18:00:00.000,LHR24D,1
2025-08-30 07:00:00.000,LHR24D,2
2025-08-30 09:00:00.000,LHR24D,1
2025-08-30 14:00:00.000,LHR24D,2
2025-08-30 17:00:00.000,LHR24D,1
2025-08-30 18:00:00.000,LHR24D,1
2025-08-31 09:00:00.000,LHR24D,1
2025-08-31 12:00:00.000,LHR24D,2
2025-08-31 13:00:00.000,LHR24D,12
2025-08-31 17:00:00.000,LHR24D,3
2025-08-31 18:00:00.000,LHR24D,2
2025-08-31 19:00:00.000,LHR24D,2
2025-08-31 20:00:00.000,LHR24D,3
2025-09-01 11:00:00.000,LHR24D,1
2025-09-01 13:00:00.000,LHR24D,2
2025-09-01 16:00:00.000,LHR24D,2
2025-09-01 17:00:00.000,LHR24D,2
2025-09-01 20:00:00.000,LHR24D,2
2025-09-02 10:00:00.000,LHR24D,1
2025-09-02 16:00:00.000,LHR24D,2
2025-09-02 17:00:00.000,LHR24D,2
2025-09-02 19:00:00.000,LHR24D,1
2025-09-02 20:00:00.000,LHR24D,1
2025-09-03 07:00:00.000,LHR24D,1
2025-09-03 09:00:00.000,LHR24D,1
2025-09-03 10:00:00.000,LHR24D,1
2025-09-03 11:00:00.000,LHR24D,3
2025-09-03 14:00:00.000,LHR24D,1
2025-09-03 18:00:00.000,LHR24D,3
2025-09-03 20:00:00.000,LHR24D,4
2025-09-04 00:00:00.000,LHR24D,1
2025-09-04 07:00:00.000,LHR24D,1
2025-09-04 08:00:00.000,LHR24D,1
2025-09-04 10:00:00.000,LHR24D,1
2025-09-04 15:00:00.000,LHR24D,1
2025-09-04 16:00:00.000,LHR24D,2
2025-09-04 17:00:00.000,LHR24D,2
2025-09-04 18:00:00.000,LHR24D,5
2025-09-04 20:00:00.000,LHR24D,3
2025-09-05 06:00:00.000,LHR24D,1
2025-09-05 09:00:00.000,LHR24D,4
2025-09-05 16:00:00.000,LHR24D,2
2025-09-05 18:00:00.000,LHR24D,5
2025-09-05 20:00:00.000,LHR24D,1
2025-09-06 07:00:00.000,LHR24D,1
2025-09-06 11:00:00.000,LHR24D,4
2025-09-06 12:00:00.000,LHR24D,1
2025-09-06 18:00:00.000,LHR24D,1
2025-09-06 19:00:00.000,LHR24D,2
2025-09-06 20:00:00.000,LHR24D,1
2025-09-07 09:00:00.000,LHR24D,1
2025-09-07 10:00:00.000,LHR24D,1
2025-09-07 11:00:00.000,LHR24D,2
2025-09-07 17:00:00.000,LHR24D,2
2025-09-07 18:00:00.000,LHR24D,4
2025-09-07 19:00:00.000,LHR24D,2
2025-09-08 10:00:00.000,LHR24D,2
2025-09-08 11:00:00.000,LHR24D,2
2025-09-08 14:00:00.000,LHR24D,3
2025-09-08 16:00:00.000,LHR24D,3
2025-09-08 18:00:00.000,LHR24D,1
2025-09-09 05:00:00.000,LHR24D,1
2025-09-09 09:00:00.000,LHR24D,1
2025-09-09 11:00:00.000,LHR24D,1
2025-09-09 12:00:00.000,LHR24D,1
2025-09-09 14:00:00.000,LHR24D,1
2025-09-09 18:00:00.000,LHR24D,1
2025-09-09 19:00:00.000,LHR24D,1
2025-09-09 20:00:00.000,LHR24D,3
2025-09-10 06:00:00.000,LHR24D,1
2025-09-10 07:00:00.000,LHR24D,1
2025-09-10 09:00:00.000,LHR24D,1
2025-09-10 13:00:00.000,LHR24D,1
2025-09-11 14:00:00.000,LHR24D,1
2025-09-11 16:00:00.000,LHR24D,3
2025-09-11 18:00:00.000,LHR24D,1
2025-09-11 19:00:00.000,LHR24D,4
2025-09-11 20:00:00.000,LHR24D,1
2025-09-12 12:00:00.000,LHR24D,2
2025-09-12 16:00:00.000,LHR24D,1
2025-09-12 18:00:00.000,LHR24D,5
2025-09-12 19:00:00.000,LHR24D,1
2025-09-13 06:00:00.000,LHR24D,1
2025-09-13 14:00:00.000,LHR24D,1
2025-09-13 15:00:00.000,LHR24D,3
2025-09-13 16:00:00.000,LHR24D,1
2025-09-13 17:00:00.000,LHR24D,1
2025-09-13 20:00:00.000,LHR24D,1
2025-09-14 08:00:00.000,LHR24D,1
2025-09-14 11:00:00.000,LHR24D,2
2025-09-14 16:00:00.000,LHR24D,2
2025-09-14 18:00:00.000,LHR24D,4
2025-09-15 10:00:00.000,LHR24D,1
2025-09-15 12:00:00.000,LHR24D,1
2025-09-15 15:00:00.000,LHR24D,1
2025-09-15 16:00:00.000,LHR24D,1
2025-09-15 17:00:00.000,LHR24D,1
2025-09-15 19:00:00.000,LHR24D,3
2025-09-15 20:00:00.000,LHR24D,2
2025-09-16 06:00:00.000,LHR24D,1
2025-09-16 11:00:00.000,LHR24D,2
2025-09-16 12:00:00.000,LHR24D,1
2025-09-16 13:00:00.000,LHR24D,1
2025-09-16 17:00:00.000,LHR24D,1
2025-09-16 18:00:00.000,LHR24D,4
2025-09-17 08:00:00.000,LHR24D,1
2025-09-17 09:00:00.000,LHR24D,2
2025-09-17 10:00:00.000,LHR24D,2
2025-09-17 14:00:00.000,LHR24D,1
2025-09-17 15:00:00.000,LHR24D,2
2025-09-17 16:00:00.000,LHR24D,2
2025-09-17 17:00:00.000,LHR24D,1
2025-09-17 18:00:00.000,LHR24D,5
2025-09-17 19:00:00.000,LHR24D,6
2025-09-18 07:00:00.000,LHR24D,1
2025-09-18 08:00:00.000,LHR24D,5
2025-09-18 09:00:00.000,LHR24D,1
2025-09-18 10:00:00.000,LHR24D,1
2025-09-18 11:00:00.000,LHR24D,2
2025-09-18 16:00:00.000,LHR24D,2
2025-09-18 18:00:00.000,LHR24D,3
2025-09-18 19:00:00.000,LHR24D,9
2025-09-19 07:00:00.000,LHR24D,1
2025-09-19 08:00:00.000,LHR24D,4
2025-09-19 09:00:00.000,LHR24D,1
2025-09-19 11:00:00.000,LHR24D,2
2025-09-19 13:00:00.000,LHR24D,2
2025-09-19 14:00:00.000,LHR24D,7
2025-09-19 16:00:00.000,LHR24D,1
2025-09-19 17:00:00.000,LHR24D,1
2025-09-19 19:00:00.000,LHR24D,4
2025-09-19 20:00:00.000,LHR24D,2
2025-09-20 06:00:00.000,LHR24D,1
2025-09-20 09:00:00.000,LHR24D,1
2025-09-20 11:00:00.000,LHR24D,1
2025-09-20 12:00:00.000,LHR24D,3
2025-09-20 16:00:00.000,LHR24D,2
2025-09-20 18:00:00.000,LHR24D,5
2025-09-20 19:00:00.000,LHR24D,3
2025-09-21 08:00:00.000,LHR24D,1
2025-09-21 09:00:00.000,LHR24D,4
2025-09-21 10:00:00.000,LHR24D,2
2025-09-21 11:00:00.000,LHR24D,1
2025-09-21 16:00:00.000,LHR24D,2
2025-09-21 18:00:00.000,LHR24D,2
2025-09-21 19:00:00.000,LHR24D,1
2025-09-21 20:00:00.000,LHR24D,1
2025-09-22 07:00:00.000,LHR24D,1
2025-09-22 08:00:00.000,LHR24D,2
2025-09-22 10:00:00.000,LHR24D,2
2025-09-22 12:00:00.000,LHR24D,2
2025-09-22 14:00:00.000,LHR24D,1
2025-09-22 18:00:00.000,LHR24D,1
2025-09-22 19:00:00.000,LHR24D,2
2025-09-23 09:00:00.000,LHR24D,2
2025-09-23 14:00:00.000,LHR24D,1
2025-09-23 15:00:00.000,LHR24D,1
2025-09-23 17:00:00.000,LHR24D,1
2025-09-24 07:00:00.000,LHR24D,1
2025-09-24 08:00:00.000,LHR24D,1
2025-09-24 10:00:00.000,LHR24D,2
2025-09-24 12:00:00.000,LHR24D,1
2025-09-24 14:00:00.000,LHR24D,2
2025-09-24 16:00:00.000,LHR24D,2
2025-09-24 17:00:00.000,LHR24D,1
2025-09-24 18:00:00.000,LHR24D,1
2025-09-25 08:00:00.000,LHR24D,1
2025-09-25 12:00:00.000,LHR24D,2
2025-09-25 13:00:00.000,LHR24D,1
2025-09-25 14:00:00.000,LHR24D,4
2025-09-25 15:00:00.000,LHR24D,1
2025-09-25 16:00:00.000,LHR24D,2
2025-09-26 08:00:00.000,LHR24D,2
2025-09-26 10:00:00.000,LHR24D,2
2025-09-26 13:00:00.000,LHR24D,1
2025-09-26 15:00:00.000,LHR24D,1
2025-09-27 06:00:00.000,LHR24D,3
2025-09-27 07:00:00.000,LHR24D,1
2025-09-27 08:00:00.000,LHR24D,4
2025-09-27 09:00:00.000,LHR24D,2
2025-09-27 11:00:00.000,LHR24D,1
2025-09-27 13:00:00.000,LHR24D,2
2025-09-27 16:00:00.000,LHR24D,2
2025-09-27 18:00:00.000,LHR24D,4
2025-09-28 06:00:00.000,LHR24D,4
2025-09-28 07:00:00.000,LHR24D,3
2025-09-28 08:00:00.000,LHR24D,1
2025-09-28 09:00:00.000,LHR24D,2
2025-09-28 10:00:00.000,LHR24D,1
2025-09-28 11:00:00.000,LHR24D,2
2025-09-28 13:00:00.000,LHR24D,3
2025-09-28 14:00:00.000,LHR24D,3
2025-09-28 15:00:00.000,LHR24D,2
2025-09-28 17:00:00.000,LHR24D,3
2025-09-28 18:00:00.000,LHR24D,9
2025-09-28 19:00:00.000,LHR24D,2
2025-09-28 20:00:00.000,LHR24D,2
2025-09-29 06:00:00.000,LHR24D,3
2025-09-29 07:00:00.000,LHR24D,3
2025-09-29 08:00:00.000,LHR24D,2
2025-09-29 09:00:00.000,LHR24D,2
2025-09-29 10:00:00.000,LHR24D,1
2025-09-29 11:00:00.000,LHR24D,1
2025-09-29 15:00:00.000,LHR24D,2
2025-09-29 16:00:00.000,LHR24D,1
2025-09-29 18:00:00.000,LHR24D,4
2025-09-29 19:00:00.000,LHR24D,3
2025-09-29 20:00:00.000,LHR24D,1
2025-09-30 06:00:00.000,LHR24D,2
2025-09-30 09:00:00.000,LHR24D,1
2025-09-30 10:00:00.000,LHR24D,2
2025-09-30 16:00:00.000,LHR24D,3
2025-09-30 17:00:00.000,LHR24D,3
2025-09-30 19:00:00.000,LHR24D,2
2025-07-01 05:00:00.000,LHR25,13
2025-07-01 06:00:00.000,LHR25,45
2025-07-01 07:00:00.000,LHR25,64
2025-07-01 08:00:00.000,LHR25,71
2025-07-01 09:00:00.000,LHR25,59
2025-07-01 10:00:00.000,LHR25,75
2025-07-01 11:00:00.000,LHR25,39
2025-07-01 12:00:00.000,LHR25,60
2025-07-01 13:00:00.000,LHR25,62
2025-07-01 14:00:00.000,LHR25,64
2025-07-01 15:00:00.000,LHR25,44
2025-07-01 16:00:00.000,LHR25,63
2025-07-01 17:00:00.000,LHR25,26
2025-07-01 18:00:00.000,LHR25,29
2025-07-01 19:00:00.000,LHR25,36
2025-07-01 20:00:00.000,LHR25,15
2025-07-01 21:00:00.000,LHR25,1
2025-07-02 00:00:00.000,LHR25,1
2025-07-02 05:00:00.000,LHR25,9
2025-07-02 06:00:00.000,LHR25,30
2025-07-02 07:00:00.000,LHR25,75
2025-07-02 08:00:00.000,LHR25,55
2025-07-02 09:00:00.000,LHR25,59
2025-07-02 10:00:00.000,LHR25,87
2025-07-02 11:00:00.000,LHR25,55
2025-07-02 12:00:00.000,LHR25,50
2025-07-02 13:00:00.000,LHR25,74
2025-07-02 14:00:00.000,LHR25,73
2025-07-02 15:00:00.000,LHR25,40
2025-07-02 16:00:00.000,LHR25,24
2025-07-02 17:00:00.000,LHR25,44
2025-07-02 18:00:00.000,LHR25,49
2025-07-02 19:00:00.000,LHR25,36
2025-07-02 20:00:00.000,LHR25,27
2025-07-02 21:00:00.000,LHR25,10
2025-07-03 05:00:00.000,LHR25,33
2025-07-03 06:00:00.000,LHR25,33
2025-07-03 07:00:00.000,LHR25,62
2025-07-03 08:00:00.000,LHR25,66
2025-07-03 09:00:00.000,LHR25,82
2025-07-03 10:00:00.000,LHR25,69
2025-07-03 11:00:00.000,LHR25,104
2025-07-03 12:00:00.000,LHR25,61
2025-07-03 13:00:00.000,LHR25,47
2025-07-03 14:00:00.000,LHR25,57
2025-07-03 15:00:00.000,LHR25,64
2025-07-03 16:00:00.000,LHR25,51
2025-07-03 17:00:00.000,LHR25,23
2025-07-03 18:00:00.000,LHR25,45
2025-07-03 19:00:00.000,LHR25,39
2025-07-03 20:00:00.000,LHR25,23
2025-07-04 05:00:00.000,LHR25,41
2025-07-04 06:00:00.000,LHR25,54
2025-07-04 07:00:00.000,LHR25,88
2025-07-04 08:00:00.000,LHR25,81
2025-07-04 09:00:00.000,LHR25,90
2025-07-04 10:00:00.000,LHR25,72
2025-07-04 11:00:00.000,LHR25,89
2025-07-04 12:00:00.000,LHR25,87
2025-07-04 13:00:00.000,LHR25,63
2025-07-04 14:00:00.000,LHR25,87
2025-07-04 15:00:00.000,LHR25,73
2025-07-04 16:00:00.000,LHR25,51
2025-07-04 17:00:00.000,LHR25,30
2025-07-04 18:00:00.000,LHR25,51
2025-07-04 19:00:00.000,LHR25,57
2025-07-04 20:00:00.000,LHR25,27
2025-07-04 21:00:00.000,LHR25,12
2025-07-05 05:00:00.000,LHR25,32
2025-07-05 06:00:00.000,LHR25,43
2025-07-05 07:00:00.000,LHR25,89
2025-07-05 08:00:00.000,LHR25,83
2025-07-05 09:00:00.000,LHR25,75
2025-07-05 10:00:00.000,LHR25,79
2025-07-05 11:00:00.000,LHR25,80
2025-07-05 12:00:00.000,LHR25,77
2025-07-05 13:00:00.000,LHR25,96
2025-07-05 14:00:00.000,LHR25,63
2025-07-05 15:00:00.000,LHR25,50
2025-07-05 16:00:00.000,LHR25,50
2025-07-05 17:00:00.000,LHR25,50
2025-07-05 18:00:00.000,LHR25,54
2025-07-05 19:00:00.000,LHR25,21
2025-07-05 20:00:00.000,LHR25,22
2025-07-05 21:00:00.000,LHR25,6
2025-07-06 05:00:00.000,LHR25,32
2025-07-06 06:00:00.000,LHR25,63
2025-07-06 07:00:00.000,LHR25,77
2025-07-06 08:00:00.000,LHR25,95
2025-07-06 09:00:00.000,LHR25,97
2025-07-06 10:00:00.000,LHR25,137
2025-07-06 11:00:00.000,LHR25,90
2025-07-06 12:00:00.000,LHR25,124
2025-07-06 13:00:00.000,LHR25,76
2025-07-06 14:00:00.000,LHR25,79
2025-07-06 15:00:00.000,LHR25,78
2025-07-06 16:00:00.000,LHR25,84
2025-07-06 17:00:00.000,LHR25,64
2025-07-06 18:00:00.000,LHR25,29
2025-07-06 19:00:00.000,LHR25,37
2025-07-06 20:00:00.000,LHR25,16
2025-07-06 21:00:00.000,LHR25,3
2025-07-07 05:00:00.000,LHR25,33
2025-07-07 06:00:00.000,LHR25,37
2025-07-07 07:00:00.000,LHR25,76
2025-07-07 08:00:00.000,LHR25,73
2025-07-07 09:00:00.000,LHR25,74
2025-07-07 10:00:00.000,LHR25,79
2025-07-07 11:00:00.000,LHR25,91
2025-07-07 12:00:00.000,LHR25,67
2025-07-07 13:00:00.000,LHR25,103
2025-07-07 14:00:00.000,LHR25,56
2025-07-07 15:00:00.000,LHR25,66
2025-07-07 16:00:00.000,LHR25,47
2025-07-07 17:00:00.000,LHR25,51
2025-07-07 18:00:00.000,LHR25,34
2025-07-07 19:00:00.000,LHR25,36
2025-07-07 20:00:00.000,LHR25,29
2025-07-07 21:00:00.000,LHR25,3
2025-07-08 04:00:00.000,LHR25,4
2025-07-08 05:00:00.000,LHR25,13
2025-07-08 06:00:00.000,LHR25,44
2025-07-08 07:00:00.000,LHR25,71
2025-07-08 08:00:00.000,LHR25,89
2025-07-08 09:00:00.000,LHR25,83
2025-07-08 10:00:00.000,LHR25,70
2025-07-08 11:00:00.000,LHR25,67
2025-07-08 12:00:00.000,LHR25,86
2025-07-08 13:00:00.000,LHR25,52
2025-07-08 14:00:00.000,LHR25,67
2025-07-08 15:00:00.000,LHR25,71
2025-07-08 16:00:00.000,LHR25,66
2025-07-08 17:00:00.000,LHR25,89
2025-07-08 18:00:00.000,LHR25,62
2025-07-08 19:00:00.000,LHR25,25
2025-07-08 20:00:00.000,LHR25,26
2025-07-08 21:00:00.000,LHR25,2
2025-07-09 05:00:00.000,LHR25,34
2025-07-09 06:00:00.000,LHR25,34
2025-07-09 07:00:00.000,LHR25,48
2025-07-09 08:00:00.000,LHR25,85
2025-07-09 09:00:00.000,LHR25,46
2025-07-09 10:00:00.000,LHR25,67
2025-07-09 11:00:00.000,LHR25,83
2025-07-09 12:00:00.000,LHR25,33
2025-07-09 13:00:00.000,LHR25,64
2025-07-09 14:00:00.000,LHR25,64
2025-07-09 15:00:00.000,LHR25,65
2025-07-09 16:00:00.000,LHR25,58
2025-07-09 17:00:00.000,LHR25,48
2025-07-09 18:00:00.000,LHR25,56
2025-07-09 19:00:00.000,LHR25,25
2025-07-09 20:00:00.000,LHR25,24
2025-07-10 05:00:00.000,LHR25,23
2025-07-10 06:00:00.000,LHR25,30
2025-07-10 07:00:00.000,LHR25,49
2025-07-10 08:00:00.000,LHR25,62
2025-07-10 09:00:00.000,LHR25,93
2025-07-10 10:00:00.000,LHR25,75
2025-07-10 11:00:00.000,LHR25,54
2025-07-10 12:00:00.000,LHR25,67
2025-07-10 13:00:00.000,LHR25,52
2025-07-10 14:00:00.000,LHR25,34
2025-07-10 15:00:00.000,LHR25,57
2025-07-10 16:00:00.000,LHR25,46
2025-07-10 17:00:00.000,LHR25,29
2025-07-10 18:00:00.000,LHR25,69
2025-07-10 19:00:00.000,LHR25,29
2025-07-10 20:00:00.000,LHR25,17
2025-07-10 21:00:00.000,LHR25,6
2025-07-11 05:00:00.000,LHR25,20
2025-07-11 06:00:00.000,LHR25,37
2025-07-11 07:00:00.000,LHR25,59
2025-07-11 08:00:00.000,LHR25,71
2025-07-11 09:00:00.000,LHR25,90
2025-07-11 10:00:00.000,LHR25,59
2025-07-11 11:00:00.000,LHR25,28
2025-07-11 12:00:00.000,LHR25,35
2025-07-11 13:00:00.000,LHR25,63
2025-07-11 14:00:00.000,LHR25,48
2025-07-11 15:00:00.000,LHR25,49
2025-07-11 16:00:00.000,LHR25,52
2025-07-11 17:00:00.000,LHR25,51
2025-07-11 18:00:00.000,LHR25,52
2025-07-11 19:00:00.000,LHR25,45
2025-07-11 20:00:00.000,LHR25,16
2025-07-11 21:00:00.000,LHR25,7
2025-07-12 05:00:00.000,LHR25,43
2025-07-12 06:00:00.000,LHR25,32
2025-07-12 07:00:00.000,LHR25,62
2025-07-12 08:00:00.000,LHR25,94
2025-07-12 09:00:00.000,LHR25,61
2025-07-12 10:00:00.000,LHR25,81
2025-07-12 11:00:00.000,LHR25,68
2025-07-12 12:00:00.000,LHR25,54
2025-07-12 13:00:00.000,LHR25,57
2025-07-12 14:00:00.000,LHR25,70
2025-07-12 15:00:00.000,LHR25,45
2025-07-12 16:00:00.000,LHR25,69
2025-07-12 17:00:00.000,LHR25,69
2025-07-12 18:00:00.000,LHR25,21
2025-07-12 19:00:00.000,LHR25,35
2025-07-12 20:00:00.000,LHR25,15
2025-07-13 00:00:00.000,LHR25,1
2025-07-13 05:00:00.000,LHR25,25
2025-07-13 06:00:00.000,LHR25,38
2025-07-13 07:00:00.000,LHR25,64
2025-07-13 08:00:00.000,LHR25,73
2025-07-13 09:00:00.000,LHR25,79
2025-07-13 10:00:00.000,LHR25,123
2025-07-13 11:00:00.000,LHR25,54
2025-07-13 12:00:00.000,LHR25,37
2025-07-13 13:00:00.000,LHR25,86
2025-07-13 14:00:00.000,LHR25,59
2025-07-13 15:00:00.000,LHR25,55
2025-07-13 16:00:00.000,LHR25,57
2025-07-13 17:00:00.000,LHR25,43
2025-07-13 18:00:00.000,LHR25,28
2025-07-13 19:00:00.000,LHR25,37
2025-07-13 20:00:00.000,LHR25,16
2025-07-13 21:00:00.000,LHR25,2
2025-07-14 00:00:00.000,LHR25,3
2025-07-14 05:00:00.000,LHR25,34
2025-07-14 06:00:00.000,LHR25,38
2025-07-14 07:00:00.000,LHR25,59
2025-07-14 08:00:00.000,LHR25,95
2025-07-14 09:00:00.000,LHR25,107
2025-07-14 10:00:00.000,LHR25,76
2025-07-14 11:00:00.000,LHR25,70
2025-07-14 12:00:00.000,LHR25,68
2025-07-14 13:00:00.000,LHR25,70
2025-07-14 14:00:00.000,LHR25,29
2025-07-14 15:00:00.000,LHR25,59
2025-07-14 16:00:00.000,LHR25,64
2025-07-14 17:00:00.000,LHR25,56
2025-07-14 18:00:00.000,LHR25,47
2025-07-14 19:00:00.000,LHR25,36
2025-07-14 20:00:00.000,LHR25,11
2025-07-15 05:00:00.000,LHR25,14
2025-07-15 06:00:00.000,LHR25,34
2025-07-15 07:00:00.000,LHR25,58
2025-07-15 08:00:00.000,LHR25,74
2025-07-15 09:00:00.000,LHR25,57
2025-07-15 10:00:00.000,LHR25,54
2025-07-15 11:00:00.000,LHR25,72
2025-07-15 12:00:00.000,LHR25,15
2025-07-15 13:00:00.000,LHR25,72
2025-07-15 14:00:00.000,LHR25,54
2025-07-15 15:00:00.000,LHR25,57
2025-07-15 16:00:00.000,LHR25,44
2025-07-15 17:00:00.000,LHR25,48
2025-07-15 18:00:00.000,LHR25,39
2025-07-15 19:00:00.000,LHR25,35
2025-07-15 20:00:00.000,LHR25,17
2025-07-15 21:00:00.000,LHR25,6
2025-07-16 05:00:00.000,LHR25,24
2025-07-16 06:00:00.000,LHR25,53
2025-07-16 07:00:00.000,LHR25,59
2025-07-16 08:00:00.000,LHR25,74
2025-07-16 09:00:00.000,LHR25,68
2025-07-16 10:00:00.000,LHR25,86
2025-07-16 11:00:00.000,LHR25,28
2025-07-16 12:00:00.000,LHR25,45
2025-07-16 13:00:00.000,LHR25,80
2025-07-16 14:00:00.000,LHR25,37
2025-07-16 15:00:00.000,LHR25,81
2025-07-16 16:00:00.000,LHR25,61
2025-07-16 17:00:00.000,LHR25,59
2025-07-16 18:00:00.000,LHR25,54
2025-07-16 19:00:00.000,LHR25,46
2025-07-16 20:00:00.000,LHR25,29
2025-07-16 21:00:00.000,LHR25,5
2025-07-17 00:00:00.000,LHR25,3
2025-07-17 05:00:00.000,LHR25,30
2025-07-17 06:00:00.000,LHR25,25
2025-07-17 07:00:00.000,LHR25,24
2025-07-17 08:00:00.000,LHR25,50
2025-07-17 09:00:00.000,LHR25,61
2025-07-17 10:00:00.000,LHR25,31
2025-07-17 11:00:00.000,LHR25,38
2025-07-17 12:00:00.000,LHR25,40
2025-07-17 13:00:00.000,LHR25,80
2025-07-17 14:00:00.000,LHR25,21
2025-07-17 15:00:00.000,LHR25,36
2025-07-17 16:00:00.000,LHR25,69
2025-07-17 17:00:00.000,LHR25,21
2025-07-17 18:00:00.000,LHR25,10
2025-07-17 19:00:00.000,LHR25,21
2025-07-17 20:00:00.000,LHR25,10
2025-07-17 21:00:00.000,LHR25,2
2025-07-18 05:00:00.000,LHR25,18
2025-07-18 06:00:00.000,LHR25,19
2025-07-18 07:00:00.000,LHR25,50
2025-07-18 08:00:00.000,LHR25,67
2025-07-18 09:00:00.000,LHR25,41
2025-07-18 10:00:00.000,LHR25,61
2025-07-18 11:00:00.000,LHR25,39
2025-07-18 12:00:00.000,LHR25,26
2025-07-18 13:00:00.000,LHR25,13
2025-07-18 14:00:00.000,LHR25,35
2025-07-18 15:00:00.000,LHR25,42
2025-07-18 16:00:00.000,LHR25,25
2025-07-18 17:00:00.000,LHR25,24
2025-07-18 18:00:00.000,LHR25,28
2025-07-18 19:00:00.000,LHR25,26
2025-07-18 20:00:00.000,LHR25,20
2025-07-18 21:00:00.000,LHR25,1
2025-07-19 05:00:00.000,LHR25,23
2025-07-19 06:00:00.000,LHR25,6
2025-07-19 07:00:00.000,LHR25,16
2025-07-19 08:00:00.000,LHR25,39
2025-07-19 09:00:00.000,LHR25,10
2025-07-19 10:00:00.000,LHR25,55
2025-07-19 11:00:00.000,LHR25,40
2025-07-19 12:00:00.000,LHR25,9
2025-07-19 13:00:00.000,LHR25,33
2025-07-19 14:00:00.000,LHR25,34
2025-07-19 15:00:00.000,LHR25,29
2025-07-19 16:00:00.000,LHR25,59
2025-07-19 17:00:00.000,LHR25,31
2025-07-19 18:00:00.000,LHR25,23
2025-07-19 19:00:00.000,LHR25,17
2025-07-19 20:00:00.000,LHR25,22
2025-07-19 21:00:00.000,LHR25,4
2025-07-20 00:00:00.000,LHR25,1
2025-07-20 05:00:00.000,LHR25,19
2025-07-20 06:00:00.000,LHR25,26
2025-07-20 07:00:00.000,LHR25,13
2025-07-20 08:00:00.000,LHR25,40
2025-07-20 09:00:00.000,LHR25,34
2025-07-20 10:00:00.000,LHR25,32
2025-07-20 11:00:00.000,LHR25,49
2025-07-20 12:00:00.000,LHR25,35
2025-07-20 13:00:00.000,LHR25,36
2025-07-20 14:00:00.000,LHR25,40
2025-07-20 15:00:00.000,LHR25,24
2025-07-20 16:00:00.000,LHR25,33
2025-07-20 17:00:00.000,LHR25,26
2025-07-20 18:00:00.000,LHR25,22
2025-07-20 19:00:00.000,LHR25,24
2025-07-20 20:00:00.000,LHR25,20
2025-07-20 21:00:00.000,LHR25,1
2025-07-21 00:00:00.000,LHR25,2
2025-07-21 05:00:00.000,LHR25,23
2025-07-21 06:00:00.000,LHR25,35
2025-07-21 07:00:00.000,LHR25,4
2025-07-21 08:00:00.000,LHR25,33
2025-07-21 09:00:00.000,LHR25,55
2025-07-21 10:00:00.000,LHR25,22
2025-07-21 11:00:00.000,LHR25,19
2025-07-21 12:00:00.000,LHR25,46
2025-07-21 13:00:00.000,LHR25,17
2025-07-21 14:00:00.000,LHR25,36
2025-07-21 15:00:00.000,LHR25,19
2025-07-21 16:00:00.000,LHR25,19
2025-07-21 17:00:00.000,LHR25,3
2025-07-21 18:00:00.000,LHR25,27
2025-07-21 19:00:00.000,LHR25,15
2025-07-21 20:00:00.000,LHR25,21
2025-07-21 21:00:00.000,LHR25,2
2025-07-22 05:00:00.000,LHR25,19
2025-07-22 06:00:00.000,LHR25,14
2025-07-22 07:00:00.000,LHR25,9
2025-07-22 08:00:00.000,LHR25,15
2025-07-22 09:00:00.000,LHR25,29
2025-07-22 10:00:00.000,LHR25,42
2025-07-22 11:00:00.000,LHR25,25
2025-07-22 12:00:00.000,LHR25,31
2025-07-22 13:00:00.000,LHR25,20
2025-07-22 14:00:00.000,LHR25,49
2025-07-22 15:00:00.000,LHR25,18
2025-07-22 16:00:00.000,LHR25,16
2025-07-22 17:00:00.000,LHR25,4
2025-07-22 18:00:00.000,LHR25,24
2025-07-22 19:00:00.000,LHR25,33
2025-07-22 20:00:00.000,LHR25,13
2025-07-23 05:00:00.000,LHR25,11
2025-07-23 06:00:00.000,LHR25,21
2025-07-23 07:00:00.000,LHR25,14
2025-07-23 08:00:00.000,LHR25,39
2025-07-23 09:00:00.000,LHR25,24
2025-07-23 10:00:00.000,LHR25,62
2025-07-23 11:00:00.000,LHR25,19
2025-07-23 12:00:00.000,LHR25,28
2025-07-23 13:00:00.000,LHR25,44
2025-07-23 14:00:00.000,LHR25,30
2025-07-23 15:00:00.000,LHR25,39
2025-07-23 16:00:00.000,LHR25,26
2025-07-23 17:00:00.000,LHR25,21
2025-07-23 18:00:00.000,LHR25,44
2025-07-23 19:00:00.000,LHR25,14
2025-07-23 20:00:00.000,LHR25,18
2025-07-23 21:00:00.000,LHR25,1
2025-07-24 05:00:00.000,LHR25,36
2025-07-24 06:00:00.000,LHR25,5
2025-07-24 07:00:00.000,LHR25,15
2025-07-24 08:00:00.000,LHR25,12
2025-07-24 09:00:00.000,LHR25,14
2025-07-24 10:00:00.000,LHR25,7
2025-07-24 11:00:00.000,LHR25,36
2025-07-24 12:00:00.000,LHR25,15
2025-07-24 13:00:00.000,LHR25,25
2025-07-24 14:00:00.000,LHR25,52
2025-07-24 15:00:00.000,LHR25,23
2025-07-24 16:00:00.000,LHR25,7
2025-07-24 17:00:00.000,LHR25,32
2025-07-24 18:00:00.000,LHR25,22
2025-07-24 19:00:00.000,LHR25,22
2025-07-24 20:00:00.000,LHR25,21
2025-07-24 21:00:00.000,LHR25,5
2025-07-25 00:00:00.000,LHR25,2
2025-07-25 05:00:00.000,LHR25,20
2025-07-25 06:00:00.000,LHR25,8
2025-07-25 07:00:00.000,LHR25,4
2025-07-25 08:00:00.000,LHR25,5
2025-07-25 09:00:00.000,LHR25,17
2025-07-25 10:00:00.000,LHR25,26
2025-07-25 11:00:00.000,LHR25,26
2025-07-25 12:00:00.000,LHR25,12
2025-07-25 13:00:00.000,LHR25,5
2025-07-25 14:00:00.000,LHR25,19
2025-07-25 15:00:00.000,LHR25,12
2025-07-25 16:00:00.000,LHR25,27
2025-07-25 17:00:00.000,LHR25,23
2025-07-25 18:00:00.000,LHR25,28
2025-07-25 19:00:00.000,LHR25,35
2025-07-25 20:00:00.000,LHR25,11
2025-07-25 21:00:00.000,LHR25,6
2025-07-26 00:00:00.000,LHR25,1
2025-07-26 05:00:00.000,LHR25,20
2025-07-26 06:00:00.000,LHR25,8
2025-07-26 07:00:00.000,LHR25,2
2025-07-26 08:00:00.000,LHR25,30
2025-07-26 09:00:00.000,LHR25,23
2025-07-26 10:00:00.000,LHR25,53
2025-07-26 11:00:00.000,LHR25,22
2025-07-26 12:00:00.000,LHR25,7
2025-07-26 13:00:00.000,LHR25,47
2025-07-26 14:00:00.000,LHR25,21
2025-07-26 15:00:00.000,LHR25,8
2025-07-26 16:00:00.000,LHR25,6
2025-07-26 17:00:00.000,LHR25,26
2025-07-26 18:00:00.000,LHR25,20
2025-07-26 19:00:00.000,LHR25,34
2025-07-26 20:00:00.000,LHR25,8
2025-07-26 21:00:00.000,LHR25,1
2025-07-27 00:00:00.000,LHR25,2
2025-07-27 05:00:00.000,LHR25,18
2025-07-27 06:00:00.000,LHR25,14
2025-07-27 07:00:00.000,LHR25,28
2025-07-27 08:00:00.000,LHR25,61
2025-07-27 09:00:00.000,LHR25,65
2025-07-27 10:00:00.000,LHR25,45
2025-07-27 11:00:00.000,LHR25,21
2025-07-27 12:00:00.000,LHR25,6
2025-07-27 13:00:00.000,LHR25,27
2025-07-27 14:00:00.000,LHR25,62
2025-07-27 15:00:00.000,LHR25,22
2025-07-27 16:00:00.000,LHR25,29
2025-07-27 17:00:00.000,LHR25,4
2025-07-27 18:00:00.000,LHR25,26
2025-07-27 19:00:00.000,LHR25,18
2025-07-27 20:00:00.000,LHR25,14
2025-07-27 21:00:00.000,LHR25,7
2025-07-28 00:00:00.000,LHR25,1
2025-07-28 05:00:00.000,LHR25,23
2025-07-28 06:00:00.000,LHR25,18
2025-07-28 07:00:00.000,LHR25,23
2025-07-28 08:00:00.000,LHR25,40
2025-07-28 09:00:00.000,LHR25,32
2025-07-28 10:00:00.000,LHR25,29
2025-07-28 11:00:00.000,LHR25,31
2025-07-28 12:00:00.000,LHR25,24
2025-07-28 13:00:00.000,LHR25,44
2025-07-28 14:00:00.000,LHR25,21
2025-07-28 15:00:00.000,LHR25,41
2025-07-28 16:00:00.000,LHR25,34
2025-07-28 17:00:00.000,LHR25,31
2025-07-28 18:00:00.000,LHR25,20
2025-07-28 19:00:00.000,LHR25,42
2025-07-28 20:00:00.000,LHR25,25
2025-07-28 21:00:00.000,LHR25,5
2025-07-29 06:00:00.000,LHR25,16
2025-07-29 07:00:00.000,LHR25,12
2025-07-29 08:00:00.000,LHR25,38
2025-07-29 09:00:00.000,LHR25,17
2025-07-29 10:00:00.000,LHR25,43
2025-07-29 11:00:00.000,LHR25,50
2025-07-29 12:00:00.000,LHR25,51
2025-07-29 13:00:00.000,LHR25,36
2025-07-29 14:00:00.000,LHR25,19
2025-07-29 15:00:00.000,LHR25,32
2025-07-29 16:00:00.000,LHR25,29
2025-07-29 17:00:00.000,LHR25,49
2025-07-29 18:00:00.000,LHR25,38
2025-07-29 19:00:00.000,LHR25,15
2025-07-29 20:00:00.000,LHR25,14
2025-07-30 05:00:00.000,LHR25,15
2025-07-30 06:00:00.000,LHR25,18
2025-07-30 07:00:00.000,LHR25,12
2025-07-30 08:00:00.000,LHR25,34
2025-07-30 09:00:00.000,LHR25,43
2025-07-30 10:00:00.000,LHR25,63
2025-07-30 11:00:00.000,LHR25,13
2025-07-30 12:00:00.000,LHR25,15
2025-07-30 13:00:00.000,LHR25,14
2025-07-30 14:00:00.000,LHR25,12
2025-07-30 15:00:00.000,LHR25,26
2025-07-30 16:00:00.000,LHR25,36
2025-07-30 17:00:00.000,LHR25,7
2025-07-30 18:00:00.000,LHR25,27
2025-07-30 19:00:00.000,LHR25,19
2025-07-30 20:00:00.000,LHR25,1
2025-07-30 21:00:00.000,LHR25,4
2025-07-31 00:00:00.000,LHR25,4
2025-07-31 05:00:00.000,LHR25,18
2025-07-31 06:00:00.000,LHR25,6
2025-07-31 07:00:00.000,LHR25,15
2025-07-31 08:00:00.000,LHR25,38
2025-07-31 09:00:00.000,LHR25,6
2025-07-31 10:00:00.000,LHR25,40
2025-07-31 11:00:00.000,LHR25,54
2025-07-31 12:00:00.000,LHR25,14
2025-07-31 13:00:00.000,LHR25,42
2025-07-31 14:00:00.000,LHR25,41
2025-07-31 15:00:00.000,LHR25,12
2025-07-31 16:00:00.000,LHR25,20
2025-07-31 17:00:00.000,LHR25,19
2025-07-31 18:00:00.000,LHR25,14
2025-07-31 19:00:00.000,LHR25,13
2025-07-31 20:00:00.000,LHR25,19
2025-07-31 21:00:00.000,LHR25,2
2025-08-01 05:00:00.000,LHR25,13
2025-08-01 06:00:00.000,LHR25,24
2025-08-01 07:00:00.000,LHR25,19
2025-08-01 08:00:00.000,LHR25,36
2025-08-01 09:00:00.000,LHR25,45
2025-08-01 10:00:00.000,LHR25,55
2025-08-01 11:00:00.000,LHR25,34
2025-08-01 12:00:00.000,LHR25,25
2025-08-01 13:00:00.000,LHR25,24
2025-08-01 14:00:00.000,LHR25,29
2025-08-01 15:00:00.000,LHR25,38
2025-08-01 16:00:00.000,LHR25,32
2025-08-01 17:00:00.000,LHR25,29
2025-08-01 18:00:00.000,LHR25,25
2025-08-01 19:00:00.000,LHR25,9
2025-08-01 20:00:00.000,LHR25,12
2025-08-02 05:00:00.000,LHR25,28
2025-08-02 06:00:00.000,LHR25,19
2025-08-02 07:00:00.000,LHR25,14
2025-08-02 08:00:00.000,LHR25,46
2025-08-02 09:00:00.000,LHR25,54
2025-08-02 10:00:00.000,LHR25,58
2025-08-02 11:00:00.000,LHR25,31
2025-08-02 12:00:00.000,LHR25,31
2025-08-02 13:00:00.000,LHR25,38
2025-08-02 14:00:00.000,LHR25,39
2025-08-02 15:00:00.000,LHR25,24
2025-08-02 16:00:00.000,LHR25,27
2025-08-02 17:00:00.000,LHR25,21
2025-08-02 18:00:00.000,LHR25,36
2025-08-02 19:00:00.000,LHR25,34
2025-08-02 20:00:00.000,LHR25,4
2025-08-03 05:00:00.000,LHR25,29
2025-08-03 06:00:00.000,LHR25,29
2025-08-03 07:00:00.000,LHR25,28
2025-08-03 08:00:00.000,LHR25,24
2025-08-03 09:00:00.000,LHR25,67
2025-08-03 10:00:00.000,LHR25,27
2025-08-03 11:00:00.000,LHR25,20
2025-08-03 12:00:00.000,LHR25,62
2025-08-03 13:00:00.000,LHR25,53
2025-08-03 14:00:00.000,LHR25,17
2025-08-03 15:00:00.000,LHR25,37
2025-08-03 16:00:00.000,LHR25,34
2025-08-03 17:00:00.000,LHR25,15
2025-08-03 18:00:00.000,LHR25,22
2025-08-03 19:00:00.000,LHR25,36
2025-08-03 20:00:00.000,LHR25,20
2025-08-03 21:00:00.000,LHR25,2
2025-08-04 00:00:00.000,LHR25,3
2025-08-04 05:00:00.000,LHR25,23
2025-08-04 06:00:00.000,LHR25,11
2025-08-04 07:00:00.000,LHR25,15
2025-08-04 08:00:00.000,LHR25,35
2025-08-04 09:00:00.000,LHR25,25
2025-08-04 10:00:00.000,LHR25,61
2025-08-04 11:00:00.000,LHR25,34
2025-08-04 12:00:00.000,LHR25,55
2025-08-04 13:00:00.000,LHR25,37
2025-08-04 14:00:00.000,LHR25,23
2025-08-04 15:00:00.000,LHR25,53
2025-08-04 16:00:00.000,LHR25,50
2025-08-04 17:00:00.000,LHR25,25
2025-08-04 18:00:00.000,LHR25,36
2025-08-04 19:00:00.000,LHR25,20
2025-08-04 20:00:00.000,LHR25,23
2025-08-04 21:00:00.000,LHR25,8
2025-08-05 00:00:00.000,LHR25,1
2025-08-05 05:00:00.000,LHR25,5
2025-08-05 06:00:00.000,LHR25,27
2025-08-05 07:00:00.000,LHR25,19
2025-08-05 08:00:00.000,LHR25,60
2025-08-05 09:00:00.000,LHR25,26
2025-08-05 10:00:00.000,LHR25,20
2025-08-05 11:00:00.000,LHR25,31
2025-08-05 12:00:00.000,LHR25,17
2025-08-05 13:00:00.000,LHR25,21
2025-08-05 14:00:00.000,LHR25,12
2025-08-05 15:00:00.000,LHR25,64
2025-08-05 16:00:00.000,LHR25,34
2025-08-05 17:00:00.000,LHR25,19
2025-08-05 18:00:00.000,LHR25,25
2025-08-05 19:00:00.000,LHR25,24
2025-08-05 20:00:00.000,LHR25,18
2025-08-05 21:00:00.000,LHR25,8
2025-08-06 06:00:00.000,LHR25,12
2025-08-06 07:00:00.000,LHR25,9
2025-08-06 08:00:00.000,LHR25,51
2025-08-06 09:00:00.000,LHR25,23
2025-08-06 10:00:00.000,LHR25,35
2025-08-06 11:00:00.000,LHR25,36
2025-08-06 12:00:00.000,LHR25,36
2025-08-06 13:00:00.000,LHR25,45
2025-08-06 14:00:00.000,LHR25,37
2025-08-06 15:00:00.000,LHR25,25
2025-08-06 16:00:00.000,LHR25,17
2025-08-06 17:00:00.000,LHR25,25
2025-08-06 18:00:00.000,LHR25,40
2025-08-06 19:00:00.000,LHR25,36
2025-08-06 20:00:00.000,LHR25,16
2025-08-06 21:00:00.000,LHR25,6
2025-08-07 05:00:00.000,LHR25,39
2025-08-07 06:00:00.000,LHR25,21
2025-08-07 07:00:00.000,LHR25,22
2025-08-07 08:00:00.000,LHR25,23
2025-08-07 09:00:00.000,LHR25,42
2025-08-07 10:00:00.000,LHR25,14
2025-08-07 11:00:00.000,LHR25,13
2025-08-07 12:00:00.000,LHR25,21
2025-08-07 13:00:00.000,LHR25,9
2025-08-07 14:00:00.000,LHR25,36
2025-08-07 15:00:00.000,LHR25,34
2025-08-07 16:00:00.000,LHR25,11
2025-08-07 17:00:00.000,LHR25,9
2025-08-07 18:00:00.000,LHR25,40
2025-08-07 19:00:00.000,LHR25,28
2025-08-07 20:00:00.000,LHR25,20
2025-08-08 00:00:00.000,LHR25,1
2025-08-08 05:00:00.000,LHR25,26
2025-08-08 06:00:00.000,LHR25,33
2025-08-08 07:00:00.000,LHR25,17
2025-08-08 08:00:00.000,LHR25,49
2025-08-08 09:00:00.000,LHR25,48
2025-08-08 10:00:00.000,LHR25,29
2025-08-08 11:00:00.000,LHR25,36
2025-08-08 12:00:00.000,LHR25,22
2025-08-08 13:00:00.000,LHR25,23
2025-08-08 14:00:00.000,LHR25,15
2025-08-08 15:00:00.000,LHR25,19
2025-08-08 16:00:00.000,LHR25,19
2025-08-08 17:00:00.000,LHR25,1
2025-08-08 18:00:00.000,LHR25,16
2025-08-08 19:00:00.000,LHR25,14
2025-08-08 20:00:00.000,LHR25,10
2025-08-08 21:00:00.000,LHR25,6
2025-08-09 05:00:00.000,LHR25,22
2025-08-09 06:00:00.000,LHR25,29
2025-08-09 07:00:00.000,LHR25,22
2025-08-09 08:00:00.000,LHR25,31
2025-08-09 09:00:00.000,LHR25,25
2025-08-09 10:00:00.000,LHR25,51
2025-08-09 11:00:00.000,LHR25,12
2025-08-09 12:00:00.000,LHR25,33
2025-08-09 13:00:00.000,LHR25,30
2025-08-09 14:00:00.000,LHR25,11
2025-08-09 15:00:00.000,LHR25,31
2025-08-09 16:00:00.000,LHR25,24
2025-08-09 17:00:00.000,LHR25,22
2025-08-09 18:00:00.000,LHR25,7
2025-08-09 19:00:00.000,LHR25,8
2025-08-09 20:00:00.000,LHR25,16
2025-08-09 21:00:00.000,LHR25,2
2025-08-10 05:00:00.000,LHR25,9
2025-08-10 06:00:00.000,LHR25,5
2025-08-10 07:00:00.000,LHR25,17
2025-08-10 08:00:00.000,LHR25,60
2025-08-10 09:00:00.000,LHR25,28
2025-08-10 10:00:00.000,LHR25,29
2025-08-10 11:00:00.000,LHR25,48
2025-08-10 12:00:00.000,LHR25,34
2025-08-10 13:00:00.000,LHR25,37
2025-08-10 14:00:00.000,LHR25,30
2025-08-10 15:00:00.000,LHR25,41
2025-08-10 16:00:00.000,LHR25,25
2025-08-10 17:00:00.000,LHR25,26
2025-08-10 18:00:00.000,LHR25,19
2025-08-10 19:00:00.000,LHR25,12
2025-08-10 20:00:00.000,LHR25,9
2025-08-10 21:00:00.000,LHR25,2
2025-08-11 05:00:00.000,LHR25,21
2025-08-11 07:00:00.000,LHR25,21
2025-08-11 08:00:00.000,LHR25,31
2025-08-11 09:00:00.000,LHR25,18
2025-08-11 10:00:00.000,LHR25,40
2025-08-11 11:00:00.000,LHR25,29
2025-08-11 12:00:00.000,LHR25,23
2025-08-11 13:00:00.000,LHR25,29
2025-08-11 14:00:00.000,LHR25,41
2025-08-11 15:00:00.000,LHR25,42
2025-08-11 16:00:00.000,LHR25,23
2025-08-11 17:00:00.000,LHR25,15
2025-08-11 18:00:00.000,LHR25,13
2025-08-11 19:00:00.000,LHR25,25
2025-08-11 20:00:00.000,LHR25,10
2025-08-11 21:00:00.000,LHR25,2
2025-08-12 05:00:00.000,LHR25,6
2025-08-12 06:00:00.000,LHR25,20
2025-08-12 07:00:00.000,LHR25,10
2025-08-12 08:00:00.000,LHR25,21
2025-08-12 09:00:00.000,LHR25,44
2025-08-12 10:00:00.000,LHR25,60
2025-08-12 11:00:00.000,LHR25,17
2025-08-12 12:00:00.000,LHR25,3
2025-08-12 13:00:00.000,LHR25,3
2025-08-12 14:00:00.000,LHR25,27
2025-08-12 15:00:00.000,LHR25,27
2025-08-12 16:00:00.000,LHR25,15
2025-08-12 17:00:00.000,LHR25,24
2025-08-12 18:00:00.000,LHR25,17
2025-08-12 19:00:00.000,LHR25,10
2025-08-12 20:00:00.000,LHR25,6
2025-08-12 21:00:00.000,LHR25,3
2025-08-13 04:00:00.000,LHR25,4
2025-08-13 05:00:00.000,LHR25,10
2025-08-13 06:00:00.000,LHR25,28
2025-08-13 07:00:00.000,LHR25,16
2025-08-13 08:00:00.000,LHR25,14
2025-08-13 09:00:00.000,LHR25,83
2025-08-13 10:00:00.000,LHR25,20
2025-08-13 11:00:00.000,LHR25,28
2025-08-13 12:00:00.000,LHR25,23
2025-08-13 13:00:00.000,LHR25,18
2025-08-13 14:00:00.000,LHR25,18
2025-08-13 15:00:00.000,LHR25,28
2025-08-13 16:00:00.000,LHR25,48
2025-08-13 17:00:00.000,LHR25,32
2025-08-13 18:00:00.000,LHR25,21
2025-08-13 19:00:00.000,LHR25,8
2025-08-13 20:00:00.000,LHR25,13
2025-08-13 21:00:00.000,LHR25,4
2025-08-14 05:00:00.000,LHR25,22
2025-08-14 06:00:00.000,LHR25,35
2025-08-14 07:00:00.000,LHR25,10
2025-08-14 08:00:00.000,LHR25,38
2025-08-14 09:00:00.000,LHR25,25
2025-08-14 10:00:00.000,LHR25,24
2025-08-14 11:00:00.000,LHR25,14
2025-08-14 12:00:00.000,LHR25,22
2025-08-14 13:00:00.000,LHR25,31
2025-08-14 14:00:00.000,LHR25,15
2025-08-14 15:00:00.000,LHR25,17
2025-08-14 16:00:00.000,LHR25,26
2025-08-14 17:00:00.000,LHR25,18
2025-08-14 18:00:00.000,LHR25,10
2025-08-14 19:00:00.000,LHR25,16
2025-08-14 20:00:00.000,LHR25,13
2025-08-14 21:00:00.000,LHR25,7
2025-08-15 00:00:00.000,LHR25,2
2025-08-15 05:00:00.000,LHR25,28
2025-08-15 06:00:00.000,LHR25,20
2025-08-15 07:00:00.000,LHR25,2
2025-08-15 08:00:00.000,LHR25,21
2025-08-15 09:00:00.000,LHR25,32
2025-08-15 10:00:00.000,LHR25,54
2025-08-15 11:00:00.000,LHR25,4
2025-08-15 12:00:00.000,LHR25,45
2025-08-15 13:00:00.000,LHR25,15
2025-08-15 14:00:00.000,LHR25,11
2025-08-15 15:00:00.000,LHR25,15
2025-08-15 16:00:00.000,LHR25,6
2025-08-15 17:00:00.000,LHR25,30
2025-08-15 18:00:00.000,LHR25,15
2025-08-15 19:00:00.000,LHR25,27
2025-08-15 20:00:00.000,LHR25,17
2025-08-15 21:00:00.000,LHR25,8
2025-08-16 05:00:00.000,LHR25,4
2025-08-16 06:00:00.000,LHR25,18
2025-08-16 07:00:00.000,LHR25,9
2025-08-16 08:00:00.000,LHR25,42
2025-08-16 09:00:00.000,LHR25,21
2025-08-16 10:00:00.000,LHR25,34
2025-08-16 11:00:00.000,LHR25,16
2025-08-16 12:00:00.000,LHR25,4
2025-08-16 13:00:00.000,LHR25,30
2025-08-16 14:00:00.000,LHR25,23
2025-08-16 15:00:00.000,LHR25,24
2025-08-16 16:00:00.000,LHR25,8
2025-08-16 17:00:00.000,LHR25,8
2025-08-16 18:00:00.000,LHR25,4
2025-08-16 19:00:00.000,LHR25,5
2025-08-16 20:00:00.000,LHR25,13
2025-08-16 21:00:00.000,LHR25,4
2025-08-17 05:00:00.000,LHR25,18
2025-08-17 06:00:00.000,LHR25,23
2025-08-17 07:00:00.000,LHR25,32
2025-08-17 08:00:00.000,LHR25,55
2025-08-17 09:00:00.000,LHR25,48
2025-08-17 10:00:00.000,LHR25,37
2025-08-17 11:00:00.000,LHR25,10
2025-08-17 12:00:00.000,LHR25,15
2025-08-17 13:00:00.000,LHR25,6
2025-08-17 14:00:00.000,LHR25,64
2025-08-17 15:00:00.000,LHR25,18
2025-08-17 16:00:00.000,LHR25,25
2025-08-17 17:00:00.000,LHR25,49
2025-08-17 18:00:00.000,LHR25,18
2025-08-17 19:00:00.000,LHR25,14
2025-08-17 20:00:00.000,LHR25,12
2025-08-17 21:00:00.000,LHR25,2
2025-08-18 05:00:00.000,LHR25,11
2025-08-18 06:00:00.000,LHR25,17
2025-08-18 07:00:00.000,LHR25,25
2025-08-18 08:00:00.000,LHR25,25
2025-08-18 09:00:00.000,LHR25,14
2025-08-18 10:00:00.000,LHR25,14
2025-08-18 11:00:00.000,LHR25,41
2025-08-18 12:00:00.000,LHR25,32
2025-08-18 13:00:00.000,LHR25,16
2025-08-18 14:00:00.000,LHR25,25
2025-08-18 15:00:00.000,LHR25,24
2025-08-18 16:00:00.000,LHR25,5
2025-08-18 17:00:00.000,LHR25,28
2025-08-18 18:00:00.000,LHR25,10
2025-08-18 19:00:00.000,LHR25,19
2025-08-18 20:00:00.000,LHR25,5
2025-08-18 21:00:00.000,LHR25,5
2025-08-19 05:00:00.000,LHR25,22
2025-08-19 06:00:00.000,LHR25,10
2025-08-19 07:00:00.000,LHR25,15
2025-08-19 08:00:00.000,LHR25,10
2025-08-19 09:00:00.000,LHR25,5
2025-08-19 10:00:00.000,LHR25,43
2025-08-19 11:00:00.000,LHR25,21
2025-08-19 12:00:00.000,LHR25,10
2025-08-19 13:00:00.000,LHR25,11
2025-08-19 14:00:00.000,LHR25,51
2025-08-19 15:00:00.000,LHR25,39
2025-08-19 16:00:00.000,LHR25,24
2025-08-19 17:00:00.000,LHR25,27
2025-08-19 18:00:00.000,LHR25,15
2025-08-19 19:00:00.000,LHR25,30
2025-08-19 20:00:00.000,LHR25,5
2025-08-19 21:00:00.000,LHR25,3
2025-08-20 05:00:00.000,LHR25,28
2025-08-20 06:00:00.000,LHR25,12
2025-08-20 07:00:00.000,LHR25,20
2025-08-20 08:00:00.000,LHR25,20
2025-08-20 09:00:00.000,LHR25,9
2025-08-20 10:00:00.000,LHR25,60
2025-08-20 11:00:00.000,LHR25,19
2025-08-20 12:00:00.000,LHR25,26
2025-08-20 13:00:00.000,LHR25,29
2025-08-20 14:00:00.000,LHR25,29
2025-08-20 15:00:00.000,LHR25,49
2025-08-20 16:00:00.000,LHR25,8
2025-08-20 17:00:00.000,LHR25,21
2025-08-20 18:00:00.000,LHR25,30
2025-08-20 19:00:00.000,LHR25,12
2025-08-20 20:00:00.000,LHR25,16
2025-08-20 21:00:00.000,LHR25,1
2025-08-21 05:00:00.000,LHR25,22
2025-08-21 06:00:00.000,LHR25,16
2025-08-21 07:00:00.000,LHR25,9
2025-08-21 08:00:00.000,LHR25,45
2025-08-21 09:00:00.000,LHR25,16
2025-08-21 10:00:00.000,LHR25,36
2025-08-21 11:00:00.000,LHR25,23
2025-08-21 12:00:00.000,LHR25,24
2025-08-21 13:00:00.000,LHR25,37
2025-08-21 14:00:00.000,LHR25,14
2025-08-21 15:00:00.000,LHR25,29
2025-08-21 16:00:00.000,LHR25,22
2025-08-21 17:00:00.000,LHR25,24
2025-08-21 18:00:00.000,LHR25,16
2025-08-21 19:00:00.000,LHR25,26
2025-08-21 20:00:00.000,LHR25,22
2025-08-21 21:00:00.000,LHR25,1
2025-08-22 05:00:00.000,LHR25,11
2025-08-22 06:00:00.000,LHR25,8
2025-08-22 07:00:00.000,LHR25,21
2025-08-22 08:00:00.000,LHR25,13
2025-08-22 09:00:00.000,LHR25,28
2025-08-22 10:00:00.000,LHR25,24
2025-08-22 11:00:00.000,LHR25,30
2025-08-22 12:00:00.000,LHR25,35
2025-08-22 13:00:00.000,LHR25,32
2025-08-22 14:00:00.000,LHR25,22
2025-08-22 15:00:00.000,LHR25,31
2025-08-22 16:00:00.000,LHR25,8
2025-08-22 17:00:00.000,LHR25,26
2025-08-22 18:00:00.000,LHR25,16
2025-08-22 19:00:00.000,LHR25,4
2025-08-22 20:00:00.000,LHR25,16
2025-08-23 05:00:00.000,LHR25,26
2025-08-23 06:00:00.000,LHR25,14
2025-08-23 07:00:00.000,LHR25,18
2025-08-23 08:00:00.000,LHR25,34
2025-08-23 09:00:00.000,LHR25,35
2025-08-23 10:00:00.000,LHR25,70
2025-08-23 11:00:00.000,LHR25,58
2025-08-23 12:00:00.000,LHR25,12
2025-08-23 13:00:00.000,LHR25,17
2025-08-23 14:00:00.000,LHR25,38
2025-08-23 15:00:00.000,LHR25,14
2025-08-23 16:00:00.000,LHR25,43
2025-08-23 17:00:00.000,LHR25,29
2025-08-23 18:00:00.000,LHR25,7
2025-08-23 19:00:00.000,LHR25,9
2025-08-23 20:00:00.000,LHR25,10
2025-08-24 00:00:00.000,LHR25,1
2025-08-24 05:00:00.000,LHR25,29
2025-08-24 06:00:00.000,LHR25,28
2025-08-24 07:00:00.000,LHR25,10
2025-08-24 08:00:00.000,LHR25,17
2025-08-24 09:00:00.000,LHR25,29
2025-08-24 10:00:00.000,LHR25,38
2025-08-24 11:00:00.000,LHR25,78
2025-08-24 12:00:00.000,LHR25,7
2025-08-24 13:00:00.000,LHR25,13
2025-08-24 14:00:00.000,LHR25,47
2025-08-24 15:00:00.000,LHR25,24
2025-08-24 16:00:00.000,LHR25,29
2025-08-24 17:00:00.000,LHR25,62
2025-08-24 18:00:00.000,LHR25,10
2025-08-24 19:00:00.000,LHR25,18
2025-08-24 20:00:00.000,LHR25,19
2025-08-24 21:00:00.000,LHR25,2
2025-08-25 05:00:00.000,LHR25,16
2025-08-25 06:00:00.000,LHR25,12
2025-08-25 07:00:00.000,LHR25,2
2025-08-25 08:00:00.000,LHR25,6
2025-08-25 09:00:00.000,LHR25,38
2025-08-25 10:00:00.000,LHR25,52
2025-08-25 11:00:00.000,LHR25,12
2025-08-25 12:00:00.000,LHR25,15
2025-08-25 13:00:00.000,LHR25,1
2025-08-25 14:00:00.000,LHR25,18
2025-08-25 15:00:00.000,LHR25,35
2025-08-25 16:00:00.000,LHR25,6
2025-08-25 17:00:00.000,LHR25,6
2025-08-25 18:00:00.000,LHR25,22
2025-08-25 19:00:00.000,LHR25,15
2025-08-25 20:00:00.000,LHR25,4
2025-08-25 21:00:00.000,LHR25,2
2025-08-26 05:00:00.000,LHR25,11
2025-08-26 06:00:00.000,LHR25,27
2025-08-26 07:00:00.000,LHR25,27
2025-08-26 08:00:00.000,LHR25,19
2025-08-26 09:00:00.000,LHR25,27
2025-08-26 10:00:00.000,LHR25,18
2025-08-26 11:00:00.000,LHR25,26
2025-08-26 12:00:00.000,LHR25,32
2025-08-26 13:00:00.000,LHR25,19
2025-08-26 14:00:00.000,LHR25,21
2025-08-26 15:00:00.000,LHR25,14
2025-08-26 16:00:00.000,LHR25,5
2025-08-26 17:00:00.000,LHR25,4
2025-08-26 18:00:00.000,LHR25,5
2025-08-26 19:00:00.000,LHR25,8
2025-08-26 20:00:00.000,LHR25,23
2025-08-27 05:00:00.000,LHR25,21
2025-08-27 06:00:00.000,LHR25,9
2025-08-27 07:00:00.000,LHR25,35
2025-08-27 08:00:00.000,LHR25,9
2025-08-27 09:00:00.000,LHR25,38
2025-08-27 10:00:00.000,LHR25,10
2025-08-27 11:00:00.000,LHR25,28
2025-08-27 12:00:00.000,LHR25,33
2025-08-27 13:00:00.000,LHR25,16
2025-08-27 14:00:00.000,LHR25,21
2025-08-27 15:00:00.000,LHR25,7
2025-08-27 16:00:00.000,LHR25,28
2025-08-27 17:00:00.000,LHR25,17
2025-08-27 18:00:00.000,LHR25,22
2025-08-27 19:00:00.000,LHR25,14
2025-08-27 20:00:00.000,LHR25,20
2025-08-27 21:00:00.000,LHR25,2
2025-08-28 00:00:00.000,LHR25,1
2025-08-28 05:00:00.000,LHR25,15
2025-08-28 06:00:00.000,LHR25,15
2025-08-28 07:00:00.000,LHR25,46
2025-08-28 08:00:00.000,LHR25,12
2025-08-28 09:00:00.000,LHR25,18
2025-08-28 10:00:00.000,LHR25,35
2025-08-28 11:00:00.000,LHR25,35
2025-08-28 12:00:00.000,LHR25,33
2025-08-28 13:00:00.000,LHR25,17
2025-08-28 15:00:00.000,LHR25,9
2025-08-28 16:00:00.000,LHR25,14
2025-08-28 17:00:00.000,LHR25,20
2025-08-28 18:00:00.000,LHR25,18
2025-08-28 19:00:00.000,LHR25,36
2025-08-28 20:00:00.000,LHR25,3
2025-08-28 21:00:00.000,LHR25,2
2025-08-29 05:00:00.000,LHR25,11
2025-08-29 06:00:00.000,LHR25,30
2025-08-29 07:00:00.000,LHR25,18
2025-08-29 08:00:00.000,LHR25,3
2025-08-29 09:00:00.000,LHR25,45
2025-08-29 10:00:00.000,LHR25,21
2025-08-29 11:00:00.000,LHR25,15
2025-08-29 12:00:00.000,LHR25,21
2025-08-29 13:00:00.000,LHR25,11
2025-08-29 14:00:00.000,LHR25,14
2025-08-29 15:00:00.000,LHR25,5
2025-08-29 16:00:00.000,LHR25,43
2025-08-29 17:00:00.000,LHR25,27
2025-08-29 18:00:00.000,LHR25,4
2025-08-29 19:00:00.000,LHR25,15
2025-08-29 20:00:00.000,LHR25,12
2025-08-29 21:00:00.000,LHR25,6
2025-08-30 05:00:00.000,LHR25,16
2025-08-30 06:00:00.000,LHR25,14
2025-08-30 07:00:00.000,LHR25,30
2025-08-30 08:00:00.000,LHR25,20
2025-08-30 09:00:00.000,LHR25,49
2025-08-30 10:00:00.000,LHR25,43
2025-08-30 11:00:00.000,LHR25,35
2025-08-30 12:00:00.000,LHR25,27
2025-08-30 13:00:00.000,LHR25,11
2025-08-30 14:00:00.000,LHR25,22
2025-08-30 15:00:00.000,LHR25,8
2025-08-30 16:00:00.000,LHR25,18
2025-08-30 17:00:00.000,LHR25,24
2025-08-30 18:00:00.000,LHR25,9
2025-08-30 19:00:00.000,LHR25,32
2025-08-30 20:00:00.000,LHR25,22
2025-08-31 05:00:00.000,LHR25,7
2025-08-31 06:00:00.000,LHR25,18
2025-08-31 07:00:00.000,LHR25,20
2025-08-31 08:00:00.000,LHR25,46
2025-08-31 09:00:00.000,LHR25,13
2025-08-31 10:00:00.000,LHR25,64
2025-08-31 11:00:00.000,LHR25,69
2025-08-31 12:00:00.000,LHR25,22
2025-08-31 13:00:00.000,LHR25,21
2025-08-31 14:00:00.000,LHR25,32
2025-08-31 15:00:00.000,LHR25,44
2025-08-31 16:00:00.000,LHR25,37
2025-08-31 17:00:00.000,LHR25,16
2025-08-31 18:00:00.000,LHR25,12
2025-08-31 19:00:00.000,LHR25,31
2025-08-31 20:00:00.000,LHR25,20
2025-08-31 21:00:00.000,LHR25,3
2025-09-01 05:00:00.000,LHR25,22
2025-09-01 06:00:00.000,LHR25,30
2025-09-01 07:00:00.000,LHR25,5
2025-09-01 08:00:00.000,LHR25,37
2025-09-01 09:00:00.000,LHR25,24
2025-09-01 10:00:00.000,LHR25,50
2025-09-01 11:00:00.000,LHR25,41
2025-09-01 12:00:00.000,LHR25,37
2025-09-01 13:00:00.000,LHR25,46
2025-09-01 14:00:00.000,LHR25,39
2025-09-01 15:00:00.000,LHR25,51
2025-09-01 16:00:00.000,LHR25,26
2025-09-01 17:00:00.000,LHR25,37
2025-09-01 18:00:00.000,LHR25,18
2025-09-01 19:00:00.000,LHR25,23
2025-09-01 20:00:00.000,LHR25,9
2025-09-01 21:00:00.000,LHR25,1
2025-09-02 05:00:00.000,LHR25,24
2025-09-02 06:00:00.000,LHR25,23
2025-09-02 07:00:00.000,LHR25,43
2025-09-02 08:00:00.000,LHR25,13
2025-09-02 09:00:00.000,LHR25,18
2025-09-02 10:00:00.000,LHR25,48
2025-09-02 11:00:00.000,LHR25,22
2025-09-02 12:00:00.000,LHR25,40
2025-09-02 13:00:00.000,LHR25,24
2025-09-02 14:00:00.000,LHR25,26
2025-09-02 15:00:00.000,LHR25,34
2025-09-02 16:00:00.000,LHR25,8
2025-09-02 17:00:00.000,LHR25,38
2025-09-02 18:00:00.000,LHR25,8
2025-09-02 19:00:00.000,LHR25,24
2025-09-02 20:00:00.000,LHR25,13
2025-09-02 21:00:00.000,LHR25,7
2025-09-03 05:00:00.000,LHR25,6
2025-09-03 06:00:00.000,LHR25,17
2025-09-03 07:00:00.000,LHR25,25
2025-09-03 08:00:00.000,LHR25,19
2025-09-03 09:00:00.000,LHR25,25
2025-09-03 10:00:00.000,LHR25,37
2025-09-03 11:00:00.000,LHR25,26
2025-09-03 12:00:00.000,LHR25,22
2025-09-03 13:00:00.000,LHR25,1
2025-09-03 14:00:00.000,LHR25,20
2025-09-03 15:00:00.000,LHR25,9
2025-09-03 16:00:00.000,LHR25,13
2025-09-03 17:00:00.000,LHR25,6
2025-09-03 18:00:00.000,LHR25,3
2025-09-03 19:00:00.000,LHR25,7
2025-09-03 20:00:00.000,LHR25,5
2025-09-03 21:00:00.000,LHR25,5
2025-09-04 05:00:00.000,LHR25,2
2025-09-04 06:00:00.000,LHR25,11
2025-09-04 07:00:00.000,LHR25,24
2025-09-04 08:00:00.000,LHR25,35
2025-09-04 09:00:00.000,LHR25,32
2025-09-04 10:00:00.000,LHR25,28
2025-09-04 11:00:00.000,LHR25,1
2025-09-04 12:00:00.000,LHR25,8
2025-09-04 13:00:00.000,LHR25,13
2025-09-04 14:00:00.000,LHR25,3
2025-09-04 15:00:00.000,LHR25,28
2025-09-04 16:00:00.000,LHR25,19
2025-09-04 17:00:00.000,LHR25,25
2025-09-04 18:00:00.000,LHR25,14
2025-09-04 19:00:00.000,LHR25,4
2025-09-04 20:00:00.000,LHR25,10
2025-09-05 05:00:00.000,LHR25,22
2025-09-05 06:00:00.000,LHR25,19
2025-09-05 07:00:00.000,LHR25,27
2025-09-05 08:00:00.000,LHR25,21
2025-09-05 09:00:00.000,LHR25,19
2025-09-05 10:00:00.000,LHR25,23
2025-09-05 11:00:00.000,LHR25,14
2025-09-05 12:00:00.000,LHR25,14
2025-09-05 13:00:00.000,LHR25,30
2025-09-05 14:00:00.000,LHR25,12
2025-09-05 15:00:00.000,LHR25,17
2025-09-05 16:00:00.000,LHR25,19
2025-09-05 17:00:00.000,LHR25,10
2025-09-05 18:00:00.000,LHR25,27
2025-09-05 19:00:00.000,LHR25,40
2025-09-05 20:00:00.000,LHR25,26
2025-09-05 21:00:00.000,LHR25,1
2025-09-06 00:00:00.000,LHR25,2
2025-09-06 05:00:00.000,LHR25,29
2025-09-06 06:00:00.000,LHR25,11
2025-09-06 07:00:00.000,LHR25,20
2025-09-06 08:00:00.000,LHR25,62
2025-09-06 09:00:00.000,LHR25,34
2025-09-06 10:00:00.000,LHR25,62
2025-09-06 11:00:00.000,LHR25,33
2025-09-06 12:00:00.000,LHR25,28
2025-09-06 13:00:00.000,LHR25,18
2025-09-06 14:00:00.000,LHR25,22
2025-09-06 15:00:00.000,LHR25,21
2025-09-06 16:00:00.000,LHR25,13
2025-09-06 17:00:00.000,LHR25,30
2025-09-06 18:00:00.000,LHR25,20
2025-09-06 19:00:00.000,LHR25,3
2025-09-06 20:00:00.000,LHR25,5
2025-09-06 21:00:00.000,LHR25,1
2025-09-07 00:00:00.000,LHR25,1
2025-09-07 05:00:00.000,LHR25,44
2025-09-07 06:00:00.000,LHR25,12
2025-09-07 07:00:00.000,LHR25,30
2025-09-07 08:00:00.000,LHR25,33
2025-09-07 09:00:00.000,LHR25,38
2025-09-07 10:00:00.000,LHR25,50
2025-09-07 11:00:00.000,LHR25,8
2025-09-07 12:00:00.000,LHR25,47
2025-09-07 13:00:00.000,LHR25,60
2025-09-07 14:00:00.000,LHR25,21
2025-09-07 15:00:00.000,LHR25,40
2025-09-07 16:00:00.000,LHR25,47
2025-09-07 17:00:00.000,LHR25,1
2025-09-07 18:00:00.000,LHR25,2
2025-09-07 19:00:00.000,LHR25,17
2025-09-07 20:00:00.000,LHR25,6
2025-09-08 05:00:00.000,LHR25,5
2025-09-08 06:00:00.000,LHR25,9
2025-09-08 07:00:00.000,LHR25,12
2025-09-08 08:00:00.000,LHR25,22
2025-09-08 09:00:00.000,LHR25,25
2025-09-08 10:00:00.000,LHR25,56
2025-09-08 11:00:00.000,LHR25,43
2025-09-08 12:00:00.000,LHR25,56
2025-09-08 13:00:00.000,LHR25,17
2025-09-08 14:00:00.000,LHR25,32
2025-09-08 15:00:00.000,LHR25,30
2025-09-08 16:00:00.000,LHR25,24
2025-09-08 17:00:00.000,LHR25,35
2025-09-08 18:00:00.000,LHR25,6
2025-09-08 19:00:00.000,LHR25,1
2025-09-08 20:00:00.000,LHR25,9
2025-09-08 21:00:00.000,LHR25,2
2025-09-09 00:00:00.000,LHR25,1
2025-09-09 05:00:00.000,LHR25,17
2025-09-09 06:00:00.000,LHR25,23
2025-09-09 07:00:00.000,LHR25,22
2025-09-09 08:00:00.000,LHR25,23
2025-09-09 09:00:00.000,LHR25,15
2025-09-09 10:00:00.000,LHR25,19
2025-09-09 11:00:00.000,LHR25,56
2025-09-09 12:00:00.000,LHR25,37
2025-09-09 13:00:00.000,LHR25,11
2025-09-09 14:00:00.000,LHR25,5
2025-09-09 15:00:00.000,LHR25,15
2025-09-09 16:00:00.000,LHR25,21
2025-09-09 17:00:00.000,LHR25,9
2025-09-09 18:00:00.000,LHR25,20
2025-09-09 19:00:00.000,LHR25,28
2025-09-09 20:00:00.000,LHR25,24
2025-09-09 21:00:00.000,LHR25,2
2025-09-10 05:00:00.000,LHR25,25
2025-09-10 06:00:00.000,LHR25,19
2025-09-10 07:00:00.000,LHR25,54
2025-09-10 08:00:00.000,LHR25,25
2025-09-10 09:00:00.000,LHR25,18
2025-09-10 10:00:00.000,LHR25,17
2025-09-10 11:00:00.000,LHR25,45
2025-09-10 12:00:00.000,LHR25,27
2025-09-10 13:00:00.000,LHR25,21
2025-09-10 14:00:00.000,LHR25,18
2025-09-10 15:00:00.000,LHR25,14
2025-09-10 16:00:00.000,LHR25,39
2025-09-10 17:00:00.000,LHR25,9
2025-09-10 18:00:00.000,LHR25,13
2025-09-10 19:00:00.000,LHR25,29
2025-09-10 20:00:00.000,LHR25,7
2025-09-10 21:00:00.000,LHR25,2
2025-09-11 05:00:00.000,LHR25,22
2025-09-11 06:00:00.000,LHR25,26
2025-09-11 07:00:00.000,LHR25,29
2025-09-11 08:00:00.000,LHR25,22
2025-09-11 09:00:00.000,LHR25,19
2025-09-11 10:00:00.000,LHR25,27
2025-09-11 11:00:00.000,LHR25,7
2025-09-11 12:00:00.000,LHR25,33
2025-09-11 13:00:00.000,LHR25,12
2025-09-11 14:00:00.000,LHR25,11
2025-09-11 15:00:00.000,LHR25,20
2025-09-11 16:00:00.000,LHR25,4
2025-09-11 17:00:00.000,LHR25,4
2025-09-11 18:00:00.000,LHR25,12
2025-09-11 19:00:00.000,LHR25,13
2025-09-11 20:00:00.000,LHR25,16
2025-09-11 21:00:00.000,LHR25,13
2025-09-12 04:00:00.000,LHR25,1
2025-09-12 05:00:00.000,LHR25,13
2025-09-12 06:00:00.000,LHR25,20
2025-09-12 07:00:00.000,LHR25,10
2025-09-12 08:00:00.000,LHR25,33
2025-09-12 09:00:00.000,LHR25,27
2025-09-12 10:00:00.000,LHR25,25
2025-09-12 11:00:00.000,LHR25,26
2025-09-12 12:00:00.000,LHR25,40
2025-09-12 13:00:00.000,LHR25,33
2025-09-12 14:00:00.000,LHR25,39
2025-09-12 15:00:00.000,LHR25,56
2025-09-12 16:00:00.000,LHR25,35
2025-09-12 17:00:00.000,LHR25,29
2025-09-12 18:00:00.000,LHR25,23
2025-09-12 19:00:00.000,LHR25,24
2025-09-12 20:00:00.000,LHR25,26
2025-09-12 21:00:00.000,LHR25,1
2025-09-13 00:00:00.000,LHR25,2
2025-09-13 05:00:00.000,LHR25,20
2025-09-13 06:00:00.000,LHR25,39
2025-09-13 07:00:00.000,LHR25,46
2025-09-13 08:00:00.000,LHR25,33
2025-09-13 09:00:00.000,LHR25,53
2025-09-13 10:00:00.000,LHR25,39
2025-09-13 11:00:00.000,LHR25,44
2025-09-13 12:00:00.000,LHR25,22
2025-09-13 13:00:00.000,LHR25,14
2025-09-13 14:00:00.000,LHR25,27
2025-09-13 15:00:00.000,LHR25,16
2025-09-13 16:00:00.000,LHR25,29
2025-09-13 17:00:00.000,LHR25,10
2025-09-13 18:00:00.000,LHR25,4
2025-09-13 19:00:00.000,LHR25,5
2025-09-13 20:00:00.000,LHR25,24
2025-09-14 05:00:00.000,LHR25,21
2025-09-14 06:00:00.000,LHR25,26
2025-09-14 07:00:00.000,LHR25,31
2025-09-14 08:00:00.000,LHR25,41
2025-09-14 09:00:00.000,LHR25,60
2025-09-14 10:00:00.000,LHR25,57
2025-09-14 11:00:00.000,LHR25,45
2025-09-14 12:00:00.000,LHR25,46
2025-09-14 13:00:00.000,LHR25,62
2025-09-14 14:00:00.000,LHR25,9
2025-09-14 15:00:00.000,LHR25,36
2025-09-14 16:00:00.000,LHR25,53
2025-09-14 17:00:00.000,LHR25,40
2025-09-14 18:00:00.000,LHR25,22
2025-09-14 19:00:00.000,LHR25,17
2025-09-14 20:00:00.000,LHR25,37
2025-09-14 21:00:00.000,LHR25,8
2025-09-15 00:00:00.000,LHR25,1
2025-09-15 05:00:00.000,LHR25,14
2025-09-15 06:00:00.000,LHR25,32
2025-09-15 07:00:00.000,LHR25,8
2025-09-15 08:00:00.000,LHR25,41
2025-09-15 09:00:00.000,LHR25,22
2025-09-15 10:00:00.000,LHR25,30
2025-09-15 11:00:00.000,LHR25,24
2025-09-15 12:00:00.000,LHR25,39
2025-09-15 13:00:00.000,LHR25,20
2025-09-15 14:00:00.000,LHR25,7
2025-09-15 15:00:00.000,LHR25,11
2025-09-15 16:00:00.000,LHR25,11
2025-09-15 17:00:00.000,LHR25,16
2025-09-15 18:00:00.000,LHR25,5
2025-09-15 19:00:00.000,LHR25,20
2025-09-15 20:00:00.000,LHR25,18
2025-09-15 21:00:00.000,LHR25,2
2025-09-16 05:00:00.000,LHR25,6
2025-09-16 06:00:00.000,LHR25,28
2025-09-16 07:00:00.000,LHR25,5
2025-09-16 08:00:00.000,LHR25,22
2025-09-16 09:00:00.000,LHR25,30
2025-09-16 10:00:00.000,LHR25,36
2025-09-16 11:00:00.000,LHR25,23
2025-09-16 12:00:00.000,LHR25,29
2025-09-16 13:00:00.000,LHR25,28
2025-09-16 14:00:00.000,LHR25,30
2025-09-16 15:00:00.000,LHR25,11
2025-09-16 16:00:00.000,LHR25,22
2025-09-16 17:00:00.000,LHR25,16
2025-09-16 18:00:00.000,LHR25,27
2025-09-16 19:00:00.000,LHR25,26
2025-09-16 20:00:00.000,LHR25,24
2025-09-16 21:00:00.000,LHR25,1
2025-09-17 05:00:00.000,LHR25,16
2025-09-17 06:00:00.000,LHR25,7
2025-09-17 07:00:00.000,LHR25,12
2025-09-17 08:00:00.000,LHR25,24
2025-09-17 09:00:00.000,LHR25,14
2025-09-17 10:00:00.000,LHR25,31
2025-09-17 11:00:00.000,LHR25,16
2025-09-17 12:00:00.000,LHR25,6
2025-09-17 13:00:00.000,LHR25,19
2025-09-17 14:00:00.000,LHR25,34
2025-09-17 15:00:00.000,LHR25,36
2025-09-17 16:00:00.000,LHR25,34
2025-09-17 17:00:00.000,LHR25,41
2025-09-17 18:00:00.000,LHR25,15
2025-09-17 19:00:00.000,LHR25,31
2025-09-17 20:00:00.000,LHR25,8
2025-09-18 05:00:00.000,LHR25,23
2025-09-18 06:00:00.000,LHR25,26
2025-09-18 07:00:00.000,LHR25,29
2025-09-18 08:00:00.000,LHR25,5
2025-09-18 09:00:00.000,LHR25,13
2025-09-18 10:00:00.000,LHR25,34
2025-09-18 11:00:00.000,LHR25,10
2025-09-18 12:00:00.000,LHR25,5
2025-09-18 13:00:00.000,LHR25,24
2025-09-18 14:00:00.000,LHR25,47
2025-09-18 15:00:00.000,LHR25,33
2025-09-18 16:00:00.000,LHR25,21
2025-09-18 17:00:00.000,LHR25,29
2025-09-18 18:00:00.000,LHR25,40
2025-09-18 19:00:00.000,LHR25,25
2025-09-18 20:00:00.000,LHR25,13
2025-09-19 05:00:00.000,LHR25,21
2025-09-19 06:00:00.000,LHR25,33
2025-09-19 07:00:00.000,LHR25,48
2025-09-19 08:00:00.000,LHR25,37
2025-09-19 09:00:00.000,LHR25,47
2025-09-19 10:00:00.000,LHR25,14
2025-09-19 11:00:00.000,LHR25,19
2025-09-19 12:00:00.000,LHR25,14
2025-09-19 13:00:00.000,LHR25,46
2025-09-19 14:00:00.000,LHR25,26
2025-09-19 15:00:00.000,LHR25,18
2025-09-19 16:00:00.000,LHR25,14
2025-09-19 17:00:00.000,LHR25,34
2025-09-19 18:00:00.000,LHR25,36
2025-09-19 19:00:00.000,LHR25,10
2025-09-19 20:00:00.000,LHR25,27
2025-09-19 21:00:00.000,LHR25,9
2025-09-20 05:00:00.000,LHR25,21
2025-09-20 06:00:00.000,LHR25,34
2025-09-20 07:00:00.000,LHR25,43
2025-09-20 08:00:00.000,LHR25,13
2025-09-20 09:00:00.000,LHR25,21
2025-09-20 10:00:00.000,LHR25,45
2025-09-20 11:00:00.000,LHR25,27
2025-09-20 12:00:00.000,LHR25,56
2025-09-20 13:00:00.000,LHR25,9
2025-09-20 14:00:00.000,LHR25,14
2025-09-20 15:00:00.000,LHR25,39
2025-09-20 16:00:00.000,LHR25,2
2025-09-20 17:00:00.000,LHR25,3
2025-09-20 18:00:00.000,LHR25,20
2025-09-20 19:00:00.000,LHR25,6
2025-09-20 20:00:00.000,LHR25,12
2025-09-20 21:00:00.000,LHR25,4
2025-09-21 05:00:00.000,LHR25,22
2025-09-21 06:00:00.000,LHR25,26
2025-09-21 07:00:00.000,LHR25,45
2025-09-21 08:00:00.000,LHR25,11
2025-09-21 09:00:00.000,LHR25,42
2025-09-21 10:00:00.000,LHR25,35
2025-09-21 11:00:00.000,LHR25,26
2025-09-21 12:00:00.000,LHR25,27
2025-09-21 13:00:00.000,LHR25,28
2025-09-21 14:00:00.000,LHR25,46
2025-09-21 15:00:00.000,LHR25,59
2025-09-21 16:00:00.000,LHR25,29
2025-09-21 17:00:00.000,LHR25,29
2025-09-21 18:00:00.000,LHR25,30
2025-09-21 19:00:00.000,LHR25,36
2025-09-21 20:00:00.000,LHR25,27
2025-09-21 21:00:00.000,LHR25,2
2025-09-22 00:00:00.000,LHR25,1
2025-09-22 05:00:00.000,LHR25,21
2025-09-22 06:00:00.000,LHR25,22
2025-09-22 07:00:00.000,LHR25,38
2025-09-22 08:00:00.000,LHR25,36
2025-09-22 09:00:00.000,LHR25,44
2025-09-22 10:00:00.000,LHR25,41
2025-09-22 11:00:00.000,LHR25,44
2025-09-22 12:00:00.000,LHR25,13
2025-09-22 13:00:00.000,LHR25,28
2025-09-22 14:00:00.000,LHR25,46
2025-09-22 15:00:00.000,LHR25,33
2025-09-22 16:00:00.000,LHR25,22
2025-09-22 17:00:00.000,LHR25,29
2025-09-22 18:00:00.000,LHR25,29
2025-09-22 19:00:00.000,LHR25,35
2025-09-22 20:00:00.000,LHR25,10
2025-09-23 05:00:00.000,LHR25,13
2025-09-23 06:00:00.000,LHR25,19
2025-09-23 07:00:00.000,LHR25,34
2025-09-23 08:00:00.000,LHR25,23
2025-09-23 09:00:00.000,LHR25,18
2025-09-23 10:00:00.000,LHR25,22
2025-09-23 11:00:00.000,LHR25,30
2025-09-23 12:00:00.000,LHR25,34
2025-09-23 13:00:00.000,LHR25,35
2025-09-23 14:00:00.000,LHR25,26
2025-09-23 15:00:00.000,LHR25,28
2025-09-23 16:00:00.000,LHR25,19
2025-09-23 17:00:00.000,LHR25,11
2025-09-23 18:00:00.000,LHR25,28
2025-09-23 19:00:00.000,LHR25,41
2025-09-23 20:00:00.000,LHR25,11
2025-09-24 05:00:00.000,LHR25,20
2025-09-24 06:00:00.000,LHR25,19
2025-09-24 07:00:00.000,LHR25,29
2025-09-24 08:00:00.000,LHR25,45
2025-09-24 09:00:00.000,LHR25,23
2025-09-24 10:00:00.000,LHR25,25
2025-09-24 11:00:00.000,LHR25,52
2025-09-24 12:00:00.000,LHR25,44
2025-09-24 13:00:00.000,LHR25,5
2025-09-24 14:00:00.000,LHR25,27
2025-09-24 15:00:00.000,LHR25,33
2025-09-24 16:00:00.000,LHR25,23
2025-09-24 17:00:00.000,LHR25,26
2025-09-24 18:00:00.000,LHR25,21
2025-09-24 19:00:00.000,LHR25,20
2025-09-24 20:00:00.000,LHR25,16
2025-09-24 21:00:00.000,LHR25,2
2025-09-25 05:00:00.000,LHR25,22
2025-09-25 06:00:00.000,LHR25,28
2025-09-25 07:00:00.000,LHR25,30
2025-09-25 08:00:00.000,LHR25,41
2025-09-25 09:00:00.000,LHR25,39
2025-09-25 10:00:00.000,LHR25,40
2025-09-25 11:00:00.000,LHR25,42
2025-09-25 12:00:00.000,LHR25,14
2025-09-25 13:00:00.000,LHR25,63
2025-09-25 14:00:00.000,LHR25,22
2025-09-25 15:00:00.000,LHR25,28
2025-09-25 16:00:00.000,LHR25,34
2025-09-25 17:00:00.000,LHR25,22
2025-09-25 18:00:00.000,LHR25,6
2025-09-25 19:00:00.000,LHR25,21
2025-09-25 20:00:00.000,LHR25,23
2025-09-26 00:00:00.000,LHR25,2
2025-09-26 04:00:00.000,LHR25,1
2025-09-26 05:00:00.000,LHR25,15
2025-09-26 06:00:00.000,LHR25,39
2025-09-26 07:00:00.000,LHR25,25
2025-09-26 08:00:00.000,LHR25,51
2025-09-26 09:00:00.000,LHR25,20
2025-09-26 10:00:00.000,LHR25,13
2025-09-26 11:00:00.000,LHR25,39
2025-09-26 12:00:00.000,LHR25,40
2025-09-26 13:00:00.000,LHR25,21
2025-09-26 14:00:00.000,LHR25,51
2025-09-26 15:00:00.000,LHR25,24
2025-09-26 16:00:00.000,LHR25,14
2025-09-26 17:00:00.000,LHR25,25
2025-09-26 18:00:00.000,LHR25,2
2025-09-26 19:00:00.000,LHR25,9
2025-09-26 20:00:00.000,LHR25,3
2025-09-26 21:00:00.000,LHR25,2
2025-09-27 05:00:00.000,LHR25,33
2025-09-27 06:00:00.000,LHR25,28
2025-09-27 07:00:00.000,LHR25,69
2025-09-27 08:00:00.000,LHR25,52
2025-09-27 09:00:00.000,LHR25,51
2025-09-27 10:00:00.000,LHR25,67
2025-09-27 11:00:00.000,LHR25,77
2025-09-27 12:00:00.000,LHR25,30
2025-09-27 13:00:00.000,LHR25,38
2025-09-27 14:00:00.000,LHR25,16
2025-09-27 15:00:00.000,LHR25,24
2025-09-27 16:00:00.000,LHR25,26
2025-09-27 17:00:00.000,LHR25,41
2025-09-27 18:00:00.000,LHR25,14
2025-09-27 19:00:00.000,LHR25,16
2025-09-27 20:00:00.000,LHR25,10
2025-09-27 21:00:00.000,LHR25,5
2025-09-28 05:00:00.000,LHR25,12
2025-09-28 06:00:00.000,LHR25,21
2025-09-28 07:00:00.000,LHR25,38
2025-09-28 08:00:00.000,LHR25,46
2025-09-28 09:00:00.000,LHR25,71
2025-09-28 10:00:00.000,LHR25,77
2025-09-28 11:00:00.000,LHR25,35
2025-09-28 12:00:00.000,LHR25,55
2025-09-28 13:00:00.000,LHR25,33
2025-09-28 14:00:00.000,LHR25,47
2025-09-28 15:00:00.000,LHR25,45
2025-09-28 16:00:00.000,LHR25,18
2025-09-28 17:00:00.000,LHR25,34
2025-09-28 18:00:00.000,LHR25,16
2025-09-28 19:00:00.000,LHR25,18
2025-09-28 20:00:00.000,LHR25,34
2025-09-28 21:00:00.000,LHR25,1
2025-09-29 00:00:00.000,LHR25,1
2025-09-29 05:00:00.000,LHR25,17
2025-09-29 06:00:00.000,LHR25,13
2025-09-29 07:00:00.000,LHR25,27
2025-09-29 08:00:00.000,LHR25,36
2025-09-29 09:00:00.000,LHR25,41
2025-09-29 10:00:00.000,LHR25,38
2025-09-29 11:00:00.000,LHR25,62
2025-09-29 12:00:00.000,LHR25,32
2025-09-29 13:00:00.000,LHR25,47
2025-09-29 14:00:00.000,LHR25,52
2025-09-29 15:00:00.000,LHR25,44
2025-09-29 16:00:00.000,LHR25,46
2025-09-29 17:00:00.000,LHR25,21
2025-09-29 18:00:00.000,LHR25,27
2025-09-29 19:00:00.000,LHR25,31
2025-09-29 20:00:00.000,LHR25,14
2025-09-29 21:00:00.000,LHR25,6
2025-09-30 00:00:00.000,LHR25,1
2025-09-30 05:00:00.000,LHR25,20
2025-09-30 06:00:00.000,LHR25,9
2025-09-30 07:00:00.000,LHR25,10
2025-09-30 08:00:00.000,LHR25,40
2025-09-30 09:00:00.000,LHR25,34
2025-09-30 10:00:00.000,LHR25,42
2025-09-30 11:00:00.000,LHR25,18
2025-09-30 12:00:00.000,LHR25,13
2025-09-30 13:00:00.000,LHR25,50
2025-09-30 14:00:00.000,LHR25,42
2025-09-30 15:00:00.000,LHR25,35
2025-09-30 16:00:00.000,LHR25,31
2025-09-30 17:00:00.000,LHR25,22
2025-09-30 18:00:00.000,LHR25,27
2025-09-30 19:00:00.000,LHR25,20
2025-09-30 20:00:00.000,LHR25,26
2025-09-30 21:00:00.000,LHR25,7
2025-07-01 00:00:00.000,LHR30,2
2025-07-01 05:00:00.000,LHR30,18
2025-07-01 06:00:00.000,LHR30,29
2025-07-01 07:00:00.000,LHR30,32
2025-07-01 08:00:00.000,LHR30,51
2025-07-01 09:00:00.000,LHR30,44
2025-07-01 10:00:00.000,LHR30,41
2025-07-01 11:00:00.000,LHR30,39
2025-07-01 12:00:00.000,LHR30,43
2025-07-01 13:00:00.000,LHR30,70
2025-07-01 14:00:00.000,LHR30,63
2025-07-01 15:00:00.000,LHR30,42
2025-07-01 16:00:00.000,LHR30,37
2025-07-01 17:00:00.000,LHR30,42
2025-07-01 18:00:00.000,LHR30,34
2025-07-01 19:00:00.000,LHR30,34
2025-07-01 20:00:00.000,LHR30,9
2025-07-02 04:00:00.000,LHR30,1
2025-07-02 05:00:00.000,LHR30,26
2025-07-02 06:00:00.000,LHR30,37
2025-07-02 07:00:00.000,LHR30,45
2025-07-02 08:00:00.000,LHR30,68
2025-07-02 09:00:00.000,LHR30,36
2025-07-02 10:00:00.000,LHR30,46
2025-07-02 11:00:00.000,LHR30,57
2025-07-02 12:00:00.000,LHR30,80
2025-07-02 13:00:00.000,LHR30,65
2025-07-02 14:00:00.000,LHR30,62
2025-07-02 15:00:00.000,LHR30,63
2025-07-02 16:00:00.000,LHR30,41
2025-07-02 17:00:00.000,LHR30,45
2025-07-02 18:00:00.000,LHR30,45
2025-07-02 19:00:00.000,LHR30,25
2025-07-02 20:00:00.000,LHR30,4
2025-07-03 05:00:00.000,LHR30,26
2025-07-03 06:00:00.000,LHR30,49
2025-07-03 07:00:00.000,LHR30,51
2025-07-03 08:00:00.000,LHR30,72
2025-07-03 09:00:00.000,LHR30,66
2025-07-03 10:00:00.000,LHR30,75
2025-07-03 11:00:00.000,LHR30,75
2025-07-03 12:00:00.000,LHR30,43
2025-07-03 13:00:00.000,LHR30,56
2025-07-03 14:00:00.000,LHR30,41
2025-07-03 15:00:00.000,LHR30,50
2025-07-03 16:00:00.000,LHR30,35
2025-07-03 17:00:00.000,LHR30,61
2025-07-03 18:00:00.000,LHR30,48
2025-07-03 19:00:00.000,LHR30,35
2025-07-03 20:00:00.000,LHR30,15
2025-07-04 04:00:00.000,LHR30,3
2025-07-04 05:00:00.000,LHR30,56
2025-07-04 06:00:00.000,LHR30,39
2025-07-04 07:00:00.000,LHR30,41
2025-07-04 08:00:00.000,LHR30,42
2025-07-04 09:00:00.000,LHR30,57
2025-07-04 10:00:00.000,LHR30,43
2025-07-04 11:00:00.000,LHR30,116
2025-07-04 12:00:00.000,LHR30,57
2025-07-04 13:00:00.000,LHR30,82
2025-07-04 14:00:00.000,LHR30,55
2025-07-04 15:00:00.000,LHR30,44
2025-07-04 16:00:00.000,LHR30,25
2025-07-04 17:00:00.000,LHR30,53
2025-07-04 18:00:00.000,LHR30,50
2025-07-04 19:00:00.000,LHR30,41
2025-07-04 20:00:00.000,LHR30,12
2025-07-04 21:00:00.000,LHR30,2
2025-07-05 04:00:00.000,LHR30,1
2025-07-05 05:00:00.000,LHR30,19
2025-07-05 06:00:00.000,LHR30,27
2025-07-05 07:00:00.000,LHR30,59
2025-07-05 08:00:00.000,LHR30,47
2025-07-05 09:00:00.000,LHR30,44
2025-07-05 10:00:00.000,LHR30,58
2025-07-05 11:00:00.000,LHR30,81
2025-07-05 12:00:00.000,LHR30,82
2025-07-05 13:00:00.000,LHR30,89
2025-07-05 14:00:00.000,LHR30,81
2025-07-05 15:00:00.000,LHR30,68
2025-07-05 16:00:00.000,LHR30,67
2025-07-05 17:00:00.000,LHR30,31
2025-07-05 18:00:00.000,LHR30,45
2025-07-05 19:00:00.000,LHR30,25
2025-07-05 20:00:00.000,LHR30,14
2025-07-05 21:00:00.000,LHR30,4
2025-07-06 04:00:00.000,LHR30,2
2025-07-06 05:00:00.000,LHR30,33
2025-07-06 06:00:00.000,LHR30,47
2025-07-06 07:00:00.000,LHR30,41
2025-07-06 08:00:00.000,LHR30,60
2025-07-06 09:00:00.000,LHR30,61
2025-07-06 10:00:00.000,LHR30,58
2025-07-06 11:00:00.000,LHR30,76
2025-07-06 12:00:00.000,LHR30,80
2025-07-06 13:00:00.000,LHR30,53
2025-07-06 14:00:00.000,LHR30,76
2025-07-06 15:00:00.000,LHR30,60
2025-07-06 16:00:00.000,LHR30,65
2025-07-06 17:00:00.000,LHR30,61
2025-07-06 18:00:00.000,LHR30,49
2025-07-06 19:00:00.000,LHR30,47
2025-07-06 20:00:00.000,LHR30,19
2025-07-06 21:00:00.000,LHR30,3
2025-07-07 00:00:00.000,LHR30,2
2025-07-07 04:00:00.000,LHR30,10
2025-07-07 05:00:00.000,LHR30,26
2025-07-07 06:00:00.000,LHR30,33
2025-07-07 07:00:00.000,LHR30,28
2025-07-07 08:00:00.000,LHR30,21
2025-07-07 09:00:00.000,LHR30,56
2025-07-07 10:00:00.000,LHR30,44
2025-07-07 11:00:00.000,LHR30,71
2025-07-07 12:00:00.000,LHR30,101
2025-07-07 13:00:00.000,LHR30,85
2025-07-07 14:00:00.000,LHR30,75
2025-07-07 15:00:00.000,LHR30,61
2025-07-07 16:00:00.000,LHR30,54
2025-07-07 17:00:00.000,LHR30,50
2025-07-07 18:00:00.000,LHR30,62
2025-07-07 19:00:00.000,LHR30,18
2025-07-07 20:00:00.000,LHR30,11
2025-07-07 21:00:00.000,LHR30,1
2025-07-08 04:00:00.000,LHR30,2
2025-07-08 05:00:00.000,LHR30,27
2025-07-08 06:00:00.000,LHR30,23
2025-07-08 07:00:00.000,LHR30,35
2025-07-08 08:00:00.000,LHR30,40
2025-07-08 09:00:00.000,LHR30,25
2025-07-08 10:00:00.000,LHR30,51
2025-07-08 11:00:00.000,LHR30,49
2025-07-08 12:00:00.000,LHR30,43
2025-07-08 13:00:00.000,LHR30,80
2025-07-08 14:00:00.000,LHR30,72
2025-07-08 15:00:00.000,LHR30,45
2025-07-08 16:00:00.000,LHR30,38
2025-07-08 17:00:00.000,LHR30,39
2025-07-08 18:00:00.000,LHR30,34
2025-07-08 19:00:00.000,LHR30,23
2025-07-08 20:00:00.000,LHR30,7
2025-07-08 21:00:00.000,LHR30,4
2025-07-09 04:00:00.000,LHR30,5
2025-07-09 05:00:00.000,LHR30,23
2025-07-09 06:00:00.000,LHR30,32
2025-07-09 07:00:00.000,LHR30,27
2025-07-09 08:00:00.000,LHR30,79
2025-07-09 09:00:00.000,LHR30,47
2025-07-09 10:00:00.000,LHR30,49
2025-07-09 11:00:00.000,LHR30,63
2025-07-09 12:00:00.000,LHR30,60
2025-07-09 13:00:00.000,LHR30,80
2025-07-09 14:00:00.000,LHR30,74
2025-07-09 15:00:00.000,LHR30,55
2025-07-09 16:00:00.000,LHR30,29
2025-07-09 17:00:00.000,LHR30,26
2025-07-09 18:00:00.000,LHR30,29
2025-07-09 19:00:00.000,LHR30,29
2025-07-09 20:00:00.000,LHR30,8
2025-07-09 21:00:00.000,LHR30,1
2025-07-10 04:00:00.000,LHR30,3
2025-07-10 05:00:00.000,LHR30,25
2025-07-10 06:00:00.000,LHR30,20
2025-07-10 07:00:00.000,LHR30,50
2025-07-10 08:00:00.000,LHR30,27
2025-07-10 09:00:00.000,LHR30,50
2025-07-10 10:00:00.000,LHR30,57
2025-07-10 11:00:00.000,LHR30,54
2025-07-10 12:00:00.000,LHR30,89
2025-07-10 13:00:00.000,LHR30,43
2025-07-10 14:00:00.000,LHR30,76
2025-07-10 15:00:00.000,LHR30,41
2025-07-10 16:00:00.000,LHR30,28
2025-07-10 17:00:00.000,LHR30,31
2025-07-10 18:00:00.000,LHR30,33
2025-07-10 19:00:00.000,LHR30,19
2025-07-10 20:00:00.000,LHR30,13
2025-07-11 04:00:00.000,LHR30,1
2025-07-11 05:00:00.000,LHR30,23
2025-07-11 06:00:00.000,LHR30,49
2025-07-11 07:00:00.000,LHR30,41
2025-07-11 08:00:00.000,LHR30,47
2025-07-11 09:00:00.000,LHR30,65
2025-07-11 10:00:00.000,LHR30,66
2025-07-11 11:00:00.000,LHR30,42
2025-07-11 12:00:00.000,LHR30,65
2025-07-11 13:00:00.000,LHR30,54
2025-07-11 14:00:00.000,LHR30,55
2025-07-11 15:00:00.000,LHR30,45
2025-07-11 16:00:00.000,LHR30,31
2025-07-11 17:00:00.000,LHR30,44
2025-07-11 18:00:00.000,LHR30,41
2025-07-11 19:00:00.000,LHR30,22
2025-07-11 20:00:00.000,LHR30,19
2025-07-11 21:00:00.000,LHR30,2
2025-07-12 04:00:00.000,LHR30,8
2025-07-12 05:00:00.000,LHR30,28
2025-07-12 06:00:00.000,LHR30,50
2025-07-12 07:00:00.000,LHR30,37
2025-07-12 08:00:00.000,LHR30,45
2025-07-12 09:00:00.000,LHR30,73
2025-07-12 10:00:00.000,LHR30,68
2025-07-12 11:00:00.000,LHR30,49
2025-07-12 12:00:00.000,LHR30,49
2025-07-12 13:00:00.000,LHR30,66
2025-07-12 14:00:00.000,LHR30,60
2025-07-12 15:00:00.000,LHR30,43
2025-07-12 16:00:00.000,LHR30,56
2025-07-12 17:00:00.000,LHR30,58
2025-07-12 18:00:00.000,LHR30,41
2025-07-12 19:00:00.000,LHR30,25
2025-07-12 20:00:00.000,LHR30,3
2025-07-12 21:00:00.000,LHR30,1
2025-07-13 04:00:00.000,LHR30,2
2025-07-13 05:00:00.000,LHR30,25
2025-07-13 06:00:00.000,LHR30,23
2025-07-13 07:00:00.000,LHR30,30
2025-07-13 08:00:00.000,LHR30,37
2025-07-13 09:00:00.000,LHR30,44
2025-07-13 10:00:00.000,LHR30,67
2025-07-13 11:00:00.000,LHR30,77
2025-07-13 12:00:00.000,LHR30,70
2025-07-13 13:00:00.000,LHR30,99
2025-07-13 14:00:00.000,LHR30,60
2025-07-13 15:00:00.000,LHR30,42
2025-07-13 16:00:00.000,LHR30,52
2025-07-13 17:00:00.000,LHR30,45
2025-07-13 18:00:00.000,LHR30,41
2025-07-13 19:00:00.000,LHR30,25
2025-07-13 20:00:00.000,LHR30,14
2025-07-13 21:00:00.000,LHR30,4
2025-07-14 05:00:00.000,LHR30,23
2025-07-14 06:00:00.000,LHR30,50
2025-07-14 07:00:00.000,LHR30,58
2025-07-14 08:00:00.000,LHR30,42
2025-07-14 09:00:00.000,LHR30,75
2025-07-14 10:00:00.000,LHR30,40
2025-07-14 11:00:00.000,LHR30,66
2025-07-14 12:00:00.000,LHR30,47
2025-07-14 13:00:00.000,LHR30,67
2025-07-14 14:00:00.000,LHR30,79
2025-07-14 15:00:00.000,LHR30,88
2025-07-14 16:00:00.000,LHR30,48
2025-07-14 17:00:00.000,LHR30,36
2025-07-14 18:00:00.000,LHR30,38
2025-07-14 19:00:00.000,LHR30,26
2025-07-14 20:00:00.000,LHR30,15
2025-07-14 21:00:00.000,LHR30,1
2025-07-15 04:00:00.000,LHR30,7
2025-07-15 05:00:00.000,LHR30,29
2025-07-15 06:00:00.000,LHR30,32
2025-07-15 07:00:00.000,LHR30,44
2025-07-15 08:00:00.000,LHR30,29
2025-07-15 09:00:00.000,LHR30,45
2025-07-15 10:00:00.000,LHR30,28
2025-07-15 11:00:00.000,LHR30,44
2025-07-15 12:00:00.000,LHR30,65
2025-07-15 13:00:00.000,LHR30,35
2025-07-15 14:00:00.000,LHR30,64
2025-07-15 15:00:00.000,LHR30,39
2025-07-15 16:00:00.000,LHR30,35
2025-07-15 17:00:00.000,LHR30,19
2025-07-15 18:00:00.000,LHR30,24
2025-07-15 19:00:00.000,LHR30,15
2025-07-15 20:00:00.000,LHR30,9
2025-07-16 05:00:00.000,LHR30,21
2025-07-16 06:00:00.000,LHR30,33
2025-07-16 07:00:00.000,LHR30,51
2025-07-16 08:00:00.000,LHR30,51
2025-07-16 09:00:00.000,LHR30,29
2025-07-16 10:00:00.000,LHR30,40
2025-07-16 11:00:00.000,LHR30,48
2025-07-16 12:00:00.000,LHR30,38
2025-07-16 13:00:00.000,LHR30,52
2025-07-16 14:00:00.000,LHR30,71
2025-07-16 15:00:00.000,LHR30,61
2025-07-16 16:00:00.000,LHR30,23
2025-07-16 17:00:00.000,LHR30,34
2025-07-16 18:00:00.000,LHR30,29
2025-07-16 19:00:00.000,LHR30,35
2025-07-16 20:00:00.000,LHR30,9
2025-07-17 04:00:00.000,LHR30,2
2025-07-17 05:00:00.000,LHR30,29
2025-07-17 06:00:00.000,LHR30,38
2025-07-17 07:00:00.000,LHR30,40
2025-07-17 08:00:00.000,LHR30,44
2025-07-17 09:00:00.000,LHR30,68
2025-07-17 10:00:00.000,LHR30,47
2025-07-17 11:00:00.000,LHR30,68
2025-07-17 12:00:00.000,LHR30,51
2025-07-17 13:00:00.000,LHR30,90
2025-07-17 14:00:00.000,LHR30,86
2025-07-17 15:00:00.000,LHR30,60
2025-07-17 16:00:00.000,LHR30,26
2025-07-17 17:00:00.000,LHR30,43
2025-07-17 18:00:00.000,LHR30,29
2025-07-17 19:00:00.000,LHR30,42
2025-07-17 20:00:00.000,LHR30,14
2025-07-17 21:00:00.000,LHR30,1
2025-07-18 05:00:00.000,LHR30,46
2025-07-18 06:00:00.000,LHR30,47
2025-07-18 07:00:00.000,LHR30,44
2025-07-18 08:00:00.000,LHR30,44
2025-07-18 09:00:00.000,LHR30,50
2025-07-18 10:00:00.000,LHR30,27
2025-07-18 11:00:00.000,LHR30,54
2025-07-18 12:00:00.000,LHR30,63
2025-07-18 13:00:00.000,LHR30,86
2025-07-18 14:00:00.000,LHR30,82
2025-07-18 15:00:00.000,LHR30,61
2025-07-18 16:00:00.000,LHR30,26
2025-07-18 17:00:00.000,LHR30,28
2025-07-18 18:00:00.000,LHR30,46
2025-07-18 19:00:00.000,LHR30,22
2025-07-18 20:00:00.000,LHR30,12
2025-07-18 21:00:00.000,LHR30,1
2025-07-19 04:00:00.000,LHR30,6
2025-07-19 05:00:00.000,LHR30,22
2025-07-19 06:00:00.000,LHR30,28
2025-07-19 07:00:00.000,LHR30,50
2025-07-19 08:00:00.000,LHR30,31
2025-07-19 09:00:00.000,LHR30,39
2025-07-19 10:00:00.000,LHR30,47
2025-07-19 11:00:00.000,LHR30,67
2025-07-19 12:00:00.000,LHR30,75
2025-07-19 13:00:00.000,LHR30,46
2025-07-19 14:00:00.000,LHR30,51
2025-07-19 15:00:00.000,LHR30,43
2025-07-19 16:00:00.000,LHR30,37
2025-07-19 17:00:00.000,LHR30,42
2025-07-19 18:00:00.000,LHR30,29
2025-07-19 19:00:00.000,LHR30,18
2025-07-19 20:00:00.000,LHR30,15
2025-07-20 04:00:00.000,LHR30,7
2025-07-20 05:00:00.000,LHR30,34
2025-07-20 06:00:00.000,LHR30,30
2025-07-20 07:00:00.000,LHR30,42
2025-07-20 08:00:00.000,LHR30,41
2025-07-20 09:00:00.000,LHR30,33
2025-07-20 10:00:00.000,LHR30,38
2025-07-20 11:00:00.000,LHR30,57
2025-07-20 12:00:00.000,LHR30,34
2025-07-20 13:00:00.000,LHR30,59
2025-07-20 14:00:00.000,LHR30,67
2025-07-20 15:00:00.000,LHR30,47
2025-07-20 16:00:00.000,LHR30,36
2025-07-20 17:00:00.000,LHR30,49
2025-07-20 18:00:00.000,LHR30,45
2025-07-20 19:00:00.000,LHR30,21
2025-07-20 20:00:00.000,LHR30,5
2025-07-21 04:00:00.000,LHR30,5
2025-07-21 05:00:00.000,LHR30,45
2025-07-21 06:00:00.000,LHR30,46
2025-07-21 07:00:00.000,LHR30,36
2025-07-21 08:00:00.000,LHR30,49
2025-07-21 09:00:00.000,LHR30,47
2025-07-21 10:00:00.000,LHR30,39
2025-07-21 11:00:00.000,LHR30,49
2025-07-21 12:00:00.000,LHR30,60
2025-07-21 13:00:00.000,LHR30,58
2025-07-21 14:00:00.000,LHR30,72
2025-07-21 15:00:00.000,LHR30,44
2025-07-21 16:00:00.000,LHR30,28
2025-07-21 17:00:00.000,LHR30,55
2025-07-21 18:00:00.000,LHR30,50
2025-07-21 19:00:00.000,LHR30,13
2025-07-21 20:00:00.000,LHR30,8
2025-07-22 04:00:00.000,LHR30,3
2025-07-22 05:00:00.000,LHR30,28
2025-07-22 06:00:00.000,LHR30,31
2025-07-22 07:00:00.000,LHR30,32
2025-07-22 08:00:00.000,LHR30,38
2025-07-22 09:00:00.000,LHR30,65
2025-07-22 10:00:00.000,LHR30,34
2025-07-22 11:00:00.000,LHR30,52
2025-07-22 12:00:00.000,LHR30,37
2025-07-22 13:00:00.000,LHR30,71
2025-07-22 14:00:00.000,LHR30,55
2025-07-22 15:00:00.000,LHR30,50
2025-07-22 16:00:00.000,LHR30,33
2025-07-22 17:00:00.000,LHR30,51
2025-07-22 18:00:00.000,LHR30,27
2025-07-22 19:00:00.000,LHR30,18
2025-07-22 20:00:00.000,LHR30,6
2025-07-22 21:00:00.000,LHR30,2
2025-07-23 00:00:00.000,LHR30,2
2025-07-23 05:00:00.000,LHR30,43
2025-07-23 06:00:00.000,LHR30,19
2025-07-23 07:00:00.000,LHR30,59
2025-07-23 08:00:00.000,LHR30,35
2025-07-23 09:00:00.000,LHR30,45
2025-07-23 10:00:00.000,LHR30,44
2025-07-23 11:00:00.000,LHR30,55
2025-07-23 12:00:00.000,LHR30,36
2025-07-23 13:00:00.000,LHR30,89
2025-07-23 14:00:00.000,LHR30,74
2025-07-23 15:00:00.000,LHR30,60
2025-07-23 16:00:00.000,LHR30,37
2025-07-23 17:00:00.000,LHR30,42
2025-07-23 18:00:00.000,LHR30,38
2025-07-23 19:00:00.000,LHR30,29
2025-07-23 20:00:00.000,LHR30,3
2025-07-24 00:00:00.000,LHR30,3
2025-07-24 04:00:00.000,LHR30,5
2025-07-24 05:00:00.000,LHR30,36
2025-07-24 06:00:00.000,LHR30,26
2025-07-24 07:00:00.000,LHR30,35
2025-07-24 08:00:00.000,LHR30,41
2025-07-24 09:00:00.000,LHR30,49
2025-07-24 10:00:00.000,LHR30,66
2025-07-24 11:00:00.000,LHR30,47
2025-07-24 12:00:00.000,LHR30,59
2025-07-24 13:00:00.000,LHR30,66
2025-07-24 14:00:00.000,LHR30,63
2025-07-24 15:00:00.000,LHR30,45
2025-07-24 16:00:00.000,LHR30,38
2025-07-24 17:00:00.000,LHR30,65
2025-07-24 18:00:00.000,LHR30,38
2025-07-24 19:00:00.000,LHR30,26
2025-07-24 20:00:00.000,LHR30,11
2025-07-24 21:00:00.000,LHR30,1
2025-07-25 04:00:00.000,LHR30,3
2025-07-25 05:00:00.000,LHR30,40
2025-07-25 06:00:00.000,LHR30,38
2025-07-25 07:00:00.000,LHR30,43
2025-07-25 08:00:00.000,LHR30,36
2025-07-25 09:00:00.000,LHR30,40
2025-07-25 10:00:00.000,LHR30,38
2025-07-25 11:00:00.000,LHR30,99
2025-07-25 12:00:00.000,LHR30,48
2025-07-25 13:00:00.000,LHR30,57
2025-07-25 14:00:00.000,LHR30,62
2025-07-25 15:00:00.000,LHR30,52
2025-07-25 16:00:00.000,LHR30,31
2025-07-25 17:00:00.000,LHR30,45
2025-07-25 18:00:00.000,LHR30,39
2025-07-25 19:00:00.000,LHR30,30
2025-07-25 20:00:00.000,LHR30,13
2025-07-26 00:00:00.000,LHR30,1
2025-07-26 04:00:00.000,LHR30,5
2025-07-26 05:00:00.000,LHR30,14
2025-07-26 06:00:00.000,LHR30,49
2025-07-26 07:00:00.000,LHR30,30
2025-07-26 08:00:00.000,LHR30,52
2025-07-26 09:00:00.000,LHR30,27
2025-07-26 10:00:00.000,LHR30,39
2025-07-26 11:00:00.000,LHR30,60
2025-07-26 12:00:00.000,LHR30,35
2025-07-26 13:00:00.000,LHR30,50
2025-07-26 14:00:00.000,LHR30,58
2025-07-26 15:00:00.000,LHR30,38
2025-07-26 16:00:00.000,LHR30,34
2025-07-26 17:00:00.000,LHR30,39
2025-07-26 18:00:00.000,LHR30,23
2025-07-26 19:00:00.000,LHR30,14
2025-07-26 20:00:00.000,LHR30,11
2025-07-27 00:00:00.000,LHR30,1
2025-07-27 04:00:00.000,LHR30,2
2025-07-27 05:00:00.000,LHR30,22
2025-07-27 06:00:00.000,LHR30,37
2025-07-27 07:00:00.000,LHR30,54
2025-07-27 08:00:00.000,LHR30,42
2025-07-27 09:00:00.000,LHR30,56
2025-07-27 10:00:00.000,LHR30,45
2025-07-27 11:00:00.000,LHR30,62
2025-07-27 12:00:00.000,LHR30,59
2025-07-27 13:00:00.000,LHR30,66
2025-07-27 14:00:00.000,LHR30,61
2025-07-27 15:00:00.000,LHR30,38
2025-07-27 16:00:00.000,LHR30,31
2025-07-27 17:00:00.000,LHR30,43
2025-07-27 18:00:00.000,LHR30,49
2025-07-27 19:00:00.000,LHR30,15
2025-07-27 20:00:00.000,LHR30,9
2025-07-28 04:00:00.000,LHR30,5
2025-07-28 05:00:00.000,LHR30,29
2025-07-28 06:00:00.000,LHR30,37
2025-07-28 07:00:00.000,LHR30,53
2025-07-28 08:00:00.000,LHR30,39
2025-07-28 09:00:00.000,LHR30,38
2025-07-28 10:00:00.000,LHR30,57
2025-07-28 11:00:00.000,LHR30,68
2025-07-28 12:00:00.000,LHR30,26
2025-07-28 13:00:00.000,LHR30,65
2025-07-28 14:00:00.000,LHR30,33
2025-07-28 15:00:00.000,LHR30,89
2025-07-28 16:00:00.000,LHR30,55
2025-07-28 17:00:00.000,LHR30,31
2025-07-28 18:00:00.000,LHR30,34
2025-07-28 19:00:00.000,LHR30,25
2025-07-28 20:00:00.000,LHR30,14
2025-07-29 04:00:00.000,LHR30,15
2025-07-29 05:00:00.000,LHR30,19
2025-07-29 06:00:00.000,LHR30,26
2025-07-29 07:00:00.000,LHR30,40
2025-07-29 08:00:00.000,LHR30,32
2025-07-29 09:00:00.000,LHR30,43
2025-07-29 10:00:00.000,LHR30,34
2025-07-29 11:00:00.000,LHR30,31
2025-07-29 12:00:00.000,LHR30,37
2025-07-29 13:00:00.000,LHR30,55
2025-07-29 14:00:00.000,LHR30,37
2025-07-29 15:00:00.000,LHR30,44
2025-07-29 16:00:00.000,LHR30,37
2025-07-29 17:00:00.000,LHR30,26
2025-07-29 18:00:00.000,LHR30,34
2025-07-29 19:00:00.000,LHR30,27
2025-07-29 20:00:00.000,LHR30,13
2025-07-30 04:00:00.000,LHR30,2
2025-07-30 05:00:00.000,LHR30,23
2025-07-30 06:00:00.000,LHR30,38
2025-07-30 07:00:00.000,LHR30,27
2025-07-30 08:00:00.000,LHR30,21
2025-07-30 09:00:00.000,LHR30,41
2025-07-30 10:00:00.000,LHR30,45
2025-07-30 11:00:00.000,LHR30,64
2025-07-30 12:00:00.000,LHR30,46
2025-07-30 13:00:00.000,LHR30,28
2025-07-30 14:00:00.000,LHR30,44
2025-07-30 15:00:00.000,LHR30,33
2025-07-30 16:00:00.000,LHR30,45
2025-07-30 17:00:00.000,LHR30,37
2025-07-30 18:00:00.000,LHR30,52
2025-07-30 19:00:00.000,LHR30,29
2025-07-30 20:00:00.000,LHR30,17
2025-07-30 21:00:00.000,LHR30,3
2025-07-31 00:00:00.000,LHR30,2
2025-07-31 04:00:00.000,LHR30,4
2025-07-31 05:00:00.000,LHR30,37
2025-07-31 06:00:00.000,LHR30,16
2025-07-31 07:00:00.000,LHR30,33
2025-07-31 08:00:00.000,LHR30,47
2025-07-31 09:00:00.000,LHR30,67
2025-07-31 10:00:00.000,LHR30,51
2025-07-31 11:00:00.000,LHR30,63
2025-07-31 12:00:00.000,LHR30,64
2025-07-31 13:00:00.000,LHR30,74
2025-07-31 14:00:00.000,LHR30,59
2025-07-31 15:00:00.000,LHR30,51
2025-07-31 16:00:00.000,LHR30,33
2025-07-31 17:00:00.000,LHR30,39
2025-07-31 18:00:00.000,LHR30,40
2025-07-31 19:00:00.000,LHR30,39
2025-07-31 20:00:00.000,LHR30,16
2025-07-31 21:00:00.000,LHR30,1
2025-08-01 04:00:00.000,LHR30,4
2025-08-01 05:00:00.000,LHR30,36
2025-08-01 06:00:00.000,LHR30,33
2025-08-01 07:00:00.000,LHR30,39
2025-08-01 08:00:00.000,LHR30,47
2025-08-01 09:00:00.000,LHR30,50
2025-08-01 10:00:00.000,LHR30,52
2025-08-01 11:00:00.000,LHR30,65
2025-08-01 12:00:00.000,LHR30,73
2025-08-01 13:00:00.000,LHR30,72
2025-08-01 14:00:00.000,LHR30,59
2025-08-01 15:00:00.000,LHR30,33
2025-08-01 16:00:00.000,LHR30,30
2025-08-01 17:00:00.000,LHR30,52
2025-08-01 18:00:00.000,LHR30,36
2025-08-01 19:00:00.000,LHR30,19
2025-08-01 20:00:00.000,LHR30,19
2025-08-02 04:00:00.000,LHR30,4
2025-08-02 05:00:00.000,LHR30,23
2025-08-02 06:00:00.000,LHR30,43
2025-08-02 07:00:00.000,LHR30,41
2025-08-02 08:00:00.000,LHR30,44
2025-08-02 09:00:00.000,LHR30,63
2025-08-02 10:00:00.000,LHR30,46
2025-08-02 11:00:00.000,LHR30,38
2025-08-02 12:00:00.000,LHR30,64
2025-08-02 13:00:00.000,LHR30,80
2025-08-02 14:00:00.000,LHR30,46
2025-08-02 15:00:00.000,LHR30,39
2025-08-02 16:00:00.000,LHR30,34
2025-08-02 17:00:00.000,LHR30,44
2025-08-02 18:00:00.000,LHR30,18
2025-08-02 19:00:00.000,LHR30,28
2025-08-02 20:00:00.000,LHR30,13
2025-08-02 21:00:00.000,LHR30,2
2025-08-03 04:00:00.000,LHR30,1
2025-08-03 05:00:00.000,LHR30,33
2025-08-03 06:00:00.000,LHR30,35
2025-08-03 07:00:00.000,LHR30,52
2025-08-03 08:00:00.000,LHR30,60
2025-08-03 09:00:00.000,LHR30,47
2025-08-03 10:00:00.000,LHR30,47
2025-08-03 11:00:00.000,LHR30,56
2025-08-03 12:00:00.000,LHR30,73
2025-08-03 13:00:00.000,LHR30,76
2025-08-03 14:00:00.000,LHR30,73
2025-08-03 15:00:00.000,LHR30,51
2025-08-03 16:00:00.000,LHR30,49
2025-08-03 17:00:00.000,LHR30,44
2025-08-03 18:00:00.000,LHR30,43
2025-08-03 19:00:00.000,LHR30,16
2025-08-03 20:00:00.000,LHR30,17
2025-08-04 04:00:00.000,LHR30,5
2025-08-04 05:00:00.000,LHR30,38
2025-08-04 06:00:00.000,LHR30,44
2025-08-04 07:00:00.000,LHR30,46
2025-08-04 08:00:00.000,LHR30,51
2025-08-04 09:00:00.000,LHR30,30
2025-08-04 10:00:00.000,LHR30,30
2025-08-04 11:00:00.000,LHR30,61
2025-08-04 12:00:00.000,LHR30,30
2025-08-04 13:00:00.000,LHR30,60
2025-08-04 14:00:00.000,LHR30,60
2025-08-04 15:00:00.000,LHR30,42
2025-08-04 16:00:00.000,LHR30,51
2025-08-04 17:00:00.000,LHR30,36
2025-08-04 18:00:00.000,LHR30,42
2025-08-04 19:00:00.000,LHR30,14
2025-08-04 20:00:00.000,LHR30,13
2025-08-05 04:00:00.000,LHR30,6
2025-08-05 05:00:00.000,LHR30,30
2025-08-05 06:00:00.000,LHR30,38
2025-08-05 07:00:00.000,LHR30,45
2025-08-05 08:00:00.000,LHR30,32
2025-08-05 09:00:00.000,LHR30,22
2025-08-05 10:00:00.000,LHR30,39
2025-08-05 11:00:00.000,LHR30,48
2025-08-05 12:00:00.000,LHR30,49
2025-08-05 13:00:00.000,LHR30,42
2025-08-05 14:00:00.000,LHR30,57
2025-08-05 15:00:00.000,LHR30,35
2025-08-05 16:00:00.000,LHR30,40
2025-08-05 17:00:00.000,LHR30,42
2025-08-05 18:00:00.000,LHR30,49
2025-08-05 19:00:00.000,LHR30,30
2025-08-05 20:00:00.000,LHR30,9
2025-08-06 04:00:00.000,LHR30,3
2025-08-06 05:00:00.000,LHR30,28
2025-08-06 06:00:00.000,LHR30,41
2025-08-06 07:00:00.000,LHR30,38
2025-08-06 08:00:00.000,LHR30,68
2025-08-06 09:00:00.000,LHR30,30
2025-08-06 10:00:00.000,LHR30,33
2025-08-06 11:00:00.000,LHR30,40
2025-08-06 12:00:00.000,LHR30,68
2025-08-06 13:00:00.000,LHR30,58
2025-08-06 14:00:00.000,LHR30,60
2025-08-06 15:00:00.000,LHR30,45
2025-08-06 16:00:00.000,LHR30,32
2025-08-06 17:00:00.000,LHR30,58
2025-08-06 18:00:00.000,LHR30,35
2025-08-06 19:00:00.000,LHR30,26
2025-08-06 20:00:00.000,LHR30,11
2025-08-07 04:00:00.000,LHR30,2
2025-08-07 05:00:00.000,LHR30,27
2025-08-07 06:00:00.000,LHR30,21
2025-08-07 07:00:00.000,LHR30,29
2025-08-07 08:00:00.000,LHR30,35
2025-08-07 09:00:00.000,LHR30,39
2025-08-07 10:00:00.000,LHR30,64
2025-08-07 11:00:00.000,LHR30,50
2025-08-07 12:00:00.000,LHR30,67
2025-08-07 13:00:00.000,LHR30,54
2025-08-07 14:00:00.000,LHR30,85
2025-08-07 15:00:00.000,LHR30,54
2025-08-07 16:00:00.000,LHR30,27
2025-08-07 17:00:00.000,LHR30,24
2025-08-07 18:00:00.000,LHR30,26
2025-08-07 19:00:00.000,LHR30,35
2025-08-07 20:00:00.000,LHR30,13
2025-08-07 21:00:00.000,LHR30,2
2025-08-08 04:00:00.000,LHR30,2
2025-08-08 05:00:00.000,LHR30,32
2025-08-08 06:00:00.000,LHR30,48
2025-08-08 07:00:00.000,LHR30,47
2025-08-08 08:00:00.000,LHR30,33
2025-08-08 09:00:00.000,LHR30,68
2025-08-08 10:00:00.000,LHR30,66
2025-08-08 11:00:00.000,LHR30,52
2025-08-08 12:00:00.000,LHR30,61
2025-08-08 13:00:00.000,LHR30,58
2025-08-08 14:00:00.000,LHR30,64
2025-08-08 15:00:00.000,LHR30,41
2025-08-08 16:00:00.000,LHR30,39
2025-08-08 17:00:00.000,LHR30,46
2025-08-08 18:00:00.000,LHR30,44
2025-08-08 19:00:00.000,LHR30,34
2025-08-08 20:00:00.000,LHR30,5
2025-08-08 21:00:00.000,LHR30,1
2025-08-09 00:00:00.000,LHR30,4
2025-08-09 04:00:00.000,LHR30,6
2025-08-09 05:00:00.000,LHR30,30
2025-08-09 06:00:00.000,LHR30,35
2025-08-09 07:00:00.000,LHR30,61
2025-08-09 08:00:00.000,LHR30,51
2025-08-09 09:00:00.000,LHR30,54
2025-08-09 10:00:00.000,LHR30,47
2025-08-09 11:00:00.000,LHR30,55
2025-08-09 12:00:00.000,LHR30,70
2025-08-09 13:00:00.000,LHR30,79
2025-08-09 14:00:00.000,LHR30,58
2025-08-09 15:00:00.000,LHR30,50
2025-08-09 16:00:00.000,LHR30,36
2025-08-09 17:00:00.000,LHR30,29
2025-08-09 18:00:00.000,LHR30,46
2025-08-09 19:00:00.000,LHR30,37
2025-08-09 20:00:00.000,LHR30,22
2025-08-10 00:00:00.000,LHR30,4
2025-08-10 04:00:00.000,LHR30,2
2025-08-10 05:00:00.000,LHR30,23
2025-08-10 06:00:00.000,LHR30,36
2025-08-10 07:00:00.000,LHR30,51
2025-08-10 08:00:00.000,LHR30,62
2025-08-10 09:00:00.000,LHR30,62
2025-08-10 10:00:00.000,LHR30,57
2025-08-10 11:00:00.000,LHR30,72
2025-08-10 12:00:00.000,LHR30,57
2025-08-10 13:00:00.000,LHR30,68
2025-08-10 14:00:00.000,LHR30,59
2025-08-10 15:00:00.000,LHR30,27
2025-08-10 16:00:00.000,LHR30,42
2025-08-10 17:00:00.000,LHR30,35
2025-08-10 18:00:00.000,LHR30,28
2025-08-10 19:00:00.000,LHR30,17
2025-08-10 20:00:00.000,LHR30,5
2025-08-11 05:00:00.000,LHR30,30
2025-08-11 06:00:00.000,LHR30,37
2025-08-11 07:00:00.000,LHR30,40
2025-08-11 08:00:00.000,LHR30,44
2025-08-11 09:00:00.000,LHR30,61
2025-08-11 10:00:00.000,LHR30,37
2025-08-11 11:00:00.000,LHR30,80
2025-08-11 12:00:00.000,LHR30,48
2025-08-11 13:00:00.000,LHR30,65
2025-08-11 14:00:00.000,LHR30,68
2025-08-11 15:00:00.000,LHR30,30
2025-08-11 16:00:00.000,LHR30,21
2025-08-11 17:00:00.000,LHR30,27
2025-08-11 18:00:00.000,LHR30,27
2025-08-11 19:00:00.000,LHR30,23
2025-08-11 20:00:00.000,LHR30,15
2025-08-11 21:00:00.000,LHR30,1
2025-08-12 04:00:00.000,LHR30,1
2025-08-12 05:00:00.000,LHR30,26
2025-08-12 06:00:00.000,LHR30,46
2025-08-12 07:00:00.000,LHR30,39
2025-08-12 08:00:00.000,LHR30,59
2025-08-12 09:00:00.000,LHR30,45
2025-08-12 10:00:00.000,LHR30,58
2025-08-12 11:00:00.000,LHR30,33
2025-08-12 12:00:00.000,LHR30,44
2025-08-12 13:00:00.000,LHR30,56
2025-08-12 14:00:00.000,LHR30,49
2025-08-12 15:00:00.000,LHR30,43
2025-08-12 16:00:00.000,LHR30,41
2025-08-12 17:00:00.000,LHR30,49
2025-08-12 18:00:00.000,LHR30,45
2025-08-12 19:00:00.000,LHR30,19
2025-08-12 20:00:00.000,LHR30,13
2025-08-13 04:00:00.000,LHR30,5
2025-08-13 05:00:00.000,LHR30,25
2025-08-13 06:00:00.000,LHR30,33
2025-08-13 07:00:00.000,LHR30,26
2025-08-13 08:00:00.000,LHR30,44
2025-08-13 09:00:00.000,LHR30,64
2025-08-13 10:00:00.000,LHR30,22
2025-08-13 11:00:00.000,LHR30,38
2025-08-13 12:00:00.000,LHR30,52
2025-08-13 13:00:00.000,LHR30,44
2025-08-13 14:00:00.000,LHR30,75
2025-08-13 15:00:00.000,LHR30,48
2025-08-13 16:00:00.000,LHR30,33
2025-08-13 17:00:00.000,LHR30,21
2025-08-13 18:00:00.000,LHR30,50
2025-08-13 19:00:00.000,LHR30,40
2025-08-13 20:00:00.000,LHR30,1
2025-08-13 21:00:00.000,LHR30,2
2025-08-14 04:00:00.000,LHR30,3
2025-08-14 05:00:00.000,LHR30,21
2025-08-14 06:00:00.000,LHR30,33
2025-08-14 07:00:00.000,LHR30,58
2025-08-14 08:00:00.000,LHR30,44
2025-08-14 09:00:00.000,LHR30,36
2025-08-14 10:00:00.000,LHR30,45
2025-08-14 11:00:00.000,LHR30,60
2025-08-14 12:00:00.000,LHR30,28
2025-08-14 13:00:00.000,LHR30,51
2025-08-14 14:00:00.000,LHR30,70
2025-08-14 15:00:00.000,LHR30,49
2025-08-14 16:00:00.000,LHR30,46
2025-08-14 17:00:00.000,LHR30,37
2025-08-14 18:00:00.000,LHR30,30
2025-08-14 19:00:00.000,LHR30,23
2025-08-14 20:00:00.000,LHR30,13
2025-08-14 21:00:00.000,LHR30,4
2025-08-15 04:00:00.000,LHR30,3
2025-08-15 05:00:00.000,LHR30,28
2025-08-15 06:00:00.000,LHR30,38
2025-08-15 07:00:00.000,LHR30,43
2025-08-15 08:00:00.000,LHR30,59
2025-08-15 09:00:00.000,LHR30,59
2025-08-15 10:00:00.000,LHR30,37
2025-08-15 11:00:00.000,LHR30,74
2025-08-15 12:00:00.000,LHR30,72
2025-08-15 13:00:00.000,LHR30,67
2025-08-15 14:00:00.000,LHR30,44
2025-08-15 15:00:00.000,LHR30,43
2025-08-15 16:00:00.000,LHR30,58
2025-08-15 17:00:00.000,LHR30,26
2025-08-15 18:00:00.000,LHR30,47
2025-08-15 19:00:00.000,LHR30,23
2025-08-15 20:00:00.000,LHR30,4
2025-08-16 04:00:00.000,LHR30,2
2025-08-16 05:00:00.000,LHR30,28
2025-08-16 06:00:00.000,LHR30,23
2025-08-16 07:00:00.000,LHR30,52
2025-08-16 08:00:00.000,LHR30,45
2025-08-16 09:00:00.000,LHR30,52
2025-08-16 10:00:00.000,LHR30,36
2025-08-16 11:00:00.000,LHR30,57
2025-08-16 12:00:00.000,LHR30,55
2025-08-16 13:00:00.000,LHR30,56
2025-08-16 14:00:00.000,LHR30,85
2025-08-16 15:00:00.000,LHR30,26
2025-08-16 16:00:00.000,LHR30,37
2025-08-16 17:00:00.000,LHR30,38
2025-08-16 18:00:00.000,LHR30,36
2025-08-16 19:00:00.000,LHR30,25
2025-08-16 20:00:00.000,LHR30,5
2025-08-16 21:00:00.000,LHR30,3
2025-08-17 04:00:00.000,LHR30,1
2025-08-17 05:00:00.000,LHR30,12
2025-08-17 06:00:00.000,LHR30,31
2025-08-17 07:00:00.000,LHR30,35
2025-08-17 08:00:00.000,LHR30,44
2025-08-17 09:00:00.000,LHR30,59
2025-08-17 10:00:00.000,LHR30,68
2025-08-17 11:00:00.000,LHR30,42
2025-08-17 12:00:00.000,LHR30,56
2025-08-17 13:00:00.000,LHR30,78
2025-08-17 14:00:00.000,LHR30,58
2025-08-17 15:00:00.000,LHR30,58
2025-08-17 16:00:00.000,LHR30,57
2025-08-17 17:00:00.000,LHR30,40
2025-08-17 18:00:00.000,LHR30,42
2025-08-17 19:00:00.000,LHR30,24
2025-08-17 20:00:00.000,LHR30,1
2025-08-17 21:00:00.000,LHR30,1
2025-08-18 04:00:00.000,LHR30,8
2025-08-18 05:00:00.000,LHR30,24
2025-08-18 06:00:00.000,LHR30,43
2025-08-18 07:00:00.000,LHR30,41
2025-08-18 08:00:00.000,LHR30,30
2025-08-18 09:00:00.000,LHR30,24
2025-08-18 10:00:00.000,LHR30,50
2025-08-18 11:00:00.000,LHR30,58
2025-08-18 12:00:00.000,LHR30,44
2025-08-18 13:00:00.000,LHR30,58
2025-08-18 14:00:00.000,LHR30,55
2025-08-18 15:00:00.000,LHR30,48
2025-08-18 16:00:00.000,LHR30,48
2025-08-18 17:00:00.000,LHR30,49
2025-08-18 18:00:00.000,LHR30,34
2025-08-18 19:00:00.000,LHR30,15
2025-08-18 20:00:00.000,LHR30,2
2025-08-19 00:00:00.000,LHR30,2
2025-08-19 04:00:00.000,LHR30,4
2025-08-19 05:00:00.000,LHR30,36
2025-08-19 06:00:00.000,LHR30,25
2025-08-19 07:00:00.000,LHR30,38
2025-08-19 08:00:00.000,LHR30,50
2025-08-19 09:00:00.000,LHR30,52
2025-08-19 10:00:00.000,LHR30,41
2025-08-19 11:00:00.000,LHR30,54
2025-08-19 12:00:00.000,LHR30,49
2025-08-19 13:00:00.000,LHR30,95
2025-08-19 14:00:00.000,LHR30,70
2025-08-19 15:00:00.000,LHR30,57
2025-08-19 16:00:00.000,LHR30,56
2025-08-19 17:00:00.000,LHR30,45
2025-08-19 18:00:00.000,LHR30,27
2025-08-19 19:00:00.000,LHR30,14
2025-08-19 20:00:00.000,LHR30,8
2025-08-20 04:00:00.000,LHR30,6
2025-08-20 05:00:00.000,LHR30,33
2025-08-20 06:00:00.000,LHR30,61
2025-08-20 07:00:00.000,LHR30,41
2025-08-20 08:00:00.000,LHR30,52
2025-08-20 09:00:00.000,LHR30,44
2025-08-20 10:00:00.000,LHR30,60
2025-08-20 11:00:00.000,LHR30,66
2025-08-20 12:00:00.000,LHR30,47
2025-08-20 13:00:00.000,LHR30,66
2025-08-20 14:00:00.000,LHR30,58
2025-08-20 15:00:00.000,LHR30,47
2025-08-20 16:00:00.000,LHR30,39
2025-08-20 17:00:00.000,LHR30,36
2025-08-20 18:00:00.000,LHR30,21
2025-08-20 19:00:00.000,LHR30,22
2025-08-20 20:00:00.000,LHR30,14
2025-08-20 21:00:00.000,LHR30,1
2025-08-21 00:00:00.000,LHR30,2
2025-08-21 04:00:00.000,LHR30,2
2025-08-21 05:00:00.000,LHR30,25
2025-08-21 06:00:00.000,LHR30,55
2025-08-21 07:00:00.000,LHR30,52
2025-08-21 08:00:00.000,LHR30,49
2025-08-21 09:00:00.000,LHR30,58
2025-08-21 10:00:00.000,LHR30,72
2025-08-21 11:00:00.000,LHR30,75
2025-08-21 12:00:00.000,LHR30,47
2025-08-21 13:00:00.000,LHR30,50
2025-08-21 14:00:00.000,LHR30,55
2025-08-21 15:00:00.000,LHR30,49
2025-08-21 16:00:00.000,LHR30,37
2025-08-21 17:00:00.000,LHR30,52
2025-08-21 18:00:00.000,LHR30,28
2025-08-21 19:00:00.000,LHR30,24
2025-08-21 20:00:00.000,LHR30,16
2025-08-21 21:00:00.000,LHR30,3
2025-08-22 04:00:00.000,LHR30,8
2025-08-22 05:00:00.000,LHR30,44
2025-08-22 06:00:00.000,LHR30,43
2025-08-22 07:00:00.000,LHR30,45
2025-08-22 08:00:00.000,LHR30,55
2025-08-22 09:00:00.000,LHR30,51
2025-08-22 10:00:00.000,LHR30,48
2025-08-22 11:00:00.000,LHR30,58
2025-08-22 12:00:00.000,LHR30,76
2025-08-22 13:00:00.000,LHR30,72
2025-08-22 14:00:00.000,LHR30,63
2025-08-22 15:00:00.000,LHR30,63
2025-08-22 16:00:00.000,LHR30,44
2025-08-22 17:00:00.000,LHR30,59
2025-08-22 18:00:00.000,LHR30,43
2025-08-22 19:00:00.000,LHR30,48
2025-08-22 20:00:00.000,LHR30,23
2025-08-23 04:00:00.000,LHR30,3
2025-08-23 05:00:00.000,LHR30,39
2025-08-23 06:00:00.000,LHR30,39
2025-08-23 07:00:00.000,LHR30,40
2025-08-23 08:00:00.000,LHR30,51
2025-08-23 09:00:00.000,LHR30,52
2025-08-23 10:00:00.000,LHR30,47
2025-08-23 11:00:00.000,LHR30,74
2025-08-23 12:00:00.000,LHR30,76
2025-08-23 13:00:00.000,LHR30,70
2025-08-23 14:00:00.000,LHR30,71
2025-08-23 15:00:00.000,LHR30,63
2025-08-23 16:00:00.000,LHR30,78
2025-08-23 17:00:00.000,LHR30,56
2025-08-23 18:00:00.000,LHR30,31
2025-08-23 19:00:00.000,LHR30,14
2025-08-23 20:00:00.000,LHR30,11
2025-08-23 21:00:00.000,LHR30,5
2025-08-24 04:00:00.000,LHR30,7
2025-08-24 05:00:00.000,LHR30,31
2025-08-24 06:00:00.000,LHR30,39
2025-08-24 07:00:00.000,LHR30,52
2025-08-24 08:00:00.000,LHR30,47
2025-08-24 09:00:00.000,LHR30,56
2025-08-24 10:00:00.000,LHR30,64
2025-08-24 11:00:00.000,LHR30,50
2025-08-24 12:00:00.000,LHR30,53
2025-08-24 13:00:00.000,LHR30,59
2025-08-24 14:00:00.000,LHR30,59
2025-08-24 15:00:00.000,LHR30,57
2025-08-24 16:00:00.000,LHR30,30
2025-08-24 17:00:00.000,LHR30,46
2025-08-24 18:00:00.000,LHR30,44
2025-08-24 19:00:00.000,LHR30,18
2025-08-24 20:00:00.000,LHR30,9
2025-08-25 05:00:00.000,LHR30,43
2025-08-25 06:00:00.000,LHR30,19
2025-08-25 07:00:00.000,LHR30,44
2025-08-25 08:00:00.000,LHR30,38
2025-08-25 09:00:00.000,LHR30,37
2025-08-25 10:00:00.000,LHR30,40
2025-08-25 11:00:00.000,LHR30,58
2025-08-25 12:00:00.000,LHR30,41
2025-08-25 13:00:00.000,LHR30,56
2025-08-25 14:00:00.000,LHR30,61
2025-08-25 15:00:00.000,LHR30,54
2025-08-25 16:00:00.000,LHR30,17
2025-08-25 17:00:00.000,LHR30,34
2025-08-25 18:00:00.000,LHR30,36
2025-08-25 19:00:00.000,LHR30,12
2025-08-25 20:00:00.000,LHR30,3
2025-08-26 04:00:00.000,LHR30,4
2025-08-26 05:00:00.000,LHR30,27
2025-08-26 06:00:00.000,LHR30,29
2025-08-26 07:00:00.000,LHR30,41
2025-08-26 08:00:00.000,LHR30,47
2025-08-26 09:00:00.000,LHR30,52
2025-08-26 10:00:00.000,LHR30,38
2025-08-26 11:00:00.000,LHR30,39
2025-08-26 12:00:00.000,LHR30,44
2025-08-26 13:00:00.000,LHR30,53
2025-08-26 14:00:00.000,LHR30,78
2025-08-26 15:00:00.000,LHR30,38
2025-08-26 16:00:00.000,LHR30,28
2025-08-26 17:00:00.000,LHR30,34
2025-08-26 18:00:00.000,LHR30,11
2025-08-26 19:00:00.000,LHR30,16
2025-08-26 20:00:00.000,LHR30,7
2025-08-27 00:00:00.000,LHR30,2
2025-08-27 04:00:00.000,LHR30,6
2025-08-27 05:00:00.000,LHR30,26
2025-08-27 06:00:00.000,LHR30,32
2025-08-27 07:00:00.000,LHR30,51
2025-08-27 08:00:00.000,LHR30,59
2025-08-27 09:00:00.000,LHR30,55
2025-08-27 10:00:00.000,LHR30,53
2025-08-27 11:00:00.000,LHR30,36
2025-08-27 12:00:00.000,LHR30,59
2025-08-27 13:00:00.000,LHR30,45
2025-08-27 14:00:00.000,LHR30,53
2025-08-27 15:00:00.000,LHR30,40
2025-08-27 16:00:00.000,LHR30,30
2025-08-27 17:00:00.000,LHR30,49
2025-08-27 18:00:00.000,LHR30,15
2025-08-27 19:00:00.000,LHR30,31
2025-08-27 20:00:00.000,LHR30,3
2025-08-28 04:00:00.000,LHR30,7
2025-08-28 05:00:00.000,LHR30,34
2025-08-28 06:00:00.000,LHR30,48
2025-08-28 07:00:00.000,LHR30,36
2025-08-28 08:00:00.000,LHR30,58
2025-08-28 09:00:00.000,LHR30,37
2025-08-28 10:00:00.000,LHR30,32
2025-08-28 11:00:00.000,LHR30,59
2025-08-28 12:00:00.000,LHR30,44
2025-08-28 13:00:00.000,LHR30,55
2025-08-28 14:00:00.000,LHR30,48
2025-08-28 15:00:00.000,LHR30,66
2025-08-28 16:00:00.000,LHR30,51
2025-08-28 17:00:00.000,LHR30,57
2025-08-28 18:00:00.000,LHR30,56
2025-08-28 19:00:00.000,LHR30,26
2025-08-28 20:00:00.000,LHR30,11
2025-08-28 21:00:00.000,LHR30,1
2025-08-29 04:00:00.000,LHR30,7
2025-08-29 05:00:00.000,LHR30,38
2025-08-29 06:00:00.000,LHR30,60
2025-08-29 07:00:00.000,LHR30,41
2025-08-29 08:00:00.000,LHR30,69
2025-08-29 09:00:00.000,LHR30,53
2025-08-29 10:00:00.000,LHR30,68
2025-08-29 11:00:00.000,LHR30,51
2025-08-29 12:00:00.000,LHR30,64
2025-08-29 13:00:00.000,LHR30,67
2025-08-29 14:00:00.000,LHR30,39
2025-08-29 15:00:00.000,LHR30,49
2025-08-29 16:00:00.000,LHR30,48
2025-08-29 17:00:00.000,LHR30,43
2025-08-29 18:00:00.000,LHR30,47
2025-08-29 19:00:00.000,LHR30,32
2025-08-29 20:00:00.000,LHR30,8
2025-08-29 21:00:00.000,LHR30,1
2025-08-30 00:00:00.000,LHR30,4
2025-08-30 04:00:00.000,LHR30,9
2025-08-30 05:00:00.000,LHR30,29
2025-08-30 06:00:00.000,LHR30,31
2025-08-30 07:00:00.000,LHR30,48
2025-08-30 08:00:00.000,LHR30,58
2025-08-30 09:00:00.000,LHR30,57
2025-08-30 10:00:00.000,LHR30,51
2025-08-30 11:00:00.000,LHR30,64
2025-08-30 12:00:00.000,LHR30,70
2025-08-30 13:00:00.000,LHR30,61
2025-08-30 14:00:00.000,LHR30,53
2025-08-30 15:00:00.000,LHR30,55
2025-08-30 16:00:00.000,LHR30,49
2025-08-30 17:00:00.000,LHR30,53
2025-08-30 18:00:00.000,LHR30,22
2025-08-30 19:00:00.000,LHR30,26
2025-08-30 20:00:00.000,LHR30,18
2025-08-30 21:00:00.000,LHR30,1
2025-08-31 04:00:00.000,LHR30,4
2025-08-31 05:00:00.000,LHR30,23
2025-08-31 06:00:00.000,LHR30,38
2025-08-31 07:00:00.000,LHR30,36
2025-08-31 08:00:00.000,LHR30,50
2025-08-31 09:00:00.000,LHR30,54
2025-08-31 10:00:00.000,LHR30,35
2025-08-31 11:00:00.000,LHR30,50
2025-08-31 12:00:00.000,LHR30,48
2025-08-31 13:00:00.000,LHR30,79
2025-08-31 14:00:00.000,LHR30,84
2025-08-31 15:00:00.000,LHR30,69
2025-08-31 16:00:00.000,LHR30,50
2025-08-31 17:00:00.000,LHR30,45
2025-08-31 18:00:00.000,LHR30,43
2025-08-31 19:00:00.000,LHR30,28
2025-08-31 20:00:00.000,LHR30,6
2025-09-01 04:00:00.000,LHR30,1
2025-09-01 05:00:00.000,LHR30,29
2025-09-01 06:00:00.000,LHR30,41
2025-09-01 07:00:00.000,LHR30,44
2025-09-01 08:00:00.000,LHR30,55
2025-09-01 09:00:00.000,LHR30,65
2025-09-01 10:00:00.000,LHR30,40
2025-09-01 11:00:00.000,LHR30,76
2025-09-01 12:00:00.000,LHR30,57
2025-09-01 13:00:00.000,LHR30,80
2025-09-01 14:00:00.000,LHR30,71
2025-09-01 15:00:00.000,LHR30,79
2025-09-01 16:00:00.000,LHR30,53
2025-09-01 17:00:00.000,LHR30,44
2025-09-01 18:00:00.000,LHR30,26
2025-09-01 19:00:00.000,LHR30,25
2025-09-01 20:00:00.000,LHR30,5
2025-09-02 00:00:00.000,LHR30,4
2025-09-02 04:00:00.000,LHR30,6
2025-09-02 05:00:00.000,LHR30,18
2025-09-02 06:00:00.000,LHR30,20
2025-09-02 07:00:00.000,LHR30,65
2025-09-02 08:00:00.000,LHR30,41
2025-09-02 09:00:00.000,LHR30,53
2025-09-02 10:00:00.000,LHR30,49
2025-09-02 11:00:00.000,LHR30,46
2025-09-02 12:00:00.000,LHR30,36
2025-09-02 13:00:00.000,LHR30,45
2025-09-02 14:00:00.000,LHR30,58
2025-09-02 15:00:00.000,LHR30,26
2025-09-02 16:00:00.000,LHR30,35
2025-09-02 17:00:00.000,LHR30,26
2025-09-02 18:00:00.000,LHR30,31
2025-09-02 19:00:00.000,LHR30,22
2025-09-02 20:00:00.000,LHR30,13
2025-09-02 21:00:00.000,LHR30,2
2025-09-03 05:00:00.000,LHR30,24
2025-09-03 06:00:00.000,LHR30,34
2025-09-03 07:00:00.000,LHR30,43
2025-09-03 08:00:00.000,LHR30,33
2025-09-03 09:00:00.000,LHR30,42
2025-09-03 10:00:00.000,LHR30,54
2025-09-03 11:00:00.000,LHR30,38
2025-09-03 12:00:00.000,LHR30,65
2025-09-03 13:00:00.000,LHR30,66
2025-09-03 14:00:00.000,LHR30,68
2025-09-03 15:00:00.000,LHR30,57
2025-09-03 16:00:00.000,LHR30,54
2025-09-03 17:00:00.000,LHR30,42
2025-09-03 18:00:00.000,LHR30,33
2025-09-03 19:00:00.000,LHR30,21
2025-09-03 20:00:00.000,LHR30,16
2025-09-04 04:00:00.000,LHR30,6
2025-09-04 05:00:00.000,LHR30,27
2025-09-04 06:00:00.000,LHR30,33
2025-09-04 07:00:00.000,LHR30,39
2025-09-04 08:00:00.000,LHR30,56
2025-09-04 09:00:00.000,LHR30,38
2025-09-04 10:00:00.000,LHR30,43
2025-09-04 11:00:00.000,LHR30,57
2025-09-04 12:00:00.000,LHR30,49
2025-09-04 13:00:00.000,LHR30,69
2025-09-04 14:00:00.000,LHR30,42
2025-09-04 15:00:00.000,LHR30,44
2025-09-04 16:00:00.000,LHR30,70
2025-09-04 17:00:00.000,LHR30,78
2025-09-04 18:00:00.000,LHR30,51
2025-09-04 19:00:00.000,LHR30,45
2025-09-04 20:00:00.000,LHR30,13
2025-09-04 21:00:00.000,LHR30,1
2025-09-05 04:00:00.000,LHR30,2
2025-09-05 05:00:00.000,LHR30,20
2025-09-05 06:00:00.000,LHR30,41
2025-09-05 07:00:00.000,LHR30,42
2025-09-05 08:00:00.000,LHR30,64
2025-09-05 09:00:00.000,LHR30,65
2025-09-05 10:00:00.000,LHR30,37
2025-09-05 11:00:00.000,LHR30,51
2025-09-05 12:00:00.000,LHR30,54
2025-09-05 13:00:00.000,LHR30,53
2025-09-05 14:00:00.000,LHR30,57
2025-09-05 15:00:00.000,LHR30,64
2025-09-05 16:00:00.000,LHR30,57
2025-09-05 17:00:00.000,LHR30,50
2025-09-05 18:00:00.000,LHR30,53
2025-09-05 19:00:00.000,LHR30,38
2025-09-05 20:00:00.000,LHR30,7
2025-09-05 21:00:00.000,LHR30,2
2025-09-06 04:00:00.000,LHR30,6
2025-09-06 05:00:00.000,LHR30,31
2025-09-06 06:00:00.000,LHR30,32
2025-09-06 07:00:00.000,LHR30,41
2025-09-06 08:00:00.000,LHR30,40
2025-09-06 09:00:00.000,LHR30,44
2025-09-06 10:00:00.000,LHR30,59
2025-09-06 11:00:00.000,LHR30,39
2025-09-06 12:00:00.000,LHR30,45
2025-09-06 13:00:00.000,LHR30,69
2025-09-06 14:00:00.000,LHR30,61
2025-09-06 15:00:00.000,LHR30,53
2025-09-06 16:00:00.000,LHR30,43
2025-09-06 17:00:00.000,LHR30,63
2025-09-06 18:00:00.000,LHR30,48
2025-09-06 19:00:00.000,LHR30,20
2025-09-06 20:00:00.000,LHR30,10
2025-09-07 04:00:00.000,LHR30,3
2025-09-07 05:00:00.000,LHR30,23
2025-09-07 06:00:00.000,LHR30,33
2025-09-07 07:00:00.000,LHR30,43
2025-09-07 08:00:00.000,LHR30,44
2025-09-07 09:00:00.000,LHR30,59
2025-09-07 10:00:00.000,LHR30,56
2025-09-07 11:00:00.000,LHR30,46
2025-09-07 12:00:00.000,LHR30,56
2025-09-07 13:00:00.000,LHR30,56
2025-09-07 14:00:00.000,LHR30,88
2025-09-07 15:00:00.000,LHR30,60
2025-09-07 16:00:00.000,LHR30,58
2025-09-07 17:00:00.000,LHR30,39
2025-09-07 18:00:00.000,LHR30,47
2025-09-07 19:00:00.000,LHR30,13
2025-09-07 20:00:00.000,LHR30,6
2025-09-07 21:00:00.000,LHR30,1
2025-09-08 04:00:00.000,LHR30,2
2025-09-08 05:00:00.000,LHR30,29
2025-09-08 06:00:00.000,LHR30,29
2025-09-08 07:00:00.000,LHR30,26
2025-09-08 08:00:00.000,LHR30,31
2025-09-08 09:00:00.000,LHR30,27
2025-09-08 10:00:00.000,LHR30,44
2025-09-08 11:00:00.000,LHR30,44
2025-09-08 12:00:00.000,LHR30,64
2025-09-08 13:00:00.000,LHR30,68
2025-09-08 14:00:00.000,LHR30,71
2025-09-08 15:00:00.000,LHR30,51
2025-09-08 16:00:00.000,LHR30,45
2025-09-08 17:00:00.000,LHR30,50
2025-09-08 18:00:00.000,LHR30,26
2025-09-08 19:00:00.000,LHR30,19
2025-09-08 20:00:00.000,LHR30,11
2025-09-09 04:00:00.000,LHR30,3
2025-09-09 05:00:00.000,LHR30,32
2025-09-09 06:00:00.000,LHR30,35
2025-09-09 07:00:00.000,LHR30,41
2025-09-09 08:00:00.000,LHR30,44
2025-09-09 09:00:00.000,LHR30,42
2025-09-09 10:00:00.000,LHR30,54
2025-09-09 11:00:00.000,LHR30,49
2025-09-09 12:00:00.000,LHR30,49
2025-09-09 13:00:00.000,LHR30,58
2025-09-09 14:00:00.000,LHR30,48
2025-09-09 15:00:00.000,LHR30,50
2025-09-09 16:00:00.000,LHR30,29
2025-09-09 17:00:00.000,LHR30,34
2025-09-09 18:00:00.000,LHR30,23
2025-09-09 19:00:00.000,LHR30,28
2025-09-09 20:00:00.000,LHR30,7
2025-09-10 00:00:00.000,LHR30,2
2025-09-10 04:00:00.000,LHR30,7
2025-09-10 05:00:00.000,LHR30,23
2025-09-10 06:00:00.000,LHR30,20
2025-09-10 07:00:00.000,LHR30,36
2025-09-10 08:00:00.000,LHR30,59
2025-09-10 09:00:00.000,LHR30,55
2025-09-10 10:00:00.000,LHR30,43
2025-09-10 11:00:00.000,LHR30,46
2025-09-10 12:00:00.000,LHR30,74
2025-09-10 13:00:00.000,LHR30,52
2025-09-10 14:00:00.000,LHR30,42
2025-09-10 15:00:00.000,LHR30,55
2025-09-10 16:00:00.000,LHR30,57
2025-09-10 17:00:00.000,LHR30,37
2025-09-10 18:00:00.000,LHR30,37
2025-09-10 19:00:00.000,LHR30,32
2025-09-10 20:00:00.000,LHR30,8
2025-09-11 04:00:00.000,LHR30,1
2025-09-11 05:00:00.000,LHR30,20
2025-09-11 06:00:00.000,LHR30,28
2025-09-11 07:00:00.000,LHR30,40
2025-09-11 08:00:00.000,LHR30,43
2025-09-11 09:00:00.000,LHR30,73
2025-09-11 10:00:00.000,LHR30,49
2025-09-11 11:00:00.000,LHR30,44
2025-09-11 12:00:00.000,LHR30,66
2025-09-11 13:00:00.000,LHR30,62
2025-09-11 14:00:00.000,LHR30,72
2025-09-11 15:00:00.000,LHR30,32
2025-09-11 16:00:00.000,LHR30,54
2025-09-11 17:00:00.000,LHR30,71
2025-09-11 18:00:00.000,LHR30,48
2025-09-11 19:00:00.000,LHR30,32
2025-09-11 20:00:00.000,LHR30,8
2025-09-11 21:00:00.000,LHR30,2
2025-09-12 00:00:00.000,LHR30,2
2025-09-12 04:00:00.000,LHR30,1
2025-09-12 05:00:00.000,LHR30,32
2025-09-12 06:00:00.000,LHR30,43
2025-09-12 07:00:00.000,LHR30,42
2025-09-12 08:00:00.000,LHR30,48
2025-09-12 09:00:00.000,LHR30,84
2025-09-12 10:00:00.000,LHR30,62
2025-09-12 11:00:00.000,LHR30,63
2025-09-12 12:00:00.000,LHR30,55
2025-09-12 13:00:00.000,LHR30,70
2025-09-12 14:00:00.000,LHR30,53
2025-09-12 15:00:00.000,LHR30,53
2025-09-12 16:00:00.000,LHR30,44
2025-09-12 17:00:00.000,LHR30,53
2025-09-12 18:00:00.000,LHR30,41
2025-09-12 19:00:00.000,LHR30,44
2025-09-12 20:00:00.000,LHR30,16
2025-09-12 21:00:00.000,LHR30,2
2025-09-13 00:00:00.000,LHR30,5
2025-09-13 04:00:00.000,LHR30,6
2025-09-13 05:00:00.000,LHR30,37
2025-09-13 06:00:00.000,LHR30,28
2025-09-13 07:00:00.000,LHR30,57
2025-09-13 08:00:00.000,LHR30,59
2025-09-13 09:00:00.000,LHR30,70
2025-09-13 10:00:00.000,LHR30,41
2025-09-13 11:00:00.000,LHR30,53
2025-09-13 12:00:00.000,LHR30,51
2025-09-13 13:00:00.000,LHR30,67
2025-09-13 14:00:00.000,LHR30,52
2025-09-13 15:00:00.000,LHR30,32
2025-09-13 16:00:00.000,LHR30,50
2025-09-13 17:00:00.000,LHR30,41
2025-09-13 18:00:00.000,LHR30,32
2025-09-13 19:00:00.000,LHR30,27
2025-09-13 20:00:00.000,LHR30,18
2025-09-13 21:00:00.000,LHR30,2
2025-09-14 00:00:00.000,LHR30,1
2025-09-14 04:00:00.000,LHR30,6
2025-09-14 05:00:00.000,LHR30,23
2025-09-14 06:00:00.000,LHR30,49
2025-09-14 07:00:00.000,LHR30,53
2025-09-14 08:00:00.000,LHR30,44
2025-09-14 09:00:00.000,LHR30,36
2025-09-14 10:00:00.000,LHR30,38
2025-09-14 11:00:00.000,LHR30,74
2025-09-14 12:00:00.000,LHR30,43
2025-09-14 13:00:00.000,LHR30,58
2025-09-14 14:00:00.000,LHR30,73
2025-09-14 15:00:00.000,LHR30,54
2025-09-14 16:00:00.000,LHR30,32
2025-09-14 17:00:00.000,LHR30,50
2025-09-14 18:00:00.000,LHR30,38
2025-09-14 19:00:00.000,LHR30,24
2025-09-14 20:00:00.000,LHR30,11
2025-09-15 04:00:00.000,LHR30,2
2025-09-15 05:00:00.000,LHR30,17
2025-09-15 06:00:00.000,LHR30,38
2025-09-15 07:00:00.000,LHR30,37
2025-09-15 08:00:00.000,LHR30,46
2025-09-15 09:00:00.000,LHR30,42
2025-09-15 10:00:00.000,LHR30,46
2025-09-15 11:00:00.000,LHR30,52
2025-09-15 12:00:00.000,LHR30,60
2025-09-15 13:00:00.000,LHR30,51
2025-09-15 14:00:00.000,LHR30,57
2025-09-15 15:00:00.000,LHR30,31
2025-09-15 16:00:00.000,LHR30,28
2025-09-15 17:00:00.000,LHR30,37
2025-09-15 18:00:00.000,LHR30,29
2025-09-15 19:00:00.000,LHR30,23
2025-09-15 20:00:00.000,LHR30,8
2025-09-15 21:00:00.000,LHR30,1
2025-09-16 04:00:00.000,LHR30,3
2025-09-16 05:00:00.000,LHR30,18
2025-09-16 06:00:00.000,LHR30,33
2025-09-16 07:00:00.000,LHR30,43
2025-09-16 08:00:00.000,LHR30,59
2025-09-16 09:00:00.000,LHR30,38
2025-09-16 10:00:00.000,LHR30,35
2025-09-16 11:00:00.000,LHR30,56
2025-09-16 12:00:00.000,LHR30,52
2025-09-16 13:00:00.000,LHR30,49
2025-09-16 14:00:00.000,LHR30,43
2025-09-16 15:00:00.000,LHR30,30
2025-09-16 16:00:00.000,LHR30,40
2025-09-16 17:00:00.000,LHR30,36
2025-09-16 18:00:00.000,LHR30,32
2025-09-16 19:00:00.000,LHR30,24
2025-09-16 20:00:00.000,LHR30,10
2025-09-16 21:00:00.000,LHR30,1
2025-09-17 04:00:00.000,LHR30,6
2025-09-17 05:00:00.000,LHR30,22
2025-09-17 06:00:00.000,LHR30,38
2025-09-17 07:00:00.000,LHR30,34
2025-09-17 08:00:00.000,LHR30,47
2025-09-17 09:00:00.000,LHR30,56
2025-09-17 10:00:00.000,LHR30,42
2025-09-17 11:00:00.000,LHR30,47
2025-09-17 12:00:00.000,LHR30,50
2025-09-17 13:00:00.000,LHR30,63
2025-09-17 14:00:00.000,LHR30,58
2025-09-17 15:00:00.000,LHR30,44
2025-09-17 16:00:00.000,LHR30,32
2025-09-17 17:00:00.000,LHR30,20
2025-09-17 18:00:00.000,LHR30,24
2025-09-17 19:00:00.000,LHR30,16
2025-09-17 20:00:00.000,LHR30,4
2025-09-17 21:00:00.000,LHR30,1
2025-09-18 04:00:00.000,LHR30,6
2025-09-18 05:00:00.000,LHR30,28
2025-09-18 06:00:00.000,LHR30,47
2025-09-18 07:00:00.000,LHR30,48
2025-09-18 08:00:00.000,LHR30,64
2025-09-18 09:00:00.000,LHR30,61
2025-09-18 10:00:00.000,LHR30,61
2025-09-18 11:00:00.000,LHR30,50
2025-09-18 12:00:00.000,LHR30,54
2025-09-18 13:00:00.000,LHR30,54
2025-09-18 14:00:00.000,LHR30,54
2025-09-18 15:00:00.000,LHR30,74
2025-09-18 16:00:00.000,LHR30,54
2025-09-18 17:00:00.000,LHR30,37
2025-09-18 18:00:00.000,LHR30,45
2025-09-18 19:00:00.000,LHR30,23
2025-09-18 20:00:00.000,LHR30,16
2025-09-18 21:00:00.000,LHR30,1
2025-09-19 04:00:00.000,LHR30,7
2025-09-19 05:00:00.000,LHR30,39
2025-09-19 06:00:00.000,LHR30,36
2025-09-19 07:00:00.000,LHR30,46
2025-09-19 08:00:00.000,LHR30,48
2025-09-19 09:00:00.000,LHR30,53
2025-09-19 10:00:00.000,LHR30,66
2025-09-19 11:00:00.000,LHR30,54
2025-09-19 12:00:00.000,LHR30,54
2025-09-19 13:00:00.000,LHR30,82
2025-09-19 14:00:00.000,LHR30,63
2025-09-19 15:00:00.000,LHR30,71
2025-09-19 16:00:00.000,LHR30,47
2025-09-19 17:00:00.000,LHR30,61
2025-09-19 18:00:00.000,LHR30,67
2025-09-19 19:00:00.000,LHR30,31
2025-09-19 20:00:00.000,LHR30,10
2025-09-19 21:00:00.000,LHR30,1
2025-09-20 04:00:00.000,LHR30,10
2025-09-20 05:00:00.000,LHR30,30
2025-09-20 06:00:00.000,LHR30,54
2025-09-20 07:00:00.000,LHR30,55
2025-09-20 08:00:00.000,LHR30,71
2025-09-20 09:00:00.000,LHR30,64
2025-09-20 10:00:00.000,LHR30,63
2025-09-20 11:00:00.000,LHR30,67
2025-09-20 12:00:00.000,LHR30,62
2025-09-20 13:00:00.000,LHR30,63
2025-09-20 14:00:00.000,LHR30,40
2025-09-20 15:00:00.000,LHR30,43
2025-09-20 16:00:00.000,LHR30,48
2025-09-20 17:00:00.000,LHR30,68
2025-09-20 18:00:00.000,LHR30,33
2025-09-20 19:00:00.000,LHR30,23
2025-09-20 20:00:00.000,LHR30,12
2025-09-21 00:00:00.000,LHR30,1
2025-09-21 04:00:00.000,LHR30,6
2025-09-21 05:00:00.000,LHR30,27
2025-09-21 06:00:00.000,LHR30,46
2025-09-21 07:00:00.000,LHR30,66
2025-09-21 08:00:00.000,LHR30,75
2025-09-21 09:00:00.000,LHR30,66
2025-09-21 10:00:00.000,LHR30,66
2025-09-21 11:00:00.000,LHR30,67
2025-09-21 12:00:00.000,LHR30,90
2025-09-21 13:00:00.000,LHR30,74
2025-09-21 14:00:00.000,LHR30,74
2025-09-21 15:00:00.000,LHR30,42
2025-09-21 16:00:00.000,LHR30,53
2025-09-21 17:00:00.000,LHR30,47
2025-09-21 18:00:00.000,LHR30,50
2025-09-21 19:00:00.000,LHR30,17
2025-09-21 20:00:00.000,LHR30,6
2025-09-22 04:00:00.000,LHR30,8
2025-09-22 05:00:00.000,LHR30,16
2025-09-22 06:00:00.000,LHR30,31
2025-09-22 07:00:00.000,LHR30,36
2025-09-22 08:00:00.000,LHR30,46
2025-09-22 09:00:00.000,LHR30,51
2025-09-22 10:00:00.000,LHR30,41
2025-09-22 11:00:00.000,LHR30,55
2025-09-22 12:00:00.000,LHR30,53
2025-09-22 13:00:00.000,LHR30,77
2025-09-22 14:00:00.000,LHR30,41
2025-09-22 15:00:00.000,LHR30,47
2025-09-22 16:00:00.000,LHR30,32
2025-09-22 17:00:00.000,LHR30,30
2025-09-22 18:00:00.000,LHR30,23
2025-09-22 19:00:00.000,LHR30,22
2025-09-22 20:00:00.000,LHR30,4
2025-09-23 00:00:00.000,LHR30,3
2025-09-23 04:00:00.000,LHR30,1
2025-09-23 05:00:00.000,LHR30,26
2025-09-23 06:00:00.000,LHR30,39
2025-09-23 07:00:00.000,LHR30,31
2025-09-23 08:00:00.000,LHR30,25
2025-09-23 09:00:00.000,LHR30,28
2025-09-23 10:00:00.000,LHR30,43
2025-09-23 11:00:00.000,LHR30,45
2025-09-23 12:00:00.000,LHR30,71
2025-09-23 13:00:00.000,LHR30,51
2025-09-23 14:00:00.000,LHR30,52
2025-09-23 15:00:00.000,LHR30,45
2025-09-23 16:00:00.000,LHR30,37
2025-09-23 17:00:00.000,LHR30,35
2025-09-23 18:00:00.000,LHR30,37
2025-09-23 19:00:00.000,LHR30,23
2025-09-23 20:00:00.000,LHR30,7
2025-09-23 21:00:00.000,LHR30,3
2025-09-24 04:00:00.000,LHR30,5
2025-09-24 05:00:00.000,LHR30,23
2025-09-24 06:00:00.000,LHR30,33
2025-09-24 07:00:00.000,LHR30,31
2025-09-24 08:00:00.000,LHR30,59
2025-09-24 09:00:00.000,LHR30,40
2025-09-24 10:00:00.000,LHR30,35
2025-09-24 11:00:00.000,LHR30,67
2025-09-24 12:00:00.000,LHR30,64
2025-09-24 13:00:00.000,LHR30,61
2025-09-24 14:00:00.000,LHR30,100
2025-09-24 15:00:00.000,LHR30,37
2025-09-24 16:00:00.000,LHR30,37
2025-09-24 17:00:00.000,LHR30,34
2025-09-24 18:00:00.000,LHR30,32
2025-09-24 19:00:00.000,LHR30,31
2025-09-24 20:00:00.000,LHR30,13
2025-09-24 21:00:00.000,LHR30,1
2025-09-25 00:00:00.000,LHR30,1
2025-09-25 04:00:00.000,LHR30,3
2025-09-25 05:00:00.000,LHR30,25
2025-09-25 06:00:00.000,LHR30,39
2025-09-25 07:00:00.000,LHR30,33
2025-09-25 08:00:00.000,LHR30,44
2025-09-25 09:00:00.000,LHR30,38
2025-09-25 10:00:00.000,LHR30,39
2025-09-25 11:00:00.000,LHR30,44
2025-09-25 12:00:00.000,LHR30,69
2025-09-25 13:00:00.000,LHR30,60
2025-09-25 14:00:00.000,LHR30,57
2025-09-25 15:00:00.000,LHR30,46
2025-09-25 16:00:00.000,LHR30,46
2025-09-25 17:00:00.000,LHR30,52
2025-09-25 18:00:00.000,LHR30,46
2025-09-25 19:00:00.000,LHR30,19
2025-09-25 20:00:00.000,LHR30,11
2025-09-25 21:00:00.000,LHR30,2
2025-09-26 04:00:00.000,LHR30,8
2025-09-26 05:00:00.000,LHR30,25
2025-09-26 06:00:00.000,LHR30,35
2025-09-26 07:00:00.000,LHR30,55
2025-09-26 08:00:00.000,LHR30,43
2025-09-26 09:00:00.000,LHR30,54
2025-09-26 10:00:00.000,LHR30,64
2025-09-26 11:00:00.000,LHR30,55
2025-09-26 12:00:00.000,LHR30,88
2025-09-26 13:00:00.000,LHR30,82
2025-09-26 14:00:00.000,LHR30,63
2025-09-26 15:00:00.000,LHR30,54
2025-09-26 16:00:00.000,LHR30,33
2025-09-26 17:00:00.000,LHR30,33
2025-09-26 18:00:00.000,LHR30,53
2025-09-26 19:00:00.000,LHR30,49
2025-09-26 20:00:00.000,LHR30,6
2025-09-27 00:00:00.000,LHR30,1
2025-09-27 04:00:00.000,LHR30,7
2025-09-27 05:00:00.000,LHR30,29
2025-09-27 06:00:00.000,LHR30,33
2025-09-27 07:00:00.000,LHR30,43
2025-09-27 08:00:00.000,LHR30,53
2025-09-27 09:00:00.000,LHR30,61
2025-09-27 10:00:00.000,LHR30,77
2025-09-27 11:00:00.000,LHR30,82
2025-09-27 12:00:00.000,LHR30,76
2025-09-27 13:00:00.000,LHR30,82
2025-09-27 14:00:00.000,LHR30,91
2025-09-27 15:00:00.000,LHR30,53
2025-09-27 16:00:00.000,LHR30,42
2025-09-27 17:00:00.000,LHR30,32
2025-09-27 18:00:00.000,LHR30,31
2025-09-27 19:00:00.000,LHR30,19
2025-09-27 20:00:00.000,LHR30,8
2025-09-27 21:00:00.000,LHR30,4
2025-09-28 04:00:00.000,LHR30,4
2025-09-28 05:00:00.000,LHR30,17
2025-09-28 06:00:00.000,LHR30,41
2025-09-28 07:00:00.000,LHR30,45
2025-09-28 08:00:00.000,LHR30,47
2025-09-28 09:00:00.000,LHR30,80
2025-09-28 10:00:00.000,LHR30,51
2025-09-28 11:00:00.000,LHR30,56
2025-09-28 12:00:00.000,LHR30,55
2025-09-28 13:00:00.000,LHR30,80
2025-09-28 14:00:00.000,LHR30,62
2025-09-28 15:00:00.000,LHR30,50
2025-09-28 16:00:00.000,LHR30,35
2025-09-28 17:00:00.000,LHR30,41
2025-09-28 18:00:00.000,LHR30,67
2025-09-28 19:00:00.000,LHR30,28
2025-09-28 20:00:00.000,LHR30,9
2025-09-29 04:00:00.000,LHR30,6
2025-09-29 05:00:00.000,LHR30,37
2025-09-29 06:00:00.000,LHR30,24
2025-09-29 07:00:00.000,LHR30,58
2025-09-29 08:00:00.000,LHR30,49
2025-09-29 09:00:00.000,LHR30,34
2025-09-29 10:00:00.000,LHR30,47
2025-09-29 11:00:00.000,LHR30,73
2025-09-29 12:00:00.000,LHR30,68
2025-09-29 13:00:00.000,LHR30,66
2025-09-29 14:00:00.000,LHR30,60
2025-09-29 15:00:00.000,LHR30,30
2025-09-29 16:00:00.000,LHR30,29
2025-09-29 17:00:00.000,LHR30,27
2025-09-29 18:00:00.000,LHR30,32
2025-09-29 19:00:00.000,LHR30,23
2025-09-29 20:00:00.000,LHR30,11
2025-09-30 04:00:00.000,LHR30,4
2025-09-30 05:00:00.000,LHR30,26
2025-09-30 06:00:00.000,LHR30,23
2025-09-30 07:00:00.000,LHR30,48
2025-09-30 08:00:00.000,LHR30,46
2025-09-30 09:00:00.000,LHR30,53
2025-09-30 10:00:00.000,LHR30,50
2025-09-30 11:00:00.000,LHR30,47
2025-09-30 12:00:00.000,LHR30,41
2025-09-30 13:00:00.000,LHR30,51
2025-09-30 14:00:00.000,LHR30,57
2025-09-30 15:00:00.000,LHR30,53
2025-09-30 16:00:00.000,LHR30,22
2025-09-30 17:00:00.000,LHR30,24
2025-09-30 18:00:00.000,LHR30,42
2025-09-30 19:00:00.000,LHR30,16
2025-09-30 20:00:00.000,LHR30,7
2025-09-30 21:00:00.000,LHR30,2
2025-07-01 07:00:00.000,LHR31,46
2025-07-01 08:00:00.000,LHR31,16
2025-07-01 09:00:00.000,LHR31,2
2025-07-01 10:00:00.000,LHR31,2
2025-07-01 11:00:00.000,LHR31,5
2025-07-01 12:00:00.000,LHR31,24
2025-07-01 13:00:00.000,LHR31,36
2025-07-01 14:00:00.000,LHR31,9
2025-07-01 15:00:00.000,LHR31,4
2025-07-01 16:00:00.000,LHR31,11
2025-07-01 17:00:00.000,LHR31,12
2025-07-01 18:00:00.000,LHR31,2
2025-07-01 19:00:00.000,LHR31,8
2025-07-02 07:00:00.000,LHR31,14
2025-07-02 08:00:00.000,LHR31,26
2025-07-02 09:00:00.000,LHR31,9
2025-07-02 10:00:00.000,LHR31,5
2025-07-02 12:00:00.000,LHR31,2
2025-07-02 13:00:00.000,LHR31,5
2025-07-02 14:00:00.000,LHR31,3
2025-07-02 15:00:00.000,LHR31,7
2025-07-02 16:00:00.000,LHR31,23
2025-07-02 17:00:00.000,LHR31,20
2025-07-02 20:00:00.000,LHR31,1
2025-07-03 07:00:00.000,LHR31,10
2025-07-03 08:00:00.000,LHR31,23
2025-07-03 09:00:00.000,LHR31,13
2025-07-03 11:00:00.000,LHR31,2
2025-07-03 12:00:00.000,LHR31,1
2025-07-03 13:00:00.000,LHR31,1
2025-07-03 15:00:00.000,LHR31,3
2025-07-03 16:00:00.000,LHR31,13
2025-07-03 17:00:00.000,LHR31,9
2025-07-03 21:00:00.000,LHR31,1
2025-07-04 07:00:00.000,LHR31,22
2025-07-04 08:00:00.000,LHR31,18
2025-07-04 09:00:00.000,LHR31,12
2025-07-04 10:00:00.000,LHR31,3
2025-07-04 11:00:00.000,LHR31,1
2025-07-04 12:00:00.000,LHR31,16
2025-07-04 13:00:00.000,LHR31,29
2025-07-04 14:00:00.000,LHR31,10
2025-07-04 15:00:00.000,LHR31,7
2025-07-04 16:00:00.000,LHR31,4
2025-07-04 17:00:00.000,LHR31,17
2025-07-04 18:00:00.000,LHR31,39
2025-07-04 19:00:00.000,LHR31,33
2025-07-04 20:00:00.000,LHR31,22
2025-07-04 21:00:00.000,LHR31,2
2025-07-05 07:00:00.000,LHR31,24
2025-07-05 08:00:00.000,LHR31,22
2025-07-05 09:00:00.000,LHR31,7
2025-07-05 10:00:00.000,LHR31,3
2025-07-05 11:00:00.000,LHR31,7
2025-07-05 12:00:00.000,LHR31,21
2025-07-05 13:00:00.000,LHR31,22
2025-07-05 14:00:00.000,LHR31,12
2025-07-05 15:00:00.000,LHR31,4
2025-07-05 16:00:00.000,LHR31,8
2025-07-05 17:00:00.000,LHR31,33
2025-07-05 18:00:00.000,LHR31,18
2025-07-05 19:00:00.000,LHR31,19
2025-07-05 20:00:00.000,LHR31,6
2025-07-06 06:00:00.000,LHR31,3
2025-07-06 07:00:00.000,LHR31,8
2025-07-06 08:00:00.000,LHR31,12
2025-07-06 09:00:00.000,LHR31,2
2025-07-06 10:00:00.000,LHR31,2
2025-07-06 12:00:00.000,LHR31,1
2025-07-06 14:00:00.000,LHR31,2
2025-07-06 15:00:00.000,LHR31,16
2025-07-06 16:00:00.000,LHR31,21
2025-07-06 17:00:00.000,LHR31,26
2025-07-06 19:00:00.000,LHR31,5
2025-07-07 07:00:00.000,LHR31,27
2025-07-07 08:00:00.000,LHR31,15
2025-07-07 09:00:00.000,LHR31,17
2025-07-07 10:00:00.000,LHR31,12
2025-07-07 14:00:00.000,LHR31,9
2025-07-07 15:00:00.000,LHR31,15
2025-07-07 16:00:00.000,LHR31,18
2025-07-07 17:00:00.000,LHR31,13
2025-07-07 19:00:00.000,LHR31,3
2025-07-08 07:00:00.000,LHR31,34
2025-07-08 08:00:00.000,LHR31,24
2025-07-08 09:00:00.000,LHR31,3
2025-07-08 10:00:00.000,LHR31,2
2025-07-08 13:00:00.000,LHR31,6
2025-07-08 14:00:00.000,LHR31,1
2025-07-08 15:00:00.000,LHR31,14
2025-07-08 16:00:00.000,LHR31,17
2025-07-08 17:00:00.000,LHR31,19
2025-07-08 18:00:00.000,LHR31,1
2025-07-09 06:00:00.000,LHR31,4
2025-07-09 07:00:00.000,LHR31,22
2025-07-09 08:00:00.000,LHR31,25
2025-07-09 09:00:00.000,LHR31,25
2025-07-09 10:00:00.000,LHR31,10
2025-07-09 13:00:00.000,LHR31,6
2025-07-09 14:00:00.000,LHR31,1
2025-07-09 15:00:00.000,LHR31,16
2025-07-09 16:00:00.000,LHR31,16
2025-07-09 17:00:00.000,LHR31,5
2025-07-10 07:00:00.000,LHR31,12
2025-07-10 08:00:00.000,LHR31,7
2025-07-10 09:00:00.000,LHR31,3
2025-07-10 15:00:00.000,LHR31,14
2025-07-10 16:00:00.000,LHR31,19
2025-07-10 17:00:00.000,LHR31,24
2025-07-10 18:00:00.000,LHR31,3
2025-07-10 20:00:00.000,LHR31,2
2025-07-11 07:00:00.000,LHR31,35
2025-07-11 08:00:00.000,LHR31,17
2025-07-11 09:00:00.000,LHR31,6
2025-07-11 10:00:00.000,LHR31,2
2025-07-11 11:00:00.000,LHR31,17
2025-07-11 12:00:00.000,LHR31,29
2025-07-11 13:00:00.000,LHR31,18
2025-07-11 14:00:00.000,LHR31,17
2025-07-11 15:00:00.000,LHR31,5
2025-07-11 16:00:00.000,LHR31,18
2025-07-11 17:00:00.000,LHR31,21
2025-07-11 18:00:00.000,LHR31,24
2025-07-11 19:00:00.000,LHR31,35
2025-07-11 20:00:00.000,LHR31,18
2025-07-12 07:00:00.000,LHR31,15
2025-07-12 08:00:00.000,LHR31,9
2025-07-12 09:00:00.000,LHR31,2
2025-07-12 10:00:00.000,LHR31,8
2025-07-12 11:00:00.000,LHR31,1
2025-07-12 12:00:00.000,LHR31,21
2025-07-12 13:00:00.000,LHR31,8
2025-07-12 14:00:00.000,LHR31,11
2025-07-12 15:00:00.000,LHR31,20
2025-07-12 16:00:00.000,LHR31,6
2025-07-12 17:00:00.000,LHR31,25
2025-07-12 18:00:00.000,LHR31,26
2025-07-12 19:00:00.000,LHR31,24
2025-07-12 20:00:00.000,LHR31,4
2025-07-13 05:00:00.000,LHR31,3
2025-07-13 06:00:00.000,LHR31,6
2025-07-13 07:00:00.000,LHR31,8
2025-07-13 08:00:00.000,LHR31,26
2025-07-13 09:00:00.000,LHR31,6
2025-07-13 14:00:00.000,LHR31,2
2025-07-13 15:00:00.000,LHR31,13
2025-07-13 16:00:00.000,LHR31,13
2025-07-13 17:00:00.000,LHR31,7
2025-07-14 06:00:00.000,LHR31,1
2025-07-14 07:00:00.000,LHR31,12
2025-07-14 08:00:00.000,LHR31,33
2025-07-14 09:00:00.000,LHR31,7
2025-07-14 10:00:00.000,LHR31,3
2025-07-14 14:00:00.000,LHR31,2
2025-07-14 15:00:00.000,LHR31,18
2025-07-14 16:00:00.000,LHR31,12
2025-07-14 17:00:00.000,LHR31,17
2025-07-14 20:00:00.000,LHR31,1
2025-07-14 21:00:00.000,LHR31,3
2025-07-15 07:00:00.000,LHR31,11
2025-07-15 08:00:00.000,LHR31,8
2025-07-15 09:00:00.000,LHR31,4
2025-07-15 13:00:00.000,LHR31,2
2025-07-15 14:00:00.000,LHR31,1
2025-07-15 15:00:00.000,LHR31,22
2025-07-15 16:00:00.000,LHR31,10
2025-07-15 17:00:00.000,LHR31,13
2025-07-16 06:00:00.000,LHR31,7
2025-07-16 07:00:00.000,LHR31,19
2025-07-16 08:00:00.000,LHR31,18
2025-07-16 09:00:00.000,LHR31,6
2025-07-16 10:00:00.000,LHR31,2
2025-07-16 13:00:00.000,LHR31,8
2025-07-16 15:00:00.000,LHR31,14
2025-07-16 16:00:00.000,LHR31,25
2025-07-16 17:00:00.000,LHR31,15
2025-07-16 18:00:00.000,LHR31,2
2025-07-16 20:00:00.000,LHR31,2
2025-07-17 07:00:00.000,LHR31,14
2025-07-17 08:00:00.000,LHR31,6
2025-07-17 09:00:00.000,LHR31,3
2025-07-17 13:00:00.000,LHR31,4
2025-07-17 14:00:00.000,LHR31,1
2025-07-17 15:00:00.000,LHR31,8
2025-07-17 18:00:00.000,LHR31,1
2025-07-18 06:00:00.000,LHR31,1
2025-07-18 07:00:00.000,LHR31,12
2025-07-18 08:00:00.000,LHR31,5
2025-07-18 09:00:00.000,LHR31,10
2025-07-18 10:00:00.000,LHR31,5
2025-07-18 11:00:00.000,LHR31,1
2025-07-18 12:00:00.000,LHR31,16
2025-07-18 13:00:00.000,LHR31,29
2025-07-18 14:00:00.000,LHR31,19
2025-07-18 15:00:00.000,LHR31,10
2025-07-18 16:00:00.000,LHR31,8
2025-07-18 17:00:00.000,LHR31,17
2025-07-18 18:00:00.000,LHR31,34
2025-07-18 19:00:00.000,LHR31,25
2025-07-18 20:00:00.000,LHR31,14
2025-07-19 07:00:00.000,LHR31,10
2025-07-19 08:00:00.000,LHR31,4
2025-07-19 09:00:00.000,LHR31,2
2025-07-19 10:00:00.000,LHR31,3
2025-07-19 11:00:00.000,LHR31,12
2025-07-19 12:00:00.000,LHR31,17
2025-07-19 13:00:00.000,LHR31,13
2025-07-19 14:00:00.000,LHR31,25
2025-07-19 15:00:00.000,LHR31,10
2025-07-19 16:00:00.000,LHR31,16
2025-07-19 17:00:00.000,LHR31,16
2025-07-19 18:00:00.000,LHR31,17
2025-07-19 19:00:00.000,LHR31,32
2025-07-19 20:00:00.000,LHR31,2
2025-07-20 06:00:00.000,LHR31,2
2025-07-20 15:00:00.000,LHR31,4
2025-07-20 16:00:00.000,LHR31,15
2025-07-20 17:00:00.000,LHR31,12
2025-07-20 20:00:00.000,LHR31,1
2025-07-21 07:00:00.000,LHR31,17
2025-07-21 08:00:00.000,LHR31,20
2025-07-21 09:00:00.000,LHR31,2
2025-07-21 14:00:00.000,LHR31,7
2025-07-21 15:00:00.000,LHR31,17
2025-07-21 16:00:00.000,LHR31,24
2025-07-21 17:00:00.000,LHR31,17
2025-07-21 18:00:00.000,LHR31,1
2025-07-21 19:00:00.000,LHR31,1
2025-07-22 07:00:00.000,LHR31,9
2025-07-22 08:00:00.000,LHR31,17
2025-07-22 09:00:00.000,LHR31,1
2025-07-22 12:00:00.000,LHR31,2
2025-07-22 14:00:00.000,LHR31,3
2025-07-22 15:00:00.000,LHR31,12
2025-07-22 16:00:00.000,LHR31,12
2025-07-22 17:00:00.000,LHR31,16
2025-07-23 07:00:00.000,LHR31,34
2025-07-23 08:00:00.000,LHR31,9
2025-07-23 09:00:00.000,LHR31,3
2025-07-23 15:00:00.000,LHR31,15
2025-07-23 16:00:00.000,LHR31,19
2025-07-23 17:00:00.000,LHR31,7
2025-07-23 19:00:00.000,LHR31,2
2025-07-23 20:00:00.000,LHR31,2
2025-07-24 07:00:00.000,LHR31,3
2025-07-24 08:00:00.000,LHR31,8
2025-07-24 09:00:00.000,LHR31,11
2025-07-24 10:00:00.000,LHR31,2
2025-07-24 13:00:00.000,LHR31,1
2025-07-24 14:00:00.000,LHR31,6
2025-07-24 15:00:00.000,LHR31,5
2025-07-24 16:00:00.000,LHR31,14
2025-07-24 17:00:00.000,LHR31,18
2025-07-24 18:00:00.000,LHR31,3
2025-07-25 07:00:00.000,LHR31,8
2025-07-25 08:00:00.000,LHR31,17
2025-07-25 09:00:00.000,LHR31,3
2025-07-25 10:00:00.000,LHR31,9
2025-07-25 11:00:00.000,LHR31,6
2025-07-25 12:00:00.000,LHR31,31
2025-07-25 13:00:00.000,LHR31,4
2025-07-25 14:00:00.000,LHR31,11
2025-07-25 15:00:00.000,LHR31,8
2025-07-25 16:00:00.000,LHR31,13
2025-07-25 17:00:00.000,LHR31,18
2025-07-25 18:00:00.000,LHR31,15
2025-07-25 19:00:00.000,LHR31,22
2025-07-25 20:00:00.000,LHR31,10
2025-07-26 07:00:00.000,LHR31,30
2025-07-26 08:00:00.000,LHR31,4
2025-07-26 11:00:00.000,LHR31,3
2025-07-26 12:00:00.000,LHR31,13
2025-07-26 13:00:00.000,LHR31,11
2025-07-26 14:00:00.000,LHR31,2
2025-07-26 15:00:00.000,LHR31,14
2025-07-26 16:00:00.000,LHR31,11
2025-07-26 17:00:00.000,LHR31,19
2025-07-26 18:00:00.000,LHR31,10
2025-07-26 19:00:00.000,LHR31,25
2025-07-26 20:00:00.000,LHR31,4
2025-07-27 05:00:00.000,LHR31,1
2025-07-27 07:00:00.000,LHR31,2
2025-07-27 08:00:00.000,LHR31,4
2025-07-27 09:00:00.000,LHR31,6
2025-07-27 14:00:00.000,LHR31,4
2025-07-27 15:00:00.000,LHR31,18
2025-07-27 16:00:00.000,LHR31,8
2025-07-27 17:00:00.000,LHR31,19
2025-07-27 18:00:00.000,LHR31,4
2025-07-28 07:00:00.000,LHR31,6
2025-07-28 08:00:00.000,LHR31,16
2025-07-28 09:00:00.000,LHR31,3
2025-07-28 10:00:00.000,LHR31,2
2025-07-28 14:00:00.000,LHR31,2
2025-07-28 15:00:00.000,LHR31,3
2025-07-28 16:00:00.000,LHR31,17
2025-07-28 17:00:00.000,LHR31,15
2025-07-28 20:00:00.000,LHR31,2
2025-07-28 21:00:00.000,LHR31,1
2025-07-29 07:00:00.000,LHR31,17
2025-07-29 08:00:00.000,LHR31,13
2025-07-29 09:00:00.000,LHR31,10
2025-07-29 10:00:00.000,LHR31,3
2025-07-29 12:00:00.000,LHR31,2
2025-07-29 13:00:00.000,LHR31,4
2025-07-29 14:00:00.000,LHR31,11
2025-07-29 15:00:00.000,LHR31,8
2025-07-29 16:00:00.000,LHR31,23
2025-07-29 17:00:00.000,LHR31,13
2025-07-29 18:00:00.000,LHR31,1
2025-07-29 20:00:00.000,LHR31,3
2025-07-30 07:00:00.000,LHR31,18
2025-07-30 08:00:00.000,LHR31,15
2025-07-30 09:00:00.000,LHR31,23
2025-07-30 10:00:00.000,LHR31,1
2025-07-30 13:00:00.000,LHR31,6
2025-07-30 15:00:00.000,LHR31,9
2025-07-30 16:00:00.000,LHR31,11
2025-07-30 17:00:00.000,LHR31,16
2025-07-30 18:00:00.000,LHR31,2
2025-07-30 20:00:00.000,LHR31,1
2025-07-31 07:00:00.000,LHR31,9
2025-07-31 08:00:00.000,LHR31,16
2025-07-31 09:00:00.000,LHR31,4
2025-07-31 10:00:00.000,LHR31,3
2025-07-31 12:00:00.000,LHR31,2
2025-07-31 13:00:00.000,LHR31,5
2025-07-31 15:00:00.000,LHR31,7
2025-07-31 16:00:00.000,LHR31,29
2025-07-31 17:00:00.000,LHR31,9
2025-07-31 20:00:00.000,LHR31,1
2025-07-31 21:00:00.000,LHR31,1
2025-08-01 07:00:00.000,LHR31,6
2025-08-01 08:00:00.000,LHR31,29
2025-08-01 09:00:00.000,LHR31,7
2025-08-01 10:00:00.000,LHR31,1
2025-08-01 11:00:00.000,LHR31,2
2025-08-01 12:00:00.000,LHR31,10
2025-08-01 13:00:00.000,LHR31,33
2025-08-01 14:00:00.000,LHR31,22
2025-08-01 15:00:00.000,LHR31,7
2025-08-01 16:00:00.000,LHR31,17
2025-08-01 17:00:00.000,LHR31,32
2025-08-01 18:00:00.000,LHR31,24
2025-08-01 19:00:00.000,LHR31,26
2025-08-01 20:00:00.000,LHR31,4
2025-08-01 21:00:00.000,LHR31,3
2025-08-02 07:00:00.000,LHR31,24
2025-08-02 08:00:00.000,LHR31,9
2025-08-02 09:00:00.000,LHR31,9
2025-08-02 11:00:00.000,LHR31,5
2025-08-02 12:00:00.000,LHR31,15
2025-08-02 13:00:00.000,LHR31,12
2025-08-02 14:00:00.000,LHR31,7
2025-08-02 15:00:00.000,LHR31,7
2025-08-02 16:00:00.000,LHR31,14
2025-08-02 17:00:00.000,LHR31,16
2025-08-02 18:00:00.000,LHR31,20
2025-08-02 19:00:00.000,LHR31,20
2025-08-02 20:00:00.000,LHR31,4
2025-08-03 07:00:00.000,LHR31,9
2025-08-03 08:00:00.000,LHR31,14
2025-08-03 09:00:00.000,LHR31,1
2025-08-03 10:00:00.000,LHR31,3
2025-08-03 15:00:00.000,LHR31,13
2025-08-03 16:00:00.000,LHR31,19
2025-08-03 17:00:00.000,LHR31,2
2025-08-03 18:00:00.000,LHR31,3
2025-08-03 20:00:00.000,LHR31,3
2025-08-04 07:00:00.000,LHR31,15
2025-08-04 08:00:00.000,LHR31,11
2025-08-04 09:00:00.000,LHR31,4
2025-08-04 12:00:00.000,LHR31,2
2025-08-04 14:00:00.000,LHR31,1
2025-08-04 15:00:00.000,LHR31,11
2025-08-04 16:00:00.000,LHR31,11
2025-08-04 17:00:00.000,LHR31,15
2025-08-04 19:00:00.000,LHR31,2
2025-08-04 20:00:00.000,LHR31,2
2025-08-04 21:00:00.000,LHR31,2
2025-08-05 06:00:00.000,LHR31,2
2025-08-05 07:00:00.000,LHR31,10
2025-08-05 08:00:00.000,LHR31,14
2025-08-05 09:00:00.000,LHR31,5
2025-08-05 10:00:00.000,LHR31,1
2025-08-05 12:00:00.000,LHR31,2
2025-08-05 13:00:00.000,LHR31,2
2025-08-05 14:00:00.000,LHR31,3
2025-08-05 15:00:00.000,LHR31,4
2025-08-05 16:00:00.000,LHR31,16
2025-08-05 17:00:00.000,LHR31,8
2025-08-06 07:00:00.000,LHR31,21
2025-08-06 08:00:00.000,LHR31,17
2025-08-06 09:00:00.000,LHR31,16
2025-08-06 10:00:00.000,LHR31,6
2025-08-06 12:00:00.000,LHR31,6
2025-08-06 14:00:00.000,LHR31,7
2025-08-06 15:00:00.000,LHR31,6
2025-08-06 16:00:00.000,LHR31,16
2025-08-06 17:00:00.000,LHR31,20
2025-08-06 20:00:00.000,LHR31,3
2025-08-06 21:00:00.000,LHR31,1
2025-08-07 07:00:00.000,LHR31,28
2025-08-07 08:00:00.000,LHR31,14
2025-08-07 09:00:00.000,LHR31,7
2025-08-07 10:00:00.000,LHR31,5
2025-08-07 15:00:00.000,LHR31,3
2025-08-07 16:00:00.000,LHR31,10
2025-08-07 17:00:00.000,LHR31,11
2025-08-07 19:00:00.000,LHR31,1
2025-08-08 07:00:00.000,LHR31,19
2025-08-08 08:00:00.000,LHR31,18
2025-08-08 09:00:00.000,LHR31,12
2025-08-08 10:00:00.000,LHR31,1
2025-08-08 11:00:00.000,LHR31,3
2025-08-08 12:00:00.000,LHR31,12
2025-08-08 13:00:00.000,LHR31,20
2025-08-08 14:00:00.000,LHR31,11
2025-08-08 15:00:00.000,LHR31,9
2025-08-08 16:00:00.000,LHR31,13
2025-08-08 17:00:00.000,LHR31,26
2025-08-08 18:00:00.000,LHR31,23
2025-08-08 19:00:00.000,LHR31,5
2025-08-08 20:00:00.000,LHR31,10
2025-08-09 07:00:00.000,LHR31,17
2025-08-09 08:00:00.000,LHR31,11
2025-08-09 09:00:00.000,LHR31,5
2025-08-09 10:00:00.000,LHR31,4
2025-08-09 11:00:00.000,LHR31,7
2025-08-09 12:00:00.000,LHR31,12
2025-08-09 13:00:00.000,LHR31,37
2025-08-09 14:00:00.000,LHR31,21
2025-08-09 15:00:00.000,LHR31,9
2025-08-09 16:00:00.000,LHR31,16
2025-08-09 17:00:00.000,LHR31,32
2025-08-09 18:00:00.000,LHR31,16
2025-08-09 19:00:00.000,LHR31,16
2025-08-09 20:00:00.000,LHR31,18
2025-08-10 05:00:00.000,LHR31,8
2025-08-10 06:00:00.000,LHR31,3
2025-08-10 08:00:00.000,LHR31,18
2025-08-10 09:00:00.000,LHR31,19
2025-08-10 15:00:00.000,LHR31,9
2025-08-10 16:00:00.000,LHR31,13
2025-08-10 17:00:00.000,LHR31,4
2025-08-11 07:00:00.000,LHR31,23
2025-08-11 08:00:00.000,LHR31,32
2025-08-11 09:00:00.000,LHR31,3
2025-08-11 10:00:00.000,LHR31,3
2025-08-11 13:00:00.000,LHR31,3
2025-08-11 14:00:00.000,LHR31,1
2025-08-11 15:00:00.000,LHR31,10
2025-08-11 16:00:00.000,LHR31,16
2025-08-11 17:00:00.000,LHR31,4
2025-08-11 18:00:00.000,LHR31,2
2025-08-12 07:00:00.000,LHR31,14
2025-08-12 08:00:00.000,LHR31,20
2025-08-12 09:00:00.000,LHR31,6
2025-08-12 10:00:00.000,LHR31,1
2025-08-12 13:00:00.000,LHR31,4
2025-08-12 14:00:00.000,LHR31,3
2025-08-12 15:00:00.000,LHR31,27
2025-08-12 16:00:00.000,LHR31,11
2025-08-12 17:00:00.000,LHR31,2
2025-08-13 07:00:00.000,LHR31,26
2025-08-13 08:00:00.000,LHR31,16
2025-08-13 09:00:00.000,LHR31,6
2025-08-13 13:00:00.000,LHR31,4
2025-08-13 14:00:00.000,LHR31,4
2025-08-13 15:00:00.000,LHR31,14
2025-08-13 16:00:00.000,LHR31,20
2025-08-13 17:00:00.000,LHR31,12
2025-08-13 20:00:00.000,LHR31,1
2025-08-14 07:00:00.000,LHR31,13
2025-08-14 08:00:00.000,LHR31,13
2025-08-14 09:00:00.000,LHR31,7
2025-08-14 10:00:00.000,LHR31,1
2025-08-14 15:00:00.000,LHR31,9
2025-08-14 16:00:00.000,LHR31,26
2025-08-14 17:00:00.000,LHR31,2
2025-08-14 20:00:00.000,LHR31,1
2025-08-15 07:00:00.000,LHR31,31
2025-08-15 08:00:00.000,LHR31,7
2025-08-15 09:00:00.000,LHR31,6
2025-08-15 10:00:00.000,LHR31,5
2025-08-15 11:00:00.000,LHR31,5
2025-08-15 12:00:00.000,LHR31,5
2025-08-15 13:00:00.000,LHR31,18
2025-08-15 14:00:00.000,LHR31,23
2025-08-15 15:00:00.000,LHR31,16
2025-08-15 16:00:00.000,LHR31,14
2025-08-15 17:00:00.000,LHR31,23
2025-08-15 18:00:00.000,LHR31,17
2025-08-15 19:00:00.000,LHR31,21
2025-08-15 20:00:00.000,LHR31,2
2025-08-16 07:00:00.000,LHR31,28
2025-08-16 08:00:00.000,LHR31,17
2025-08-16 10:00:00.000,LHR31,3
2025-08-16 11:00:00.000,LHR31,1
2025-08-16 12:00:00.000,LHR31,8
2025-08-16 13:00:00.000,LHR31,11
2025-08-16 14:00:00.000,LHR31,4
2025-08-16 15:00:00.000,LHR31,6
2025-08-16 16:00:00.000,LHR31,13
2025-08-16 17:00:00.000,LHR31,21
2025-08-16 18:00:00.000,LHR31,23
2025-08-16 19:00:00.000,LHR31,21
2025-08-16 20:00:00.000,LHR31,3
2025-08-17 05:00:00.000,LHR31,4
2025-08-17 07:00:00.000,LHR31,7
2025-08-17 08:00:00.000,LHR31,16
2025-08-17 09:00:00.000,LHR31,7
2025-08-17 10:00:00.000,LHR31,2
2025-08-17 13:00:00.000,LHR31,1
2025-08-17 15:00:00.000,LHR31,15
2025-08-17 16:00:00.000,LHR31,19
2025-08-17 17:00:00.000,LHR31,15
2025-08-17 20:00:00.000,LHR31,2
2025-08-18 07:00:00.000,LHR31,18
2025-08-18 08:00:00.000,LHR31,15
2025-08-18 09:00:00.000,LHR31,7
2025-08-18 10:00:00.000,LHR31,2
2025-08-18 13:00:00.000,LHR31,1
2025-08-18 14:00:00.000,LHR31,2
2025-08-18 15:00:00.000,LHR31,10
2025-08-18 16:00:00.000,LHR31,11
2025-08-18 17:00:00.000,LHR31,10
2025-08-18 19:00:00.000,LHR31,2
2025-08-18 20:00:00.000,LHR31,3
2025-08-19 07:00:00.000,LHR31,11
2025-08-19 08:00:00.000,LHR31,12
2025-08-19 09:00:00.000,LHR31,3
2025-08-19 14:00:00.000,LHR31,6
2025-08-19 15:00:00.000,LHR31,7
2025-08-19 16:00:00.000,LHR31,24
2025-08-19 17:00:00.000,LHR31,11
2025-08-19 19:00:00.000,LHR31,2
2025-08-19 21:00:00.000,LHR31,2
2025-08-20 06:00:00.000,LHR31,2
2025-08-20 07:00:00.000,LHR31,10
2025-08-20 08:00:00.000,LHR31,16
2025-08-20 09:00:00.000,LHR31,4
2025-08-20 10:00:00.000,LHR31,3
2025-08-20 13:00:00.000,LHR31,2
2025-08-20 14:00:00.000,LHR31,4
2025-08-20 15:00:00.000,LHR31,9
2025-08-20 16:00:00.000,LHR31,22
2025-08-20 17:00:00.000,LHR31,16
2025-08-21 07:00:00.000,LHR31,15
2025-08-21 08:00:00.000,LHR31,13
2025-08-21 09:00:00.000,LHR31,16
2025-08-21 10:00:00.000,LHR31,3
2025-08-21 15:00:00.000,LHR31,7
2025-08-21 16:00:00.000,LHR31,19
2025-08-21 17:00:00.000,LHR31,4
2025-08-22 07:00:00.000,LHR31,26
2025-08-22 08:00:00.000,LHR31,11
2025-08-22 09:00:00.000,LHR31,29
2025-08-22 10:00:00.000,LHR31,3
2025-08-22 11:00:00.000,LHR31,7
2025-08-22 12:00:00.000,LHR31,12
2025-08-22 13:00:00.000,LHR31,21
2025-08-22 14:00:00.000,LHR31,7
2025-08-22 15:00:00.000,LHR31,8
2025-08-22 16:00:00.000,LHR31,31
2025-08-22 17:00:00.000,LHR31,17
2025-08-22 18:00:00.000,LHR31,33
2025-08-22 19:00:00.000,LHR31,12
2025-08-22 20:00:00.000,LHR31,21
2025-08-23 07:00:00.000,LHR31,19
2025-08-23 08:00:00.000,LHR31,18
2025-08-23 09:00:00.000,LHR31,7
2025-08-23 10:00:00.000,LHR31,6
2025-08-23 11:00:00.000,LHR31,12
2025-08-23 12:00:00.000,LHR31,16
2025-08-23 13:00:00.000,LHR31,16
2025-08-23 14:00:00.000,LHR31,5
2025-08-23 15:00:00.000,LHR31,9
2025-08-23 16:00:00.000,LHR31,17
2025-08-23 17:00:00.000,LHR31,13
2025-08-23 18:00:00.000,LHR31,6
2025-08-23 19:00:00.000,LHR31,12
2025-08-23 20:00:00.000,LHR31,7
2025-08-24 06:00:00.000,LHR31,1
2025-08-24 07:00:00.000,LHR31,9
2025-08-24 08:00:00.000,LHR31,14
2025-08-24 09:00:00.000,LHR31,14
2025-08-24 10:00:00.000,LHR31,5
2025-08-24 14:00:00.000,LHR31,2
2025-08-24 15:00:00.000,LHR31,6
2025-08-24 16:00:00.000,LHR31,9
2025-08-24 17:00:00.000,LHR31,2
2025-08-25 06:00:00.000,LHR31,3
2025-08-25 07:00:00.000,LHR31,21
2025-08-25 08:00:00.000,LHR31,14
2025-08-25 09:00:00.000,LHR31,16
2025-08-25 15:00:00.000,LHR31,10
2025-08-25 16:00:00.000,LHR31,2
2025-08-25 17:00:00.000,LHR31,2
2025-08-26 07:00:00.000,LHR31,16
2025-08-26 08:00:00.000,LHR31,17
2025-08-26 09:00:00.000,LHR31,3
2025-08-26 10:00:00.000,LHR31,3
2025-08-26 14:00:00.000,LHR31,1
2025-08-26 15:00:00.000,LHR31,8
2025-08-26 16:00:00.000,LHR31,19
2025-08-26 17:00:00.000,LHR31,10
2025-08-26 20:00:00.000,LHR31,1
2025-08-27 07:00:00.000,LHR31,8
2025-08-27 08:00:00.000,LHR31,10
2025-08-27 09:00:00.000,LHR31,4
2025-08-27 10:00:00.000,LHR31,1
2025-08-27 13:00:00.000,LHR31,1
2025-08-27 15:00:00.000,LHR31,6
2025-08-27 16:00:00.000,LHR31,8
2025-08-27 17:00:00.000,LHR31,5
2025-08-27 19:00:00.000,LHR31,1
2025-08-27 20:00:00.000,LHR31,3
2025-08-27 21:00:00.000,LHR31,1
2025-08-28 07:00:00.000,LHR31,33
2025-08-28 08:00:00.000,LHR31,19
2025-08-28 09:00:00.000,LHR31,7
2025-08-28 10:00:00.000,LHR31,1
2025-08-28 11:00:00.000,LHR31,4
2025-08-28 15:00:00.000,LHR31,2
2025-08-28 16:00:00.000,LHR31,8
2025-08-28 17:00:00.000,LHR31,6
2025-08-29 07:00:00.000,LHR31,18
2025-08-29 08:00:00.000,LHR31,17
2025-08-29 09:00:00.000,LHR31,2
2025-08-29 10:00:00.000,LHR31,1
2025-08-29 11:00:00.000,LHR31,12
2025-08-29 12:00:00.000,LHR31,22
2025-08-29 13:00:00.000,LHR31,20
2025-08-29 14:00:00.000,LHR31,3
2025-08-29 15:00:00.000,LHR31,8
2025-08-29 16:00:00.000,LHR31,17
2025-08-29 17:00:00.000,LHR31,22
2025-08-29 18:00:00.000,LHR31,37
2025-08-29 19:00:00.000,LHR31,32
2025-08-29 20:00:00.000,LHR31,3
2025-08-30 07:00:00.000,LHR31,35
2025-08-30 08:00:00.000,LHR31,7
2025-08-30 09:00:00.000,LHR31,12
2025-08-30 10:00:00.000,LHR31,4
2025-08-30 11:00:00.000,LHR31,12
2025-08-30 12:00:00.000,LHR31,18
2025-08-30 13:00:00.000,LHR31,17
2025-08-30 14:00:00.000,LHR31,8
2025-08-30 15:00:00.000,LHR31,10
2025-08-30 16:00:00.000,LHR31,15
2025-08-30 17:00:00.000,LHR31,31
2025-08-30 18:00:00.000,LHR31,15
2025-08-30 19:00:00.000,LHR31,8
2025-08-30 20:00:00.000,LHR31,11
2025-08-31 06:00:00.000,LHR31,3
2025-08-31 07:00:00.000,LHR31,18
2025-08-31 08:00:00.000,LHR31,21
2025-08-31 10:00:00.000,LHR31,3
2025-08-31 15:00:00.000,LHR31,9
2025-08-31 16:00:00.000,LHR31,22
2025-08-31 17:00:00.000,LHR31,13
2025-08-31 18:00:00.000,LHR31,1
2025-09-01 07:00:00.000,LHR31,9
2025-09-01 08:00:00.000,LHR31,17
2025-09-01 09:00:00.000,LHR31,13
2025-09-01 10:00:00.000,LHR31,4
2025-09-01 12:00:00.000,LHR31,2
2025-09-01 15:00:00.000,LHR31,18
2025-09-01 16:00:00.000,LHR31,20
2025-09-01 17:00:00.000,LHR31,7
2025-09-02 07:00:00.000,LHR31,24
2025-09-02 08:00:00.000,LHR31,18
2025-09-02 09:00:00.000,LHR31,13
2025-09-02 10:00:00.000,LHR31,7
2025-09-02 14:00:00.000,LHR31,3
2025-09-02 15:00:00.000,LHR31,7
2025-09-02 16:00:00.000,LHR31,11
2025-09-02 17:00:00.000,LHR31,4
2025-09-02 19:00:00.000,LHR31,1
2025-09-02 20:00:00.000,LHR31,2
2025-09-03 07:00:00.000,LHR31,27
2025-09-03 08:00:00.000,LHR31,16
2025-09-03 09:00:00.000,LHR31,18
2025-09-03 10:00:00.000,LHR31,15
2025-09-03 13:00:00.000,LHR31,2
2025-09-03 15:00:00.000,LHR31,3
2025-09-03 16:00:00.000,LHR31,8
2025-09-03 17:00:00.000,LHR31,3
2025-09-03 20:00:00.000,LHR31,2
2025-09-03 21:00:00.000,LHR31,2
2025-09-04 07:00:00.000,LHR31,20
2025-09-04 08:00:00.000,LHR31,17
2025-09-04 09:00:00.000,LHR31,8
2025-09-04 12:00:00.000,LHR31,2
2025-09-04 15:00:00.000,LHR31,12
2025-09-04 16:00:00.000,LHR31,10
2025-09-04 17:00:00.000,LHR31,7
2025-09-04 20:00:00.000,LHR31,1
2025-09-05 06:00:00.000,LHR31,2
2025-09-05 07:00:00.000,LHR31,26
2025-09-05 08:00:00.000,LHR31,24
2025-09-05 09:00:00.000,LHR31,8
2025-09-05 10:00:00.000,LHR31,5
2025-09-05 11:00:00.000,LHR31,6
2025-09-05 12:00:00.000,LHR31,22
2025-09-05 13:00:00.000,LHR31,30
2025-09-05 14:00:00.000,LHR31,18
2025-09-05 15:00:00.000,LHR31,10
2025-09-05 16:00:00.000,LHR31,15
2025-09-05 17:00:00.000,LHR31,35
2025-09-05 18:00:00.000,LHR31,26
2025-09-05 19:00:00.000,LHR31,24
2025-09-05 20:00:00.000,LHR31,17
2025-09-05 21:00:00.000,LHR31,1
2025-09-06 00:00:00.000,LHR31,2
2025-09-06 07:00:00.000,LHR31,31
2025-09-06 08:00:00.000,LHR31,17
2025-09-06 09:00:00.000,LHR31,11
2025-09-06 10:00:00.000,LHR31,10
2025-09-06 11:00:00.000,LHR31,16
2025-09-06 12:00:00.000,LHR31,29
2025-09-06 13:00:00.000,LHR31,23
2025-09-06 14:00:00.000,LHR31,3
2025-09-06 15:00:00.000,LHR31,13
2025-09-06 16:00:00.000,LHR31,11
2025-09-06 17:00:00.000,LHR31,21
2025-09-06 18:00:00.000,LHR31,20
2025-09-06 19:00:00.000,LHR31,24
2025-09-06 20:00:00.000,LHR31,24
2025-09-07 05:00:00.000,LHR31,1
2025-09-07 06:00:00.000,LHR31,5
2025-09-07 07:00:00.000,LHR31,4
2025-09-07 08:00:00.000,LHR31,20
2025-09-07 09:00:00.000,LHR31,8
2025-09-07 10:00:00.000,LHR31,8
2025-09-07 11:00:00.000,LHR31,2
2025-09-07 12:00:00.000,LHR31,3
2025-09-07 14:00:00.000,LHR31,1
2025-09-07 15:00:00.000,LHR31,23
2025-09-07 16:00:00.000,LHR31,16
2025-09-07 17:00:00.000,LHR31,17
2025-09-07 19:00:00.000,LHR31,1
2025-09-07 20:00:00.000,LHR31,1
2025-09-08 06:00:00.000,LHR31,3
2025-09-08 07:00:00.000,LHR31,15
2025-09-08 08:00:00.000,LHR31,11
2025-09-08 09:00:00.000,LHR31,4
2025-09-08 13:00:00.000,LHR31,1
2025-09-08 15:00:00.000,LHR31,8
2025-09-08 16:00:00.000,LHR31,17
2025-09-08 17:00:00.000,LHR31,4
2025-09-08 21:00:00.000,LHR31,1
2025-09-09 07:00:00.000,LHR31,18
2025-09-09 08:00:00.000,LHR31,16
2025-09-09 09:00:00.000,LHR31,3
2025-09-09 10:00:00.000,LHR31,4
2025-09-09 14:00:00.000,LHR31,1
2025-09-09 15:00:00.000,LHR31,4
2025-09-09 16:00:00.000,LHR31,9
2025-09-09 17:00:00.000,LHR31,6
2025-09-10 07:00:00.000,LHR31,9
2025-09-10 08:00:00.000,LHR31,6
2025-09-10 09:00:00.000,LHR31,7
2025-09-10 10:00:00.000,LHR31,2
2025-09-10 15:00:00.000,LHR31,3
2025-09-10 16:00:00.000,LHR31,15
2025-09-10 17:00:00.000,LHR31,16
2025-09-10 18:00:00.000,LHR31,1
2025-09-11 07:00:00.000,LHR31,15
2025-09-11 08:00:00.000,LHR31,12
2025-09-11 09:00:00.000,LHR31,5
2025-09-11 10:00:00.000,LHR31,2
2025-09-11 13:00:00.000,LHR31,2
2025-09-11 14:00:00.000,LHR31,1
2025-09-11 15:00:00.000,LHR31,8
2025-09-11 16:00:00.000,LHR31,22
2025-09-11 17:00:00.000,LHR31,10
2025-09-12 07:00:00.000,LHR31,18
2025-09-12 08:00:00.000,LHR31,11
2025-09-12 09:00:00.000,LHR31,10
2025-09-12 10:00:00.000,LHR31,2
2025-09-12 11:00:00.000,LHR31,5
2025-09-12 12:00:00.000,LHR31,10
2025-09-12 13:00:00.000,LHR31,25
2025-09-12 14:00:00.000,LHR31,24
2025-09-12 15:00:00.000,LHR31,14
2025-09-12 16:00:00.000,LHR31,23
2025-09-12 17:00:00.000,LHR31,25
2025-09-12 18:00:00.000,LHR31,33
2025-09-12 19:00:00.000,LHR31,35
2025-09-12 20:00:00.000,LHR31,10
2025-09-13 07:00:00.000,LHR31,34
2025-09-13 08:00:00.000,LHR31,8
2025-09-13 09:00:00.000,LHR31,3
2025-09-13 10:00:00.000,LHR31,1
2025-09-13 11:00:00.000,LHR31,11
2025-09-13 12:00:00.000,LHR31,19
2025-09-13 13:00:00.000,LHR31,15
2025-09-13 14:00:00.000,LHR31,9
2025-09-13 15:00:00.000,LHR31,15
2025-09-13 16:00:00.000,LHR31,18
2025-09-13 17:00:00.000,LHR31,25
2025-09-13 18:00:00.000,LHR31,26
2025-09-13 19:00:00.000,LHR31,14
2025-09-13 20:00:00.000,LHR31,20
2025-09-14 05:00:00.000,LHR31,1
2025-09-14 06:00:00.000,LHR31,4
2025-09-14 07:00:00.000,LHR31,14
2025-09-14 08:00:00.000,LHR31,18
2025-09-14 09:00:00.000,LHR31,10
2025-09-14 10:00:00.000,LHR31,5
2025-09-14 14:00:00.000,LHR31,1
2025-09-14 15:00:00.000,LHR31,10
2025-09-14 16:00:00.000,LHR31,10
2025-09-14 17:00:00.000,LHR31,8
2025-09-14 19:00:00.000,LHR31,1
2025-09-15 07:00:00.000,LHR31,11
2025-09-15 08:00:00.000,LHR31,21
2025-09-15 09:00:00.000,LHR31,7
2025-09-15 10:00:00.000,LHR31,6
2025-09-15 16:00:00.000,LHR31,24
2025-09-15 17:00:00.000,LHR31,10
2025-09-16 00:00:00.000,LHR31,1
2025-09-16 07:00:00.000,LHR31,7
2025-09-16 08:00:00.000,LHR31,17
2025-09-16 09:00:00.000,LHR31,4
2025-09-16 11:00:00.000,LHR31,1
2025-09-16 12:00:00.000,LHR31,2
2025-09-16 13:00:00.000,LHR31,2
2025-09-16 15:00:00.000,LHR31,18
2025-09-16 16:00:00.000,LHR31,11
2025-09-16 17:00:00.000,LHR31,3
2025-09-16 19:00:00.000,LHR31,3
2025-09-16 20:00:00.000,LHR31,2
2025-09-17 07:00:00.000,LHR31,17
2025-09-17 08:00:00.000,LHR31,7
2025-09-17 15:00:00.000,LHR31,8
2025-09-17 16:00:00.000,LHR31,17
2025-09-17 17:00:00.000,LHR31,1
2025-09-18 07:00:00.000,LHR31,18
2025-09-18 08:00:00.000,LHR31,20
2025-09-18 09:00:00.000,LHR31,8
2025-09-18 10:00:00.000,LHR31,2
2025-09-18 15:00:00.000,LHR31,11
2025-09-18 16:00:00.000,LHR31,10
2025-09-18 17:00:00.000,LHR31,21
2025-09-19 07:00:00.000,LHR31,22
2025-09-19 08:00:00.000,LHR31,26
2025-09-19 09:00:00.000,LHR31,10
2025-09-19 10:00:00.000,LHR31,7
2025-09-19 11:00:00.000,LHR31,8
2025-09-19 12:00:00.000,LHR31,6
2025-09-19 13:00:00.000,LHR31,36
2025-09-19 14:00:00.000,LHR31,8
2025-09-19 15:00:00.000,LHR31,11
2025-09-19 16:00:00.000,LHR31,18
2025-09-19 17:00:00.000,LHR31,17
2025-09-19 18:00:00.000,LHR31,44
2025-09-19 19:00:00.000,LHR31,22
2025-09-19 20:00:00.000,LHR31,3
2025-09-19 21:00:00.000,LHR31,1
2025-09-20 07:00:00.000,LHR31,5
2025-09-20 08:00:00.000,LHR31,11
2025-09-20 09:00:00.000,LHR31,7
2025-09-20 10:00:00.000,LHR31,2
2025-09-20 11:00:00.000,LHR31,5
2025-09-20 12:00:00.000,LHR31,17
2025-09-20 13:00:00.000,LHR31,23
2025-09-20 14:00:00.000,LHR31,15
2025-09-20 15:00:00.000,LHR31,7
2025-09-20 16:00:00.000,LHR31,7
2025-09-20 17:00:00.000,LHR31,28
2025-09-20 18:00:00.000,LHR31,11
2025-09-20 19:00:00.000,LHR31,19
2025-09-20 20:00:00.000,LHR31,15
2025-09-21 06:00:00.000,LHR31,1
2025-09-21 08:00:00.000,LHR31,3
2025-09-21 09:00:00.000,LHR31,6
2025-09-21 10:00:00.000,LHR31,6
2025-09-21 12:00:00.000,LHR31,1
2025-09-21 13:00:00.000,LHR31,1
2025-09-21 14:00:00.000,LHR31,7
2025-09-21 15:00:00.000,LHR31,9
2025-09-21 16:00:00.000,LHR31,13
2025-09-21 17:00:00.000,LHR31,17
2025-09-21 19:00:00.000,LHR31,2
2025-09-21 20:00:00.000,LHR31,13
2025-09-22 07:00:00.000,LHR31,16
2025-09-22 08:00:00.000,LHR31,32
2025-09-22 09:00:00.000,LHR31,20
2025-09-22 10:00:00.000,LHR31,2
2025-09-22 12:00:00.000,LHR31,5
2025-09-22 13:00:00.000,LHR31,14
2025-09-22 14:00:00.000,LHR31,2
2025-09-22 15:00:00.000,LHR31,15
2025-09-22 16:00:00.000,LHR31,18
2025-09-22 17:00:00.000,LHR31,11
2025-09-22 18:00:00.000,LHR31,19
2025-09-22 19:00:00.000,LHR31,17
2025-09-22 20:00:00.000,LHR31,6
2025-09-23 07:00:00.000,LHR31,17
2025-09-23 08:00:00.000,LHR31,8
2025-09-23 09:00:00.000,LHR31,11
2025-09-23 10:00:00.000,LHR31,9
2025-09-23 11:00:00.000,LHR31,12
2025-09-23 12:00:00.000,LHR31,6
2025-09-23 13:00:00.000,LHR31,9
2025-09-23 14:00:00.000,LHR31,6
2025-09-23 15:00:00.000,LHR31,7
2025-09-23 16:00:00.000,LHR31,4
2025-09-23 17:00:00.000,LHR31,21
2025-09-23 18:00:00.000,LHR31,24
2025-09-23 19:00:00.000,LHR31,17
2025-09-23 20:00:00.000,LHR31,15
2025-09-24 07:00:00.000,LHR31,14
2025-09-24 08:00:00.000,LHR31,18
2025-09-24 09:00:00.000,LHR31,4
2025-09-24 11:00:00.000,LHR31,1
2025-09-24 12:00:00.000,LHR31,12
2025-09-24 13:00:00.000,LHR31,15
2025-09-24 14:00:00.000,LHR31,7
2025-09-24 15:00:00.000,LHR31,12
2025-09-24 16:00:00.000,LHR31,10
2025-09-24 17:00:00.000,LHR31,10
2025-09-24 20:00:00.000,LHR31,2
2025-09-24 21:00:00.000,LHR31,1
2025-09-25 07:00:00.000,LHR31,26
2025-09-25 08:00:00.000,LHR31,11
2025-09-25 09:00:00.000,LHR31,2
2025-09-25 10:00:00.000,LHR31,2
2025-09-25 14:00:00.000,LHR31,3
2025-09-25 15:00:00.000,LHR31,8
2025-09-25 16:00:00.000,LHR31,10
2025-09-25 17:00:00.000,LHR31,19
2025-09-26 07:00:00.000,LHR31,12
2025-09-26 08:00:00.000,LHR31,16
2025-09-26 09:00:00.000,LHR31,7
2025-09-26 10:00:00.000,LHR31,1
2025-09-26 12:00:00.000,LHR31,27
2025-09-26 13:00:00.000,LHR31,14
2025-09-26 14:00:00.000,LHR31,20
2025-09-26 15:00:00.000,LHR31,16
2025-09-26 16:00:00.000,LHR31,10
2025-09-26 17:00:00.000,LHR31,19
2025-09-26 18:00:00.000,LHR31,30
2025-09-26 19:00:00.000,LHR31,37
2025-09-26 20:00:00.000,LHR31,18
2025-09-27 07:00:00.000,LHR31,19
2025-09-27 08:00:00.000,LHR31,17
2025-09-27 09:00:00.000,LHR31,4
2025-09-27 10:00:00.000,LHR31,5
2025-09-27 11:00:00.000,LHR31,2
2025-09-27 12:00:00.000,LHR31,16
2025-09-27 13:00:00.000,LHR31,34
2025-09-27 14:00:00.000,LHR31,2
2025-09-27 15:00:00.000,LHR31,8
2025-09-27 16:00:00.000,LHR31,7
2025-09-27 17:00:00.000,LHR31,18
2025-09-27 18:00:00.000,LHR31,9
2025-09-27 19:00:00.000,LHR31,21
2025-09-27 20:00:00.000,LHR31,4
2025-09-28 06:00:00.000,LHR31,6
2025-09-28 07:00:00.000,LHR31,4
2025-09-28 08:00:00.000,LHR31,9
2025-09-28 09:00:00.000,LHR31,2
2025-09-28 15:00:00.000,LHR31,4
2025-09-28 16:00:00.000,LHR31,17
2025-09-28 17:00:00.000,LHR31,4
2025-09-28 21:00:00.000,LHR31,4
2025-09-29 07:00:00.000,LHR31,20
2025-09-29 08:00:00.000,LHR31,7
2025-09-29 09:00:00.000,LHR31,1
2025-09-29 10:00:00.000,LHR31,4
2025-09-29 13:00:00.000,LHR31,4
2025-09-29 14:00:00.000,LHR31,2
2025-09-29 15:00:00.000,LHR31,10
2025-09-29 16:00:00.000,LHR31,27
2025-09-29 17:00:00.000,LHR31,6
2025-09-29 21:00:00.000,LHR31,2
2025-09-30 07:00:00.000,LHR31,28
2025-09-30 08:00:00.000,LHR31,16
2025-09-30 09:00:00.000,LHR31,11
2025-09-30 10:00:00.000,LHR31,2
2025-09-30 12:00:00.000,LHR31,1
2025-09-30 13:00:00.000,LHR31,2
2025-09-30 15:00:00.000,LHR31,16
2025-09-30 16:00:00.000,LHR31,10
2025-09-30 17:00:00.000,LHR31,11
2025-07-01 07:00:00.000,LHR32D,2
2025-07-01 09:00:00.000,LHR32D,2
2025-07-01 15:00:00.000,LHR32D,1
2025-07-01 18:00:00.000,LHR32D,2
2025-07-01 19:00:00.000,LHR32D,2
2025-07-02 08:00:00.000,LHR32D,2
2025-07-02 09:00:00.000,LHR32D,2
2025-07-02 10:00:00.000,LHR32D,3
2025-07-02 18:00:00.000,LHR32D,3
2025-07-03 08:00:00.000,LHR32D,1
2025-07-03 09:00:00.000,LHR32D,3
2025-07-03 12:00:00.000,LHR32D,2
2025-07-03 14:00:00.000,LHR32D,5
2025-07-03 15:00:00.000,LHR32D,1
2025-07-03 16:00:00.000,LHR32D,1
2025-07-04 08:00:00.000,LHR32D,3
2025-07-04 11:00:00.000,LHR32D,1
2025-07-04 18:00:00.000,LHR32D,2
2025-07-04 19:00:00.000,LHR32D,2
2025-07-04 20:00:00.000,LHR32D,1
2025-07-05 07:00:00.000,LHR32D,2
2025-07-05 08:00:00.000,LHR32D,1
2025-07-05 10:00:00.000,LHR32D,2
2025-07-05 13:00:00.000,LHR32D,1
2025-07-05 15:00:00.000,LHR32D,4
2025-07-05 18:00:00.000,LHR32D,1
2025-07-05 19:00:00.000,LHR32D,4
2025-07-06 06:00:00.000,LHR32D,1
2025-07-06 11:00:00.000,LHR32D,3
2025-07-06 13:00:00.000,LHR32D,1
2025-07-06 14:00:00.000,LHR32D,2
2025-07-06 15:00:00.000,LHR32D,1
2025-07-06 16:00:00.000,LHR32D,6
2025-07-07 08:00:00.000,LHR32D,1
2025-07-07 09:00:00.000,LHR32D,1
2025-07-07 12:00:00.000,LHR32D,1
2025-07-07 18:00:00.000,LHR32D,3
2025-07-08 09:00:00.000,LHR32D,1
2025-07-08 10:00:00.000,LHR32D,2
2025-07-08 11:00:00.000,LHR32D,1
2025-07-08 14:00:00.000,LHR32D,2
2025-07-08 15:00:00.000,LHR32D,3
2025-07-08 17:00:00.000,LHR32D,1
2025-07-08 19:00:00.000,LHR32D,1
2025-07-08 21:00:00.000,LHR32D,1
2025-07-09 06:00:00.000,LHR32D,2
2025-07-09 10:00:00.000,LHR32D,5
2025-07-09 12:00:00.000,LHR32D,1
2025-07-09 15:00:00.000,LHR32D,1
2025-07-09 17:00:00.000,LHR32D,1
2025-07-09 18:00:00.000,LHR32D,2
2025-07-10 08:00:00.000,LHR32D,2
2025-07-10 12:00:00.000,LHR32D,1
2025-07-10 16:00:00.000,LHR32D,1
2025-07-10 18:00:00.000,LHR32D,2
2025-07-10 20:00:00.000,LHR32D,1
2025-07-11 07:00:00.000,LHR32D,1
2025-07-11 08:00:00.000,LHR32D,2
2025-07-11 15:00:00.000,LHR32D,2
2025-07-11 16:00:00.000,LHR32D,1
2025-07-11 18:00:00.000,LHR32D,2
2025-07-11 19:00:00.000,LHR32D,6
2025-07-11 20:00:00.000,LHR32D,2
2025-07-12 08:00:00.000,LHR32D,1
2025-07-12 14:00:00.000,LHR32D,5
2025-07-12 15:00:00.000,LHR32D,3
2025-07-12 16:00:00.000,LHR32D,3
2025-07-12 18:00:00.000,LHR32D,1
2025-07-12 19:00:00.000,LHR32D,9
2025-07-13 09:00:00.000,LHR32D,2
2025-07-13 11:00:00.000,LHR32D,1
2025-07-13 12:00:00.000,LHR32D,1
2025-07-13 13:00:00.000,LHR32D,2
2025-07-13 15:00:00.000,LHR32D,1
2025-07-13 16:00:00.000,LHR32D,2
2025-07-13 17:00:00.000,LHR32D,1
2025-07-14 12:00:00.000,LHR32D,1
2025-07-14 15:00:00.000,LHR32D,1
2025-07-14 16:00:00.000,LHR32D,2
2025-07-14 18:00:00.000,LHR32D,2
2025-07-14 19:00:00.000,LHR32D,1
2025-07-14 20:00:00.000,LHR32D,2
2025-07-15 06:00:00.000,LHR32D,1
2025-07-15 07:00:00.000,LHR32D,1
2025-07-15 09:00:00.000,LHR32D,2
2025-07-15 10:00:00.000,LHR32D,1
2025-07-15 13:00:00.000,LHR32D,4
2025-07-15 14:00:00.000,LHR32D,1
2025-07-15 19:00:00.000,LHR32D,1
2025-07-16 07:00:00.000,LHR32D,2
2025-07-16 13:00:00.000,LHR32D,1
2025-07-16 14:00:00.000,LHR32D,4
2025-07-16 15:00:00.000,LHR32D,4
2025-07-16 18:00:00.000,LHR32D,2
2025-07-16 19:00:00.000,LHR32D,1
2025-07-16 21:00:00.000,LHR32D,1
2025-07-17 07:00:00.000,LHR32D,3
2025-07-17 10:00:00.000,LHR32D,3
2025-07-17 14:00:00.000,LHR32D,4
2025-07-17 16:00:00.000,LHR32D,1
2025-07-18 05:00:00.000,LHR32D,1
2025-07-18 12:00:00.000,LHR32D,1
2025-07-18 15:00:00.000,LHR32D,2
2025-07-18 17:00:00.000,LHR32D,1
2025-07-18 21:00:00.000,LHR32D,1
2025-07-19 05:00:00.000,LHR32D,5
2025-07-19 10:00:00.000,LHR32D,4
2025-07-19 18:00:00.000,LHR32D,2
2025-07-20 09:00:00.000,LHR32D,2
2025-07-20 11:00:00.000,LHR32D,3
2025-07-20 15:00:00.000,LHR32D,1
2025-07-20 21:00:00.000,LHR32D,1
2025-07-21 08:00:00.000,LHR32D,4
2025-07-21 15:00:00.000,LHR32D,1
2025-07-22 14:00:00.000,LHR32D,1
2025-07-22 15:00:00.000,LHR32D,1
2025-07-23 09:00:00.000,LHR32D,3
2025-07-23 16:00:00.000,LHR32D,6
2025-07-23 18:00:00.000,LHR32D,1
2025-07-24 10:00:00.000,LHR32D,1
2025-07-24 11:00:00.000,LHR32D,1
2025-07-24 13:00:00.000,LHR32D,1
2025-07-24 19:00:00.000,LHR32D,1
2025-07-26 12:00:00.000,LHR32D,4
2025-07-26 13:00:00.000,LHR32D,5
2025-07-26 15:00:00.000,LHR32D,1
2025-07-27 08:00:00.000,LHR32D,2
2025-07-27 11:00:00.000,LHR32D,5
2025-07-27 12:00:00.000,LHR32D,1
2025-07-27 16:00:00.000,LHR32D,1
2025-07-27 19:00:00.000,LHR32D,1
2025-07-28 07:00:00.000,LHR32D,1
2025-07-28 18:00:00.000,LHR32D,3
2025-07-29 07:00:00.000,LHR32D,1
2025-07-29 11:00:00.000,LHR32D,1
2025-07-29 12:00:00.000,LHR32D,4
2025-07-29 15:00:00.000,LHR32D,2
2025-07-29 18:00:00.000,LHR32D,1
2025-07-29 19:00:00.000,LHR32D,1
2025-07-30 05:00:00.000,LHR32D,2
2025-07-30 08:00:00.000,LHR32D,1
2025-07-30 09:00:00.000,LHR32D,1
2025-07-30 10:00:00.000,LHR32D,1
2025-07-30 11:00:00.000,LHR32D,2
2025-07-30 12:00:00.000,LHR32D,1
2025-07-30 14:00:00.000,LHR32D,1
2025-07-31 07:00:00.000,LHR32D,2
2025-07-31 09:00:00.000,LHR32D,1
2025-07-31 15:00:00.000,LHR32D,1
2025-07-31 16:00:00.000,LHR32D,2
2025-07-31 17:00:00.000,LHR32D,2
2025-08-01 08:00:00.000,LHR32D,4
2025-08-01 09:00:00.000,LHR32D,1
2025-08-01 10:00:00.000,LHR32D,1
2025-08-01 12:00:00.000,LHR32D,1
2025-08-01 15:00:00.000,LHR32D,1
2025-08-02 07:00:00.000,LHR32D,1
2025-08-02 08:00:00.000,LHR32D,4
2025-08-02 09:00:00.000,LHR32D,2
2025-08-02 13:00:00.000,LHR32D,1
2025-08-02 15:00:00.000,LHR32D,2
2025-08-03 05:00:00.000,LHR32D,2
2025-08-03 10:00:00.000,LHR32D,1
2025-08-03 11:00:00.000,LHR32D,2
2025-08-03 13:00:00.000,LHR32D,4
2025-08-03 14:00:00.000,LHR32D,1
2025-08-04 06:00:00.000,LHR32D,3
2025-08-04 08:00:00.000,LHR32D,9
2025-08-04 14:00:00.000,LHR32D,2
2025-08-04 20:00:00.000,LHR32D,3
2025-08-05 08:00:00.000,LHR32D,1
2025-08-05 12:00:00.000,LHR32D,1
2025-08-05 13:00:00.000,LHR32D,2
2025-08-05 20:00:00.000,LHR32D,1
2025-08-06 08:00:00.000,LHR32D,3
2025-08-06 13:00:00.000,LHR32D,2
2025-08-06 14:00:00.000,LHR32D,1
2025-08-06 17:00:00.000,LHR32D,2
2025-08-06 18:00:00.000,LHR32D,1
2025-08-06 21:00:00.000,LHR32D,2
2025-08-07 07:00:00.000,LHR32D,3
2025-08-07 16:00:00.000,LHR32D,3
2025-08-07 17:00:00.000,LHR32D,1
2025-08-08 08:00:00.000,LHR32D,2
2025-08-08 11:00:00.000,LHR32D,3
2025-08-08 12:00:00.000,LHR32D,1
2025-08-08 16:00:00.000,LHR32D,1
2025-08-08 17:00:00.000,LHR32D,2
2025-08-08 18:00:00.000,LHR32D,2
2025-08-09 05:00:00.000,LHR32D,1
2025-08-09 18:00:00.000,LHR32D,1
2025-08-09 19:00:00.000,LHR32D,1
2025-08-10 07:00:00.000,LHR32D,1
2025-08-10 09:00:00.000,LHR32D,4
2025-08-10 13:00:00.000,LHR32D,1
2025-08-10 14:00:00.000,LHR32D,1
2025-08-10 17:00:00.000,LHR32D,2
2025-08-10 20:00:00.000,LHR32D,2
2025-08-11 08:00:00.000,LHR32D,1
2025-08-11 09:00:00.000,LHR32D,1
2025-08-11 14:00:00.000,LHR32D,5
2025-08-11 17:00:00.000,LHR32D,2
2025-08-11 18:00:00.000,LHR32D,4
2025-08-11 19:00:00.000,LHR32D,1
2025-08-12 07:00:00.000,LHR32D,2
2025-08-12 08:00:00.000,LHR32D,1
2025-08-12 09:00:00.000,LHR32D,3
2025-08-12 11:00:00.000,LHR32D,1
2025-08-12 14:00:00.000,LHR32D,9
2025-08-12 15:00:00.000,LHR32D,1
2025-08-12 19:00:00.000,LHR32D,1
2025-08-13 13:00:00.000,LHR32D,1
2025-08-13 15:00:00.000,LHR32D,1
2025-08-14 08:00:00.000,LHR32D,1
2025-08-14 13:00:00.000,LHR32D,1
2025-08-14 14:00:00.000,LHR32D,1
2025-08-14 15:00:00.000,LHR32D,1
2025-08-14 16:00:00.000,LHR32D,3
2025-08-14 17:00:00.000,LHR32D,3
2025-08-15 08:00:00.000,LHR32D,1
2025-08-15 12:00:00.000,LHR32D,3
2025-08-15 14:00:00.000,LHR32D,7
2025-08-15 16:00:00.000,LHR32D,4
2025-08-15 20:00:00.000,LHR32D,1
2025-08-16 05:00:00.000,LHR32D,1
2025-08-16 08:00:00.000,LHR32D,2
2025-08-16 11:00:00.000,LHR32D,3
2025-08-16 12:00:00.000,LHR32D,2
2025-08-16 13:00:00.000,LHR32D,4
2025-08-16 14:00:00.000,LHR32D,2
2025-08-16 17:00:00.000,LHR32D,1
2025-08-16 18:00:00.000,LHR32D,1
2025-08-16 19:00:00.000,LHR32D,1
2025-08-17 09:00:00.000,LHR32D,4
2025-08-17 14:00:00.000,LHR32D,7
2025-08-17 15:00:00.000,LHR32D,3
2025-08-17 16:00:00.000,LHR32D,2
2025-08-17 18:00:00.000,LHR32D,1
2025-08-17 19:00:00.000,LHR32D,2
2025-08-17 20:00:00.000,LHR32D,2
2025-08-18 08:00:00.000,LHR32D,6
2025-08-18 13:00:00.000,LHR32D,2
2025-08-18 14:00:00.000,LHR32D,1
2025-08-18 19:00:00.000,LHR32D,2
2025-08-19 07:00:00.000,LHR32D,1
2025-08-19 09:00:00.000,LHR32D,2
2025-08-19 12:00:00.000,LHR32D,1
2025-08-19 17:00:00.000,LHR32D,1
2025-08-19 18:00:00.000,LHR32D,1
2025-08-19 19:00:00.000,LHR32D,1
2025-08-20 07:00:00.000,LHR32D,4
2025-08-20 08:00:00.000,LHR32D,2
2025-08-20 09:00:00.000,LHR32D,1
2025-08-20 12:00:00.000,LHR32D,1
2025-08-20 15:00:00.000,LHR32D,3
2025-08-20 16:00:00.000,LHR32D,5
2025-08-20 17:00:00.000,LHR32D,1
2025-08-21 06:00:00.000,LHR32D,3
2025-08-21 11:00:00.000,LHR32D,1
2025-08-21 15:00:00.000,LHR32D,2
2025-08-21 16:00:00.000,LHR32D,1
2025-08-22 08:00:00.000,LHR32D,3
2025-08-22 09:00:00.000,LHR32D,4
2025-08-22 14:00:00.000,LHR32D,2
2025-08-22 16:00:00.000,LHR32D,1
2025-08-22 17:00:00.000,LHR32D,2
2025-08-23 05:00:00.000,LHR32D,2
2025-08-23 06:00:00.000,LHR32D,1
2025-08-23 08:00:00.000,LHR32D,4
2025-08-23 12:00:00.000,LHR32D,2
2025-08-23 13:00:00.000,LHR32D,1
2025-08-23 15:00:00.000,LHR32D,2
2025-08-23 17:00:00.000,LHR32D,3
2025-08-23 19:00:00.000,LHR32D,2
2025-08-24 05:00:00.000,LHR32D,2
2025-08-24 06:00:00.000,LHR32D,1
2025-08-24 08:00:00.000,LHR32D,2
2025-08-24 09:00:00.000,LHR32D,1
2025-08-24 11:00:00.000,LHR32D,2
2025-08-24 13:00:00.000,LHR32D,1
2025-08-24 16:00:00.000,LHR32D,5
2025-08-24 19:00:00.000,LHR32D,3
2025-08-25 07:00:00.000,LHR32D,2
2025-08-25 08:00:00.000,LHR32D,1
2025-08-25 10:00:00.000,LHR32D,4
2025-08-25 18:00:00.000,LHR32D,1
2025-08-26 17:00:00.000,LHR32D,1
2025-08-26 18:00:00.000,LHR32D,1
2025-08-27 07:00:00.000,LHR32D,1
2025-08-27 09:00:00.000,LHR32D,2
2025-08-27 10:00:00.000,LHR32D,1
2025-08-27 12:00:00.000,LHR32D,2
2025-08-28 08:00:00.000,LHR32D,3
2025-08-28 12:00:00.000,LHR32D,1
2025-08-28 13:00:00.000,LHR32D,1
2025-08-28 16:00:00.000,LHR32D,1
2025-08-28 17:00:00.000,LHR32D,1
2025-08-29 07:00:00.000,LHR32D,2
2025-08-29 08:00:00.000,LHR32D,2
2025-08-29 09:00:00.000,LHR32D,3
2025-08-29 16:00:00.000,LHR32D,2
2025-08-29 18:00:00.000,LHR32D,2
2025-08-30 08:00:00.000,LHR32D,1
2025-08-30 15:00:00.000,LHR32D,3
2025-08-30 20:00:00.000,LHR32D,2
2025-08-31 12:00:00.000,LHR32D,2
2025-08-31 14:00:00.000,LHR32D,1
2025-09-01 17:00:00.000,LHR32D,1
2025-09-02 07:00:00.000,LHR32D,1
2025-09-02 12:00:00.000,LHR32D,1
2025-09-02 14:00:00.000,LHR32D,1
2025-09-02 17:00:00.000,LHR32D,4
2025-09-02 20:00:00.000,LHR32D,1
2025-09-03 08:00:00.000,LHR32D,2
2025-09-03 15:00:00.000,LHR32D,1
2025-09-03 16:00:00.000,LHR32D,1
2025-09-03 17:00:00.000,LHR32D,1
2025-09-04 08:00:00.000,LHR32D,2
2025-09-04 14:00:00.000,LHR32D,2
2025-09-04 16:00:00.000,LHR32D,1
2025-09-05 06:00:00.000,LHR32D,1
2025-09-05 11:00:00.000,LHR32D,1
2025-09-05 12:00:00.000,LHR32D,2
2025-09-05 14:00:00.000,LHR32D,2
2025-09-05 15:00:00.000,LHR32D,2
2025-09-06 10:00:00.000,LHR32D,3
2025-09-06 13:00:00.000,LHR32D,1
2025-09-06 16:00:00.000,LHR32D,1
2025-09-06 17:00:00.000,LHR32D,4
2025-09-06 19:00:00.000,LHR32D,2
2025-09-07 12:00:00.000,LHR32D,1
2025-09-07 13:00:00.000,LHR32D,2
2025-09-07 14:00:00.000,LHR32D,2
2025-09-07 17:00:00.000,LHR32D,1
2025-09-08 06:00:00.000,LHR32D,4
2025-09-08 08:00:00.000,LHR32D,1
2025-09-08 17:00:00.000,LHR32D,2
2025-09-08 19:00:00.000,LHR32D,1
2025-09-09 17:00:00.000,LHR32D,1
2025-09-09 18:00:00.000,LHR32D,1
2025-09-10 10:00:00.000,LHR32D,1
2025-09-10 14:00:00.000,LHR32D,2
2025-09-10 15:00:00.000,LHR32D,1
2025-09-10 18:00:00.000,LHR32D,2
2025-09-10 20:00:00.000,LHR32D,2
2025-09-11 09:00:00.000,LHR32D,3
2025-09-11 15:00:00.000,LHR32D,2
2025-09-11 17:00:00.000,LHR32D,1
2025-09-11 18:00:00.000,LHR32D,3
2025-09-11 19:00:00.000,LHR32D,1
2025-09-12 08:00:00.000,LHR32D,1
2025-09-12 12:00:00.000,LHR32D,11
2025-09-12 15:00:00.000,LHR32D,1
2025-09-12 16:00:00.000,LHR32D,2
2025-09-12 17:00:00.000,LHR32D,2
2025-09-12 19:00:00.000,LHR32D,5
2025-09-13 07:00:00.000,LHR32D,3
2025-09-13 12:00:00.000,LHR32D,2
2025-09-13 15:00:00.000,LHR32D,1
2025-09-13 18:00:00.000,LHR32D,1
2025-09-13 19:00:00.000,LHR32D,3
2025-09-14 05:00:00.000,LHR32D,1
2025-09-14 10:00:00.000,LHR32D,2
2025-09-14 11:00:00.000,LHR32D,1
2025-09-14 12:00:00.000,LHR32D,2
2025-09-14 16:00:00.000,LHR32D,4
2025-09-14 19:00:00.000,LHR32D,1
2025-09-15 09:00:00.000,LHR32D,1
2025-09-15 11:00:00.000,LHR32D,2
2025-09-15 14:00:00.000,LHR32D,2
2025-09-15 15:00:00.000,LHR32D,4
2025-09-16 07:00:00.000,LHR32D,1
2025-09-16 08:00:00.000,LHR32D,2
2025-09-16 15:00:00.000,LHR32D,1
2025-09-16 19:00:00.000,LHR32D,2
2025-09-17 12:00:00.000,LHR32D,2
2025-09-17 14:00:00.000,LHR32D,1
2025-09-17 18:00:00.000,LHR32D,2
2025-09-18 12:00:00.000,LHR32D,2
2025-09-18 15:00:00.000,LHR32D,1
2025-09-19 07:00:00.000,LHR32D,1
2025-09-19 19:00:00.000,LHR32D,1
2025-09-20 09:00:00.000,LHR32D,1
2025-09-20 12:00:00.000,LHR32D,3
2025-09-20 16:00:00.000,LHR32D,4
2025-09-20 18:00:00.000,LHR32D,4
2025-09-21 07:00:00.000,LHR32D,4
2025-09-21 08:00:00.000,LHR32D,2
2025-09-21 09:00:00.000,LHR32D,1
2025-09-21 11:00:00.000,LHR32D,2
2025-09-21 13:00:00.000,LHR32D,2
2025-09-21 16:00:00.000,LHR32D,2
2025-09-21 17:00:00.000,LHR32D,4
2025-09-21 18:00:00.000,LHR32D,2
2025-09-21 19:00:00.000,LHR32D,4
2025-09-22 08:00:00.000,LHR32D,2
2025-09-22 12:00:00.000,LHR32D,1
2025-09-22 13:00:00.000,LHR32D,4
2025-09-22 15:00:00.000,LHR32D,1
2025-09-22 18:00:00.000,LHR32D,2
2025-09-23 13:00:00.000,LHR32D,1
2025-09-24 08:00:00.000,LHR32D,3
2025-09-24 17:00:00.000,LHR32D,1
2025-09-25 06:00:00.000,LHR32D,2
2025-09-25 15:00:00.000,LHR32D,2
2025-09-25 17:00:00.000,LHR32D,1
2025-09-25 20:00:00.000,LHR32D,1
2025-09-26 08:00:00.000,LHR32D,3
2025-09-26 10:00:00.000,LHR32D,1
2025-09-26 15:00:00.000,LHR32D,1
2025-09-26 16:00:00.000,LHR32D,1
2025-09-26 17:00:00.000,LHR32D,4
2025-09-26 19:00:00.000,LHR32D,2
2025-09-27 10:00:00.000,LHR32D,1
2025-09-27 12:00:00.000,LHR32D,4
2025-09-27 15:00:00.000,LHR32D,3
2025-09-27 16:00:00.000,LHR32D,1
2025-09-27 19:00:00.000,LHR32D,3
2025-09-28 09:00:00.000,LHR32D,3
2025-09-28 14:00:00.000,LHR32D,1
2025-09-28 17:00:00.000,LHR32D,6
2025-09-29 07:00:00.000,LHR32D,1
2025-09-29 12:00:00.000,LHR32D,2
2025-09-29 15:00:00.000,LHR32D,1
2025-09-29 18:00:00.000,LHR32D,1
2025-09-29 19:00:00.000,LHR32D,2
2025-09-30 07:00:00.000,LHR32D,1
2025-09-30 08:00:00.000,LHR32D,1
2025-09-30 12:00:00.000,LHR32D,1
2025-09-30 15:00:00.000,LHR32D,1
2025-09-30 16:00:00.000,LHR32D,6
2025-09-30 17:00:00.000,LHR32D,4
2025-09-30 18:00:00.000,LHR32D,1
2025-09-30 19:00:00.000,LHR32D,2
2025-07-01 05:00:00.000,LHR33,22
2025-07-01 06:00:00.000,LHR33,18
2025-07-01 07:00:00.000,LHR33,43
2025-07-01 08:00:00.000,LHR33,31
2025-07-01 09:00:00.000,LHR33,25
2025-07-01 10:00:00.000,LHR33,13
2025-07-01 11:00:00.000,LHR33,22
2025-07-01 12:00:00.000,LHR33,27
2025-07-01 13:00:00.000,LHR33,19
2025-07-01 14:00:00.000,LHR33,15
2025-07-01 15:00:00.000,LHR33,26
2025-07-01 16:00:00.000,LHR33,27
2025-07-01 17:00:00.000,LHR33,24
2025-07-01 18:00:00.000,LHR33,13
2025-07-01 19:00:00.000,LHR33,23
2025-07-01 20:00:00.000,LHR33,9
2025-07-02 05:00:00.000,LHR33,16
2025-07-02 06:00:00.000,LHR33,31
2025-07-02 07:00:00.000,LHR33,22
2025-07-02 08:00:00.000,LHR33,42
2025-07-02 09:00:00.000,LHR33,38
2025-07-02 10:00:00.000,LHR33,34
2025-07-02 11:00:00.000,LHR33,34
2025-07-02 12:00:00.000,LHR33,27
2025-07-02 13:00:00.000,LHR33,18
2025-07-02 14:00:00.000,LHR33,37
2025-07-02 15:00:00.000,LHR33,12
2025-07-02 16:00:00.000,LHR33,25
2025-07-02 17:00:00.000,LHR33,15
2025-07-02 18:00:00.000,LHR33,22
2025-07-02 19:00:00.000,LHR33,17
2025-07-02 20:00:00.000,LHR33,7
2025-07-03 05:00:00.000,LHR33,28
2025-07-03 06:00:00.000,LHR33,29
2025-07-03 07:00:00.000,LHR33,25
2025-07-03 08:00:00.000,LHR33,33
2025-07-03 09:00:00.000,LHR33,41
2025-07-03 10:00:00.000,LHR33,38
2025-07-03 11:00:00.000,LHR33,19
2025-07-03 12:00:00.000,LHR33,34
2025-07-03 13:00:00.000,LHR33,51
2025-07-03 14:00:00.000,LHR33,27
2025-07-03 15:00:00.000,LHR33,30
2025-07-03 16:00:00.000,LHR33,21
2025-07-03 17:00:00.000,LHR33,24
2025-07-03 18:00:00.000,LHR33,24
2025-07-03 19:00:00.000,LHR33,16
2025-07-03 20:00:00.000,LHR33,9
2025-07-04 05:00:00.000,LHR33,53
2025-07-04 06:00:00.000,LHR33,28
2025-07-04 07:00:00.000,LHR33,26
2025-07-04 08:00:00.000,LHR33,30
2025-07-04 09:00:00.000,LHR33,35
2025-07-04 10:00:00.000,LHR33,45
2025-07-04 11:00:00.000,LHR33,28
2025-07-04 12:00:00.000,LHR33,39
2025-07-04 13:00:00.000,LHR33,39
2025-07-04 14:00:00.000,LHR33,36
2025-07-04 15:00:00.000,LHR33,40
2025-07-04 16:00:00.000,LHR33,25
2025-07-04 17:00:00.000,LHR33,39
2025-07-04 18:00:00.000,LHR33,35
2025-07-04 19:00:00.000,LHR33,35
2025-07-04 20:00:00.000,LHR33,7
2025-07-05 05:00:00.000,LHR33,40
2025-07-05 06:00:00.000,LHR33,10
2025-07-05 07:00:00.000,LHR33,20
2025-07-05 08:00:00.000,LHR33,26
2025-07-05 09:00:00.000,LHR33,40
2025-07-05 10:00:00.000,LHR33,44
2025-07-05 11:00:00.000,LHR33,46
2025-07-05 12:00:00.000,LHR33,32
2025-07-05 13:00:00.000,LHR33,28
2025-07-05 14:00:00.000,LHR33,33
2025-07-05 15:00:00.000,LHR33,27
2025-07-05 16:00:00.000,LHR33,24
2025-07-05 17:00:00.000,LHR33,48
2025-07-05 18:00:00.000,LHR33,34
2025-07-05 19:00:00.000,LHR33,16
2025-07-05 20:00:00.000,LHR33,17
2025-07-06 05:00:00.000,LHR33,43
2025-07-06 06:00:00.000,LHR33,23
2025-07-06 07:00:00.000,LHR33,40
2025-07-06 08:00:00.000,LHR33,47
2025-07-06 09:00:00.000,LHR33,29
2025-07-06 10:00:00.000,LHR33,35
2025-07-06 11:00:00.000,LHR33,46
2025-07-06 12:00:00.000,LHR33,16
2025-07-06 13:00:00.000,LHR33,50
2025-07-06 14:00:00.000,LHR33,14
2025-07-06 15:00:00.000,LHR33,27
2025-07-06 16:00:00.000,LHR33,28
2025-07-06 17:00:00.000,LHR33,37
2025-07-06 18:00:00.000,LHR33,25
2025-07-06 19:00:00.000,LHR33,32
2025-07-06 20:00:00.000,LHR33,7
2025-07-07 00:00:00.000,LHR33,2
2025-07-07 05:00:00.000,LHR33,55
2025-07-07 06:00:00.000,LHR33,50
2025-07-07 07:00:00.000,LHR33,43
2025-07-07 08:00:00.000,LHR33,64
2025-07-07 09:00:00.000,LHR33,44
2025-07-07 10:00:00.000,LHR33,46
2025-07-07 11:00:00.000,LHR33,42
2025-07-07 12:00:00.000,LHR33,26
2025-07-07 13:00:00.000,LHR33,40
2025-07-07 14:00:00.000,LHR33,33
2025-07-07 15:00:00.000,LHR33,40
2025-07-07 16:00:00.000,LHR33,36
2025-07-07 17:00:00.000,LHR33,28
2025-07-07 18:00:00.000,LHR33,19
2025-07-07 19:00:00.000,LHR33,27
2025-07-07 20:00:00.000,LHR33,8
2025-07-08 00:00:00.000,LHR33,2
2025-07-08 05:00:00.000,LHR33,30
2025-07-08 06:00:00.000,LHR33,37
2025-07-08 07:00:00.000,LHR33,48
2025-07-08 08:00:00.000,LHR33,30
2025-07-08 09:00:00.000,LHR33,25
2025-07-08 10:00:00.000,LHR33,26
2025-07-08 11:00:00.000,LHR33,24
2025-07-08 12:00:00.000,LHR33,36
2025-07-08 13:00:00.000,LHR33,31
2025-07-08 14:00:00.000,LHR33,23
2025-07-08 15:00:00.000,LHR33,21
2025-07-08 16:00:00.000,LHR33,25
2025-07-08 17:00:00.000,LHR33,24
2025-07-08 18:00:00.000,LHR33,37
2025-07-08 19:00:00.000,LHR33,19
2025-07-08 20:00:00.000,LHR33,13
2025-07-09 05:00:00.000,LHR33,21
2025-07-09 06:00:00.000,LHR33,24
2025-07-09 07:00:00.000,LHR33,34
2025-07-09 08:00:00.000,LHR33,30
2025-07-09 09:00:00.000,LHR33,40
2025-07-09 10:00:00.000,LHR33,30
2025-07-09 11:00:00.000,LHR33,40
2025-07-09 12:00:00.000,LHR33,34
2025-07-09 13:00:00.000,LHR33,30
2025-07-09 14:00:00.000,LHR33,37
2025-07-09 15:00:00.000,LHR33,27
2025-07-09 16:00:00.000,LHR33,24
2025-07-09 17:00:00.000,LHR33,28
2025-07-09 18:00:00.000,LHR33,16
2025-07-09 19:00:00.000,LHR33,23
2025-07-09 20:00:00.000,LHR33,1
2025-07-10 05:00:00.000,LHR33,31
2025-07-10 06:00:00.000,LHR33,24
2025-07-10 07:00:00.000,LHR33,33
2025-07-10 08:00:00.000,LHR33,19
2025-07-10 09:00:00.000,LHR33,34
2025-07-10 10:00:00.000,LHR33,43
2025-07-10 11:00:00.000,LHR33,30
2025-07-10 12:00:00.000,LHR33,34
2025-07-10 13:00:00.000,LHR33,28
2025-07-10 14:00:00.000,LHR33,17
2025-07-10 15:00:00.000,LHR33,21
2025-07-10 16:00:00.000,LHR33,19
2025-07-10 17:00:00.000,LHR33,39
2025-07-10 18:00:00.000,LHR33,32
2025-07-10 19:00:00.000,LHR33,32
2025-07-10 20:00:00.000,LHR33,17
2025-07-11 05:00:00.000,LHR33,43
2025-07-11 06:00:00.000,LHR33,36
2025-07-11 07:00:00.000,LHR33,33
2025-07-11 08:00:00.000,LHR33,27
2025-07-11 09:00:00.000,LHR33,48
2025-07-11 10:00:00.000,LHR33,29
2025-07-11 11:00:00.000,LHR33,39
2025-07-11 12:00:00.000,LHR33,33
2025-07-11 13:00:00.000,LHR33,34
2025-07-11 14:00:00.000,LHR33,20
2025-07-11 15:00:00.000,LHR33,30
2025-07-11 16:00:00.000,LHR33,33
2025-07-11 17:00:00.000,LHR33,15
2025-07-11 18:00:00.000,LHR33,35
2025-07-11 19:00:00.000,LHR33,28
2025-07-11 20:00:00.000,LHR33,13
2025-07-12 05:00:00.000,LHR33,26
2025-07-12 06:00:00.000,LHR33,35
2025-07-12 07:00:00.000,LHR33,34
2025-07-12 08:00:00.000,LHR33,58
2025-07-12 09:00:00.000,LHR33,48
2025-07-12 10:00:00.000,LHR33,30
2025-07-12 11:00:00.000,LHR33,24
2025-07-12 12:00:00.000,LHR33,30
2025-07-12 13:00:00.000,LHR33,15
2025-07-12 14:00:00.000,LHR33,33
2025-07-12 15:00:00.000,LHR33,18
2025-07-12 16:00:00.000,LHR33,25
2025-07-12 17:00:00.000,LHR33,10
2025-07-12 18:00:00.000,LHR33,28
2025-07-12 19:00:00.000,LHR33,24
2025-07-12 20:00:00.000,LHR33,9
2025-07-13 05:00:00.000,LHR33,21
2025-07-13 06:00:00.000,LHR33,9
2025-07-13 07:00:00.000,LHR33,23
2025-07-13 08:00:00.000,LHR33,38
2025-07-13 09:00:00.000,LHR33,51
2025-07-13 10:00:00.000,LHR33,45
2025-07-13 11:00:00.000,LHR33,26
2025-07-13 12:00:00.000,LHR33,28
2025-07-13 13:00:00.000,LHR33,28
2025-07-13 14:00:00.000,LHR33,35
2025-07-13 15:00:00.000,LHR33,44
2025-07-13 16:00:00.000,LHR33,31
2025-07-13 17:00:00.000,LHR33,32
2025-07-13 18:00:00.000,LHR33,27
2025-07-13 19:00:00.000,LHR33,36
2025-07-13 20:00:00.000,LHR33,8
2025-07-14 00:00:00.000,LHR33,1
2025-07-14 05:00:00.000,LHR33,20
2025-07-14 06:00:00.000,LHR33,40
2025-07-14 07:00:00.000,LHR33,34
2025-07-14 08:00:00.000,LHR33,18
2025-07-14 09:00:00.000,LHR33,40
2025-07-14 10:00:00.000,LHR33,33
2025-07-14 11:00:00.000,LHR33,34
2025-07-14 12:00:00.000,LHR33,39
2025-07-14 13:00:00.000,LHR33,18
2025-07-14 14:00:00.000,LHR33,29
2025-07-14 15:00:00.000,LHR33,23
2025-07-14 16:00:00.000,LHR33,29
2025-07-14 17:00:00.000,LHR33,22
2025-07-14 18:00:00.000,LHR33,24
2025-07-14 19:00:00.000,LHR33,25
2025-07-14 20:00:00.000,LHR33,4
2025-07-15 05:00:00.000,LHR33,30
2025-07-15 06:00:00.000,LHR33,48
2025-07-15 07:00:00.000,LHR33,21
2025-07-15 08:00:00.000,LHR33,30
2025-07-15 09:00:00.000,LHR33,39
2025-07-15 10:00:00.000,LHR33,37
2025-07-15 11:00:00.000,LHR33,16
2025-07-15 12:00:00.000,LHR33,26
2025-07-15 13:00:00.000,LHR33,38
2025-07-15 14:00:00.000,LHR33,33
2025-07-15 15:00:00.000,LHR33,19
2025-07-15 16:00:00.000,LHR33,25
2025-07-15 17:00:00.000,LHR33,15
2025-07-15 18:00:00.000,LHR33,32
2025-07-15 19:00:00.000,LHR33,22
2025-07-15 20:00:00.000,LHR33,8
2025-07-16 05:00:00.000,LHR33,27
2025-07-16 06:00:00.000,LHR33,31
2025-07-16 07:00:00.000,LHR33,38
2025-07-16 08:00:00.000,LHR33,29
2025-07-16 09:00:00.000,LHR33,56
2025-07-16 10:00:00.000,LHR33,24
2025-07-16 11:00:00.000,LHR33,28
2025-07-16 12:00:00.000,LHR33,23
2025-07-16 13:00:00.000,LHR33,50
2025-07-16 14:00:00.000,LHR33,39
2025-07-16 15:00:00.000,LHR33,20
2025-07-16 16:00:00.000,LHR33,33
2025-07-16 17:00:00.000,LHR33,26
2025-07-16 18:00:00.000,LHR33,25
2025-07-16 19:00:00.000,LHR33,31
2025-07-16 20:00:00.000,LHR33,1
2025-07-17 00:00:00.000,LHR33,2
2025-07-17 05:00:00.000,LHR33,29
2025-07-17 06:00:00.000,LHR33,37
2025-07-17 07:00:00.000,LHR33,32
2025-07-17 08:00:00.000,LHR33,24
2025-07-17 09:00:00.000,LHR33,28
2025-07-17 10:00:00.000,LHR33,27
2025-07-17 11:00:00.000,LHR33,24
2025-07-17 12:00:00.000,LHR33,25
2025-07-17 13:00:00.000,LHR33,32
2025-07-17 14:00:00.000,LHR33,15
2025-07-17 15:00:00.000,LHR33,24
2025-07-17 16:00:00.000,LHR33,35
2025-07-17 17:00:00.000,LHR33,29
2025-07-17 18:00:00.000,LHR33,27
2025-07-17 19:00:00.000,LHR33,9
2025-07-17 20:00:00.000,LHR33,7
2025-07-18 05:00:00.000,LHR33,45
2025-07-18 06:00:00.000,LHR33,36
2025-07-18 07:00:00.000,LHR33,32
2025-07-18 08:00:00.000,LHR33,38
2025-07-18 09:00:00.000,LHR33,40
2025-07-18 10:00:00.000,LHR33,42
2025-07-18 11:00:00.000,LHR33,20
2025-07-18 12:00:00.000,LHR33,39
2025-07-18 13:00:00.000,LHR33,18
2025-07-18 14:00:00.000,LHR33,16
2025-07-18 15:00:00.000,LHR33,25
2025-07-18 16:00:00.000,LHR33,24
2025-07-18 17:00:00.000,LHR33,28
2025-07-18 18:00:00.000,LHR33,15
2025-07-18 19:00:00.000,LHR33,27
2025-07-18 20:00:00.000,LHR33,3
2025-07-19 05:00:00.000,LHR33,33
2025-07-19 06:00:00.000,LHR33,29
2025-07-19 07:00:00.000,LHR33,29
2025-07-19 08:00:00.000,LHR33,34
2025-07-19 09:00:00.000,LHR33,34
2025-07-19 10:00:00.000,LHR33,25
2025-07-19 11:00:00.000,LHR33,22
2025-07-19 12:00:00.000,LHR33,25
2025-07-19 13:00:00.000,LHR33,17
2025-07-19 14:00:00.000,LHR33,29
2025-07-19 15:00:00.000,LHR33,28
2025-07-19 16:00:00.000,LHR33,21
2025-07-19 17:00:00.000,LHR33,30
2025-07-19 18:00:00.000,LHR33,16
2025-07-19 19:00:00.000,LHR33,22
2025-07-19 20:00:00.000,LHR33,9
2025-07-20 05:00:00.000,LHR33,17
2025-07-20 06:00:00.000,LHR33,21
2025-07-20 07:00:00.000,LHR33,34
2025-07-20 08:00:00.000,LHR33,29
2025-07-20 09:00:00.000,LHR33,36
2025-07-20 10:00:00.000,LHR33,33
2025-07-20 11:00:00.000,LHR33,27
2025-07-20 12:00:00.000,LHR33,32
2025-07-20 13:00:00.000,LHR33,21
2025-07-20 14:00:00.000,LHR33,26
2025-07-20 15:00:00.000,LHR33,14
2025-07-20 16:00:00.000,LHR33,26
2025-07-20 17:00:00.000,LHR33,27
2025-07-20 18:00:00.000,LHR33,28
2025-07-20 19:00:00.000,LHR33,17
2025-07-20 20:00:00.000,LHR33,6
2025-07-21 00:00:00.000,LHR33,5
2025-07-21 05:00:00.000,LHR33,13
2025-07-21 06:00:00.000,LHR33,27
2025-07-21 07:00:00.000,LHR33,24
2025-07-21 08:00:00.000,LHR33,25
2025-07-21 09:00:00.000,LHR33,46
2025-07-21 10:00:00.000,LHR33,41
2025-07-21 11:00:00.000,LHR33,48
2025-07-21 12:00:00.000,LHR33,28
2025-07-21 13:00:00.000,LHR33,31
2025-07-21 14:00:00.000,LHR33,22
2025-07-21 15:00:00.000,LHR33,19
2025-07-21 16:00:00.000,LHR33,34
2025-07-21 17:00:00.000,LHR33,30
2025-07-21 18:00:00.000,LHR33,27
2025-07-21 19:00:00.000,LHR33,19
2025-07-21 20:00:00.000,LHR33,5
2025-07-22 00:00:00.000,LHR33,1
2025-07-22 05:00:00.000,LHR33,19
2025-07-22 06:00:00.000,LHR33,18
2025-07-22 07:00:00.000,LHR33,32
2025-07-22 08:00:00.000,LHR33,40
2025-07-22 09:00:00.000,LHR33,35
2025-07-22 10:00:00.000,LHR33,22
2025-07-22 11:00:00.000,LHR33,31
2025-07-22 12:00:00.000,LHR33,24
2025-07-22 13:00:00.000,LHR33,41
2025-07-22 14:00:00.000,LHR33,29
2025-07-22 15:00:00.000,LHR33,15
2025-07-22 16:00:00.000,LHR33,28
2025-07-22 17:00:00.000,LHR33,29
2025-07-22 18:00:00.000,LHR33,26
2025-07-22 19:00:00.000,LHR33,14
2025-07-22 20:00:00.000,LHR33,3
2025-07-23 05:00:00.000,LHR33,8
2025-07-23 06:00:00.000,LHR33,39
2025-07-23 07:00:00.000,LHR33,25
2025-07-23 08:00:00.000,LHR33,40
2025-07-23 09:00:00.000,LHR33,36
2025-07-23 10:00:00.000,LHR33,27
2025-07-23 11:00:00.000,LHR33,30
2025-07-23 12:00:00.000,LHR33,24
2025-07-23 13:00:00.000,LHR33,17
2025-07-23 14:00:00.000,LHR33,18
2025-07-23 15:00:00.000,LHR33,17
2025-07-23 16:00:00.000,LHR33,22
2025-07-23 17:00:00.000,LHR33,21
2025-07-23 18:00:00.000,LHR33,39
2025-07-23 19:00:00.000,LHR33,24
2025-07-23 20:00:00.000,LHR33,4
2025-07-24 00:00:00.000,LHR33,1
2025-07-24 05:00:00.000,LHR33,21
2025-07-24 06:00:00.000,LHR33,35
2025-07-24 07:00:00.000,LHR33,28
2025-07-24 08:00:00.000,LHR33,15
2025-07-24 09:00:00.000,LHR33,40
2025-07-24 10:00:00.000,LHR33,42
2025-07-24 11:00:00.000,LHR33,22
2025-07-24 12:00:00.000,LHR33,43
2025-07-24 13:00:00.000,LHR33,20
2025-07-24 14:00:00.000,LHR33,30
2025-07-24 15:00:00.000,LHR33,29
2025-07-24 16:00:00.000,LHR33,13
2025-07-24 17:00:00.000,LHR33,20
2025-07-24 18:00:00.000,LHR33,35
2025-07-24 19:00:00.000,LHR33,26
2025-07-24 20:00:00.000,LHR33,7
2025-07-25 05:00:00.000,LHR33,27
2025-07-25 06:00:00.000,LHR33,25
2025-07-25 07:00:00.000,LHR33,21
2025-07-25 08:00:00.000,LHR33,22
2025-07-25 09:00:00.000,LHR33,31
2025-07-25 10:00:00.000,LHR33,34
2025-07-25 11:00:00.000,LHR33,37
2025-07-25 12:00:00.000,LHR33,30
2025-07-25 13:00:00.000,LHR33,21
2025-07-25 14:00:00.000,LHR33,20
2025-07-25 15:00:00.000,LHR33,14
2025-07-25 16:00:00.000,LHR33,30
2025-07-25 17:00:00.000,LHR33,32
2025-07-25 18:00:00.000,LHR33,15
2025-07-25 19:00:00.000,LHR33,20
2025-07-25 20:00:00.000,LHR33,5
2025-07-26 05:00:00.000,LHR33,30
2025-07-26 06:00:00.000,LHR33,24
2025-07-26 07:00:00.000,LHR33,26
2025-07-26 08:00:00.000,LHR33,42
2025-07-26 09:00:00.000,LHR33,46
2025-07-26 10:00:00.000,LHR33,38
2025-07-26 11:00:00.000,LHR33,30
2025-07-26 12:00:00.000,LHR33,22
2025-07-26 13:00:00.000,LHR33,34
2025-07-26 14:00:00.000,LHR33,27
2025-07-26 15:00:00.000,LHR33,12
2025-07-26 16:00:00.000,LHR33,20
2025-07-26 17:00:00.000,LHR33,28
2025-07-26 18:00:00.000,LHR33,6
2025-07-26 19:00:00.000,LHR33,15
2025-07-26 20:00:00.000,LHR33,9
2025-07-27 05:00:00.000,LHR33,12
2025-07-27 06:00:00.000,LHR33,15
2025-07-27 07:00:00.000,LHR33,30
2025-07-27 08:00:00.000,LHR33,41
2025-07-27 09:00:00.000,LHR33,30
2025-07-27 10:00:00.000,LHR33,48
2025-07-27 11:00:00.000,LHR33,33
2025-07-27 12:00:00.000,LHR33,24
2025-07-27 13:00:00.000,LHR33,27
2025-07-27 14:00:00.000,LHR33,25
2025-07-27 15:00:00.000,LHR33,17
2025-07-27 16:00:00.000,LHR33,35
2025-07-27 17:00:00.000,LHR33,30
2025-07-27 18:00:00.000,LHR33,26
2025-07-27 19:00:00.000,LHR33,28
2025-07-27 20:00:00.000,LHR33,4
2025-07-28 05:00:00.000,LHR33,21
2025-07-28 06:00:00.000,LHR33,36
2025-07-28 07:00:00.000,LHR33,20
2025-07-28 08:00:00.000,LHR33,38
2025-07-28 09:00:00.000,LHR33,33
2025-07-28 10:00:00.000,LHR33,21
2025-07-28 11:00:00.000,LHR33,16
2025-07-28 12:00:00.000,LHR33,35
2025-07-28 13:00:00.000,LHR33,30
2025-07-28 14:00:00.000,LHR33,33
2025-07-28 15:00:00.000,LHR33,25
2025-07-28 16:00:00.000,LHR33,16
2025-07-28 17:00:00.000,LHR33,24
2025-07-28 18:00:00.000,LHR33,40
2025-07-28 19:00:00.000,LHR33,37
2025-07-28 20:00:00.000,LHR33,8
2025-07-29 05:00:00.000,LHR33,13
2025-07-29 06:00:00.000,LHR33,25
2025-07-29 07:00:00.000,LHR33,57
2025-07-29 08:00:00.000,LHR33,24
2025-07-29 09:00:00.000,LHR33,42
2025-07-29 10:00:00.000,LHR33,19
2025-07-29 11:00:00.000,LHR33,37
2025-07-29 12:00:00.000,LHR33,29
2025-07-29 13:00:00.000,LHR33,30
2025-07-29 14:00:00.000,LHR33,18
2025-07-29 15:00:00.000,LHR33,16
2025-07-29 16:00:00.000,LHR33,14
2025-07-29 17:00:00.000,LHR33,23
2025-07-29 18:00:00.000,LHR33,29
2025-07-29 19:00:00.000,LHR33,9
2025-07-29 20:00:00.000,LHR33,5
2025-07-30 05:00:00.000,LHR33,21
2025-07-30 06:00:00.000,LHR33,28
2025-07-30 07:00:00.000,LHR33,35
2025-07-30 08:00:00.000,LHR33,41
2025-07-30 09:00:00.000,LHR33,35
2025-07-30 10:00:00.000,LHR33,24
2025-07-30 11:00:00.000,LHR33,20
2025-07-30 12:00:00.000,LHR33,28
2025-07-30 13:00:00.000,LHR33,14
2025-07-30 14:00:00.000,LHR33,29
2025-07-30 15:00:00.000,LHR33,33
2025-07-30 16:00:00.000,LHR33,13
2025-07-30 17:00:00.000,LHR33,26
2025-07-30 18:00:00.000,LHR33,27
2025-07-30 19:00:00.000,LHR33,12
2025-07-30 20:00:00.000,LHR33,7
2025-07-31 05:00:00.000,LHR33,21
2025-07-31 06:00:00.000,LHR33,31
2025-07-31 07:00:00.000,LHR33,19
2025-07-31 08:00:00.000,LHR33,27
2025-07-31 09:00:00.000,LHR33,41
2025-07-31 10:00:00.000,LHR33,27
2025-07-31 11:00:00.000,LHR33,34
2025-07-31 12:00:00.000,LHR33,34
2025-07-31 13:00:00.000,LHR33,27
2025-07-31 14:00:00.000,LHR33,28
2025-07-31 15:00:00.000,LHR33,24
2025-07-31 16:00:00.000,LHR33,27
2025-07-31 17:00:00.000,LHR33,40
2025-07-31 18:00:00.000,LHR33,11
2025-07-31 19:00:00.000,LHR33,25
2025-07-31 20:00:00.000,LHR33,24
2025-08-01 05:00:00.000,LHR33,17
2025-08-01 06:00:00.000,LHR33,33
2025-08-01 07:00:00.000,LHR33,36
2025-08-01 08:00:00.000,LHR33,31
2025-08-01 09:00:00.000,LHR33,30
2025-08-01 10:00:00.000,LHR33,38
2025-08-01 11:00:00.000,LHR33,22
2025-08-01 12:00:00.000,LHR33,31
2025-08-01 13:00:00.000,LHR33,24
2025-08-01 14:00:00.000,LHR33,33
2025-08-01 15:00:00.000,LHR33,26
2025-08-01 16:00:00.000,LHR33,22
2025-08-01 17:00:00.000,LHR33,26
2025-08-01 18:00:00.000,LHR33,22
2025-08-01 19:00:00.000,LHR33,22
2025-08-01 20:00:00.000,LHR33,4
2025-08-02 00:00:00.000,LHR33,2
2025-08-02 05:00:00.000,LHR33,18
2025-08-02 06:00:00.000,LHR33,24
2025-08-02 07:00:00.000,LHR33,44
2025-08-02 08:00:00.000,LHR33,16
2025-08-02 09:00:00.000,LHR33,59
2025-08-02 10:00:00.000,LHR33,44
2025-08-02 11:00:00.000,LHR33,32
2025-08-02 12:00:00.000,LHR33,42
2025-08-02 13:00:00.000,LHR33,29
2025-08-02 14:00:00.000,LHR33,33
2025-08-02 15:00:00.000,LHR33,27
2025-08-02 16:00:00.000,LHR33,12
2025-08-02 17:00:00.000,LHR33,24
2025-08-02 18:00:00.000,LHR33,23
2025-08-02 19:00:00.000,LHR33,26
2025-08-02 20:00:00.000,LHR33,12
2025-08-03 00:00:00.000,LHR33,1
2025-08-03 05:00:00.000,LHR33,11
2025-08-03 06:00:00.000,LHR33,20
2025-08-03 07:00:00.000,LHR33,36
2025-08-03 08:00:00.000,LHR33,35
2025-08-03 09:00:00.000,LHR33,44
2025-08-03 10:00:00.000,LHR33,44
2025-08-03 11:00:00.000,LHR33,33
2025-08-03 12:00:00.000,LHR33,40
2025-08-03 13:00:00.000,LHR33,23
2025-08-03 14:00:00.000,LHR33,29
2025-08-03 15:00:00.000,LHR33,34
2025-08-03 16:00:00.000,LHR33,29
2025-08-03 17:00:00.000,LHR33,33
2025-08-03 18:00:00.000,LHR33,29
2025-08-03 19:00:00.000,LHR33,44
2025-08-03 20:00:00.000,LHR33,1
2025-08-04 05:00:00.000,LHR33,44
2025-08-04 06:00:00.000,LHR33,16
2025-08-04 07:00:00.000,LHR33,32
2025-08-04 08:00:00.000,LHR33,40
2025-08-04 09:00:00.000,LHR33,41
2025-08-04 10:00:00.000,LHR33,49
2025-08-04 11:00:00.000,LHR33,27
2025-08-04 12:00:00.000,LHR33,34
2025-08-04 13:00:00.000,LHR33,33
2025-08-04 14:00:00.000,LHR33,30
2025-08-04 15:00:00.000,LHR33,20
2025-08-04 16:00:00.000,LHR33,36
2025-08-04 17:00:00.000,LHR33,26
2025-08-04 18:00:00.000,LHR33,24
2025-08-04 19:00:00.000,LHR33,13
2025-08-04 20:00:00.000,LHR33,8
2025-08-05 05:00:00.000,LHR33,17
2025-08-05 06:00:00.000,LHR33,27
2025-08-05 07:00:00.000,LHR33,30
2025-08-05 08:00:00.000,LHR33,38
2025-08-05 09:00:00.000,LHR33,18
2025-08-05 10:00:00.000,LHR33,27
2025-08-05 11:00:00.000,LHR33,9
2025-08-05 12:00:00.000,LHR33,23
2025-08-05 13:00:00.000,LHR33,21
2025-08-05 14:00:00.000,LHR33,31
2025-08-05 15:00:00.000,LHR33,19
2025-08-05 16:00:00.000,LHR33,20
2025-08-05 17:00:00.000,LHR33,32
2025-08-05 18:00:00.000,LHR33,26
2025-08-05 19:00:00.000,LHR33,42
2025-08-05 20:00:00.000,LHR33,6
2025-08-06 05:00:00.000,LHR33,35
2025-08-06 06:00:00.000,LHR33,34
2025-08-06 07:00:00.000,LHR33,44
2025-08-06 08:00:00.000,LHR33,25
2025-08-06 09:00:00.000,LHR33,26
2025-08-06 10:00:00.000,LHR33,40
2025-08-06 11:00:00.000,LHR33,31
2025-08-06 12:00:00.000,LHR33,15
2025-08-06 13:00:00.000,LHR33,22
2025-08-06 14:00:00.000,LHR33,15
2025-08-06 15:00:00.000,LHR33,30
2025-08-06 16:00:00.000,LHR33,27
2025-08-06 17:00:00.000,LHR33,22
2025-08-06 18:00:00.000,LHR33,19
2025-08-06 19:00:00.000,LHR33,23
2025-08-06 20:00:00.000,LHR33,6
2025-08-07 05:00:00.000,LHR33,23
2025-08-07 06:00:00.000,LHR33,27
2025-08-07 07:00:00.000,LHR33,31
2025-08-07 08:00:00.000,LHR33,39
2025-08-07 09:00:00.000,LHR33,19
2025-08-07 10:00:00.000,LHR33,22
2025-08-07 11:00:00.000,LHR33,26
2025-08-07 12:00:00.000,LHR33,38
2025-08-07 13:00:00.000,LHR33,23
2025-08-07 14:00:00.000,LHR33,34
2025-08-07 15:00:00.000,LHR33,10
2025-08-07 16:00:00.000,LHR33,31
2025-08-07 17:00:00.000,LHR33,22
2025-08-07 18:00:00.000,LHR33,26
2025-08-07 19:00:00.000,LHR33,24
2025-08-07 20:00:00.000,LHR33,6
2025-08-08 00:00:00.000,LHR33,2
2025-08-08 05:00:00.000,LHR33,19
2025-08-08 06:00:00.000,LHR33,23
2025-08-08 07:00:00.000,LHR33,33
2025-08-08 08:00:00.000,LHR33,46
2025-08-08 09:00:00.000,LHR33,42
2025-08-08 10:00:00.000,LHR33,37
2025-08-08 11:00:00.000,LHR33,35
2025-08-08 12:00:00.000,LHR33,27
2025-08-08 13:00:00.000,LHR33,20
2025-08-08 14:00:00.000,LHR33,60
2025-08-08 15:00:00.000,LHR33,17
2025-08-08 16:00:00.000,LHR33,45
2025-08-08 17:00:00.000,LHR33,28
2025-08-08 18:00:00.000,LHR33,24
2025-08-08 19:00:00.000,LHR33,23
2025-08-08 20:00:00.000,LHR33,15
2025-08-09 00:00:00.000,LHR33,2
2025-08-09 05:00:00.000,LHR33,21
2025-08-09 06:00:00.000,LHR33,20
2025-08-09 07:00:00.000,LHR33,35
2025-08-09 08:00:00.000,LHR33,38
2025-08-09 09:00:00.000,LHR33,39
2025-08-09 10:00:00.000,LHR33,29
2025-08-09 11:00:00.000,LHR33,40
2025-08-09 12:00:00.000,LHR33,30
2025-08-09 13:00:00.000,LHR33,36
2025-08-09 14:00:00.000,LHR33,17
2025-08-09 15:00:00.000,LHR33,19
2025-08-09 16:00:00.000,LHR33,13
2025-08-09 17:00:00.000,LHR33,17
2025-08-09 18:00:00.000,LHR33,24
2025-08-09 19:00:00.000,LHR33,18
2025-08-09 20:00:00.000,LHR33,12
2025-08-10 00:00:00.000,LHR33,4
2025-08-10 05:00:00.000,LHR33,7
2025-08-10 06:00:00.000,LHR33,25
2025-08-10 07:00:00.000,LHR33,51
2025-08-10 08:00:00.000,LHR33,44
2025-08-10 09:00:00.000,LHR33,40
2025-08-10 10:00:00.000,LHR33,42
2025-08-10 11:00:00.000,LHR33,14
2025-08-10 12:00:00.000,LHR33,28
2025-08-10 13:00:00.000,LHR33,31
2025-08-10 14:00:00.000,LHR33,34
2025-08-10 15:00:00.000,LHR33,34
2025-08-10 16:00:00.000,LHR33,37
2025-08-10 17:00:00.000,LHR33,44
2025-08-10 18:00:00.000,LHR33,39
2025-08-10 19:00:00.000,LHR33,29
2025-08-10 20:00:00.000,LHR33,2
2025-08-11 00:00:00.000,LHR33,2
2025-08-11 05:00:00.000,LHR33,15
2025-08-11 06:00:00.000,LHR33,30
2025-08-11 07:00:00.000,LHR33,33
2025-08-11 08:00:00.000,LHR33,34
2025-08-11 09:00:00.000,LHR33,34
2025-08-11 10:00:00.000,LHR33,40
2025-08-11 11:00:00.000,LHR33,20
2025-08-11 12:00:00.000,LHR33,32
2025-08-11 13:00:00.000,LHR33,40
2025-08-11 14:00:00.000,LHR33,24
2025-08-11 15:00:00.000,LHR33,22
2025-08-11 16:00:00.000,LHR33,27
2025-08-11 17:00:00.000,LHR33,17
2025-08-11 18:00:00.000,LHR33,24
2025-08-11 19:00:00.000,LHR33,14
2025-08-11 20:00:00.000,LHR33,2
2025-08-12 05:00:00.000,LHR33,13
2025-08-12 06:00:00.000,LHR33,13
2025-08-12 07:00:00.000,LHR33,20
2025-08-12 08:00:00.000,LHR33,47
2025-08-12 09:00:00.000,LHR33,30
2025-08-12 10:00:00.000,LHR33,36
2025-08-12 11:00:00.000,LHR33,28
2025-08-12 12:00:00.000,LHR33,28
2025-08-12 13:00:00.000,LHR33,17
2025-08-12 14:00:00.000,LHR33,8
2025-08-12 15:00:00.000,LHR33,27
2025-08-12 16:00:00.000,LHR33,41
2025-08-12 17:00:00.000,LHR33,23
2025-08-12 18:00:00.000,LHR33,23
2025-08-12 19:00:00.000,LHR33,3
2025-08-12 20:00:00.000,LHR33,4
2025-08-13 00:00:00.000,LHR33,3
2025-08-13 05:00:00.000,LHR33,9
2025-08-13 06:00:00.000,LHR33,19
2025-08-13 07:00:00.000,LHR33,12
2025-08-13 08:00:00.000,LHR33,27
2025-08-13 09:00:00.000,LHR33,29
2025-08-13 10:00:00.000,LHR33,36
2025-08-13 11:00:00.000,LHR33,22
2025-08-13 12:00:00.000,LHR33,26
2025-08-13 13:00:00.000,LHR33,20
2025-08-13 14:00:00.000,LHR33,28
2025-08-13 15:00:00.000,LHR33,18
2025-08-13 16:00:00.000,LHR33,29
2025-08-13 17:00:00.000,LHR33,21
2025-08-13 18:00:00.000,LHR33,27
2025-08-13 19:00:00.000,LHR33,12
2025-08-13 20:00:00.000,LHR33,9
2025-08-14 05:00:00.000,LHR33,31
2025-08-14 06:00:00.000,LHR33,20
2025-08-14 07:00:00.000,LHR33,43
2025-08-14 08:00:00.000,LHR33,57
2025-08-14 09:00:00.000,LHR33,37
2025-08-14 10:00:00.000,LHR33,37
2025-08-14 11:00:00.000,LHR33,38
2025-08-14 12:00:00.000,LHR33,15
2025-08-14 13:00:00.000,LHR33,8
2025-08-14 14:00:00.000,LHR33,20
2025-08-14 15:00:00.000,LHR33,29
2025-08-14 16:00:00.000,LHR33,26
2025-08-14 17:00:00.000,LHR33,20
2025-08-14 18:00:00.000,LHR33,36
2025-08-14 19:00:00.000,LHR33,22
2025-08-14 20:00:00.000,LHR33,3
2025-08-15 00:00:00.000,LHR33,1
2025-08-15 05:00:00.000,LHR33,33
2025-08-15 06:00:00.000,LHR33,41
2025-08-15 07:00:00.000,LHR33,17
2025-08-15 08:00:00.000,LHR33,48
2025-08-15 09:00:00.000,LHR33,40
2025-08-15 10:00:00.000,LHR33,27
2025-08-15 11:00:00.000,LHR33,23
2025-08-15 12:00:00.000,LHR33,13
2025-08-15 13:00:00.000,LHR33,33
2025-08-15 14:00:00.000,LHR33,28
2025-08-15 15:00:00.000,LHR33,33
2025-08-15 16:00:00.000,LHR33,19
2025-08-15 17:00:00.000,LHR33,32
2025-08-15 18:00:00.000,LHR33,24
2025-08-15 19:00:00.000,LHR33,28
2025-08-15 20:00:00.000,LHR33,5
2025-08-16 05:00:00.000,LHR33,16
2025-08-16 06:00:00.000,LHR33,28
2025-08-16 07:00:00.000,LHR33,33
2025-08-16 08:00:00.000,LHR33,35
2025-08-16 09:00:00.000,LHR33,26
2025-08-16 10:00:00.000,LHR33,36
2025-08-16 11:00:00.000,LHR33,31
2025-08-16 12:00:00.000,LHR33,17
2025-08-16 13:00:00.000,LHR33,21
2025-08-16 14:00:00.000,LHR33,39
2025-08-16 15:00:00.000,LHR33,30
2025-08-16 16:00:00.000,LHR33,13
2025-08-16 17:00:00.000,LHR33,22
2025-08-16 18:00:00.000,LHR33,16
2025-08-16 19:00:00.000,LHR33,25
2025-08-16 20:00:00.000,LHR33,4
2025-08-17 05:00:00.000,LHR33,24
2025-08-17 06:00:00.000,LHR33,15
2025-08-17 07:00:00.000,LHR33,32
2025-08-17 08:00:00.000,LHR33,15
2025-08-17 09:00:00.000,LHR33,33
2025-08-17 10:00:00.000,LHR33,46
2025-08-17 11:00:00.000,LHR33,48
2025-08-17 12:00:00.000,LHR33,26
2025-08-17 13:00:00.000,LHR33,49
2025-08-17 14:00:00.000,LHR33,43
2025-08-17 15:00:00.000,LHR33,15
2025-08-17 16:00:00.000,LHR33,25
2025-08-17 17:00:00.000,LHR33,34
2025-08-17 18:00:00.000,LHR33,32
2025-08-17 19:00:00.000,LHR33,9
2025-08-17 20:00:00.000,LHR33,3
2025-08-18 00:00:00.000,LHR33,1
2025-08-18 05:00:00.000,LHR33,17
2025-08-18 06:00:00.000,LHR33,33
2025-08-18 07:00:00.000,LHR33,15
2025-08-18 08:00:00.000,LHR33,27
2025-08-18 09:00:00.000,LHR33,34
2025-08-18 10:00:00.000,LHR33,39
2025-08-18 11:00:00.000,LHR33,22
2025-08-18 12:00:00.000,LHR33,31
2025-08-18 13:00:00.000,LHR33,26
2025-08-18 14:00:00.000,LHR33,12
2025-08-18 15:00:00.000,LHR33,18
2025-08-18 16:00:00.000,LHR33,26
2025-08-18 17:00:00.000,LHR33,29
2025-08-18 18:00:00.000,LHR33,20
2025-08-18 19:00:00.000,LHR33,12
2025-08-18 20:00:00.000,LHR33,4
2025-08-19 00:00:00.000,LHR33,4
2025-08-19 05:00:00.000,LHR33,22
2025-08-19 06:00:00.000,LHR33,27
2025-08-19 07:00:00.000,LHR33,20
2025-08-19 08:00:00.000,LHR33,29
2025-08-19 09:00:00.000,LHR33,20
2025-08-19 10:00:00.000,LHR33,26
2025-08-19 11:00:00.000,LHR33,21
2025-08-19 12:00:00.000,LHR33,26
2025-08-19 13:00:00.000,LHR33,22
2025-08-19 14:00:00.000,LHR33,19
2025-08-19 15:00:00.000,LHR33,18
2025-08-19 16:00:00.000,LHR33,15
2025-08-19 17:00:00.000,LHR33,39
2025-08-19 18:00:00.000,LHR33,32
2025-08-19 19:00:00.000,LHR33,12
2025-08-19 20:00:00.000,LHR33,6
2025-08-20 05:00:00.000,LHR33,20
2025-08-20 06:00:00.000,LHR33,35
2025-08-20 07:00:00.000,LHR33,36
2025-08-20 08:00:00.000,LHR33,42
2025-08-20 09:00:00.000,LHR33,26
2025-08-20 10:00:00.000,LHR33,47
2025-08-20 11:00:00.000,LHR33,15
2025-08-20 12:00:00.000,LHR33,28
2025-08-20 13:00:00.000,LHR33,15
2025-08-20 14:00:00.000,LHR33,21
2025-08-20 15:00:00.000,LHR33,24
2025-08-20 16:00:00.000,LHR33,15
2025-08-20 17:00:00.000,LHR33,21
2025-08-20 18:00:00.000,LHR33,29
2025-08-20 19:00:00.000,LHR33,12
2025-08-20 20:00:00.000,LHR33,4
2025-08-21 05:00:00.000,LHR33,23
2025-08-21 06:00:00.000,LHR33,16
2025-08-21 07:00:00.000,LHR33,37
2025-08-21 08:00:00.000,LHR33,19
2025-08-21 09:00:00.000,LHR33,20
2025-08-21 10:00:00.000,LHR33,24
2025-08-21 11:00:00.000,LHR33,31
2025-08-21 12:00:00.000,LHR33,27
2025-08-21 13:00:00.000,LHR33,26
2025-08-21 14:00:00.000,LHR33,25
2025-08-21 15:00:00.000,LHR33,23
2025-08-21 16:00:00.000,LHR33,30
2025-08-21 17:00:00.000,LHR33,19
2025-08-21 18:00:00.000,LHR33,41
2025-08-21 19:00:00.000,LHR33,32
2025-08-21 20:00:00.000,LHR33,7
2025-08-22 05:00:00.000,LHR33,33
2025-08-22 06:00:00.000,LHR33,30
2025-08-22 07:00:00.000,LHR33,37
2025-08-22 08:00:00.000,LHR33,39
2025-08-22 09:00:00.000,LHR33,25
2025-08-22 10:00:00.000,LHR33,43
2025-08-22 11:00:00.000,LHR33,28
2025-08-22 12:00:00.000,LHR33,28
2025-08-22 13:00:00.000,LHR33,16
2025-08-22 14:00:00.000,LHR33,28
2025-08-22 15:00:00.000,LHR33,31
2025-08-22 16:00:00.000,LHR33,17
2025-08-22 17:00:00.000,LHR33,26
2025-08-22 18:00:00.000,LHR33,45
2025-08-22 19:00:00.000,LHR33,27
2025-08-22 20:00:00.000,LHR33,7
2025-08-23 00:00:00.000,LHR33,2
2025-08-23 05:00:00.000,LHR33,45
2025-08-23 06:00:00.000,LHR33,55
2025-08-23 07:00:00.000,LHR33,18
2025-08-23 08:00:00.000,LHR33,30
2025-08-23 09:00:00.000,LHR33,40
2025-08-23 10:00:00.000,LHR33,51
2025-08-23 11:00:00.000,LHR33,43
2025-08-23 12:00:00.000,LHR33,30
2025-08-23 13:00:00.000,LHR33,27
2025-08-23 14:00:00.000,LHR33,34
2025-08-23 15:00:00.000,LHR33,23
2025-08-23 16:00:00.000,LHR33,13
2025-08-23 17:00:00.000,LHR33,11
2025-08-23 18:00:00.000,LHR33,15
2025-08-23 19:00:00.000,LHR33,15
2025-08-23 20:00:00.000,LHR33,3
2025-08-24 04:00:00.000,LHR33,2
2025-08-24 05:00:00.000,LHR33,22
2025-08-24 06:00:00.000,LHR33,40
2025-08-24 07:00:00.000,LHR33,28
2025-08-24 08:00:00.000,LHR33,19
2025-08-24 09:00:00.000,LHR33,23
2025-08-24 10:00:00.000,LHR33,21
2025-08-24 11:00:00.000,LHR33,49
2025-08-24 12:00:00.000,LHR33,26
2025-08-24 13:00:00.000,LHR33,37
2025-08-24 14:00:00.000,LHR33,45
2025-08-24 15:00:00.000,LHR33,43
2025-08-24 16:00:00.000,LHR33,36
2025-08-24 17:00:00.000,LHR33,39
2025-08-24 18:00:00.000,LHR33,30
2025-08-24 19:00:00.000,LHR33,15
2025-08-24 20:00:00.000,LHR33,4
2025-08-25 05:00:00.000,LHR33,20
2025-08-25 06:00:00.000,LHR33,23
2025-08-25 07:00:00.000,LHR33,30
2025-08-25 08:00:00.000,LHR33,34
2025-08-25 09:00:00.000,LHR33,18
2025-08-25 10:00:00.000,LHR33,51
2025-08-25 11:00:00.000,LHR33,34
2025-08-25 12:00:00.000,LHR33,28
2025-08-25 13:00:00.000,LHR33,24
2025-08-25 14:00:00.000,LHR33,28
2025-08-25 15:00:00.000,LHR33,14
2025-08-25 16:00:00.000,LHR33,32
2025-08-25 17:00:00.000,LHR33,26
2025-08-25 18:00:00.000,LHR33,26
2025-08-25 19:00:00.000,LHR33,13
2025-08-25 20:00:00.000,LHR33,10
2025-08-26 00:00:00.000,LHR33,1
2025-08-26 05:00:00.000,LHR33,12
2025-08-26 06:00:00.000,LHR33,30
2025-08-26 07:00:00.000,LHR33,22
2025-08-26 08:00:00.000,LHR33,27
2025-08-26 09:00:00.000,LHR33,29
2025-08-26 10:00:00.000,LHR33,29
2025-08-26 11:00:00.000,LHR33,18
2025-08-26 12:00:00.000,LHR33,21
2025-08-26 13:00:00.000,LHR33,24
2025-08-26 14:00:00.000,LHR33,14
2025-08-26 15:00:00.000,LHR33,20
2025-08-26 16:00:00.000,LHR33,15
2025-08-26 17:00:00.000,LHR33,19
2025-08-26 18:00:00.000,LHR33,14
2025-08-26 19:00:00.000,LHR33,5
2025-08-26 20:00:00.000,LHR33,1
2025-08-27 05:00:00.000,LHR33,18
2025-08-27 06:00:00.000,LHR33,27
2025-08-27 07:00:00.000,LHR33,26
2025-08-27 08:00:00.000,LHR33,25
2025-08-27 09:00:00.000,LHR33,32
2025-08-27 10:00:00.000,LHR33,29
2025-08-27 11:00:00.000,LHR33,35
2025-08-27 12:00:00.000,LHR33,37
2025-08-27 13:00:00.000,LHR33,6
2025-08-27 14:00:00.000,LHR33,11
2025-08-27 15:00:00.000,LHR33,28
2025-08-27 16:00:00.000,LHR33,9
2025-08-27 17:00:00.000,LHR33,15
2025-08-27 18:00:00.000,LHR33,31
2025-08-27 19:00:00.000,LHR33,7
2025-08-27 20:00:00.000,LHR33,2
2025-08-28 00:00:00.000,LHR33,2
2025-08-28 05:00:00.000,LHR33,26
2025-08-28 06:00:00.000,LHR33,26
2025-08-28 07:00:00.000,LHR33,26
2025-08-28 08:00:00.000,LHR33,23
2025-08-28 09:00:00.000,LHR33,36
2025-08-28 10:00:00.000,LHR33,45
2025-08-28 11:00:00.000,LHR33,25
2025-08-28 12:00:00.000,LHR33,31
2025-08-28 13:00:00.000,LHR33,17
2025-08-28 14:00:00.000,LHR33,21
2025-08-28 15:00:00.000,LHR33,18
2025-08-28 16:00:00.000,LHR33,27
2025-08-28 17:00:00.000,LHR33,29
2025-08-28 18:00:00.000,LHR33,14
2025-08-28 19:00:00.000,LHR33,13
2025-08-28 20:00:00.000,LHR33,8
2025-08-29 05:00:00.000,LHR33,15
2025-08-29 06:00:00.000,LHR33,19
2025-08-29 07:00:00.000,LHR33,24
2025-08-29 08:00:00.000,LHR33,19
2025-08-29 09:00:00.000,LHR33,28
2025-08-29 10:00:00.000,LHR33,35
2025-08-29 11:00:00.000,LHR33,33
2025-08-29 12:00:00.000,LHR33,20
2025-08-29 13:00:00.000,LHR33,19
2025-08-29 14:00:00.000,LHR33,8
2025-08-29 15:00:00.000,LHR33,14
2025-08-29 16:00:00.000,LHR33,21
2025-08-29 17:00:00.000,LHR33,16
2025-08-29 18:00:00.000,LHR33,29
2025-08-29 19:00:00.000,LHR33,26
2025-08-29 20:00:00.000,LHR33,3
2025-08-30 05:00:00.000,LHR33,19
2025-08-30 06:00:00.000,LHR33,19
2025-08-30 07:00:00.000,LHR33,42
2025-08-30 08:00:00.000,LHR33,30
2025-08-30 09:00:00.000,LHR33,30
2025-08-30 10:00:00.000,LHR33,40
2025-08-30 11:00:00.000,LHR33,27
2025-08-30 12:00:00.000,LHR33,19
2025-08-30 13:00:00.000,LHR33,38
2025-08-30 14:00:00.000,LHR33,17
2025-08-30 15:00:00.000,LHR33,13
2025-08-30 16:00:00.000,LHR33,19
2025-08-30 17:00:00.000,LHR33,17
2025-08-30 18:00:00.000,LHR33,23
2025-08-30 19:00:00.000,LHR33,15
2025-08-31 05:00:00.000,LHR33,17
2025-08-31 06:00:00.000,LHR33,35
2025-08-31 07:00:00.000,LHR33,43
2025-08-31 08:00:00.000,LHR33,28
2025-08-31 09:00:00.000,LHR33,36
2025-08-31 10:00:00.000,LHR33,30
2025-08-31 11:00:00.000,LHR33,27
2025-08-31 12:00:00.000,LHR33,42
2025-08-31 13:00:00.000,LHR33,34
2025-08-31 14:00:00.000,LHR33,35
2025-08-31 15:00:00.000,LHR33,28
2025-08-31 16:00:00.000,LHR33,26
2025-08-31 17:00:00.000,LHR33,39
2025-08-31 18:00:00.000,LHR33,29
2025-08-31 19:00:00.000,LHR33,14
2025-08-31 20:00:00.000,LHR33,10
2025-09-01 05:00:00.000,LHR33,29
2025-09-01 06:00:00.000,LHR33,27
2025-09-01 07:00:00.000,LHR33,58
2025-09-01 08:00:00.000,LHR33,19
2025-09-01 09:00:00.000,LHR33,43
2025-09-01 10:00:00.000,LHR33,37
2025-09-01 11:00:00.000,LHR33,41
2025-09-01 12:00:00.000,LHR33,33
2025-09-01 13:00:00.000,LHR33,36
2025-09-01 14:00:00.000,LHR33,38
2025-09-01 15:00:00.000,LHR33,20
2025-09-01 16:00:00.000,LHR33,18
2025-09-01 17:00:00.000,LHR33,18
2025-09-01 18:00:00.000,LHR33,29
2025-09-01 19:00:00.000,LHR33,10
2025-09-01 20:00:00.000,LHR33,5
2025-09-02 05:00:00.000,LHR33,15
2025-09-02 06:00:00.000,LHR33,16
2025-09-02 07:00:00.000,LHR33,18
2025-09-02 08:00:00.000,LHR33,10
2025-09-02 09:00:00.000,LHR33,31
2025-09-02 10:00:00.000,LHR33,32
2025-09-02 11:00:00.000,LHR33,27
2025-09-02 12:00:00.000,LHR33,23
2025-09-02 13:00:00.000,LHR33,8
2025-09-02 14:00:00.000,LHR33,11
2025-09-02 15:00:00.000,LHR33,16
2025-09-02 16:00:00.000,LHR33,15
2025-09-02 17:00:00.000,LHR33,7
2025-09-02 18:00:00.000,LHR33,18
2025-09-02 19:00:00.000,LHR33,13
2025-09-03 05:00:00.000,LHR33,21
2025-09-03 06:00:00.000,LHR33,12
2025-09-03 07:00:00.000,LHR33,24
2025-09-03 08:00:00.000,LHR33,35
2025-09-03 09:00:00.000,LHR33,18
2025-09-03 10:00:00.000,LHR33,33
2025-09-03 11:00:00.000,LHR33,20
2025-09-03 12:00:00.000,LHR33,20
2025-09-03 13:00:00.000,LHR33,12
2025-09-03 14:00:00.000,LHR33,24
2025-09-03 15:00:00.000,LHR33,12
2025-09-03 16:00:00.000,LHR33,21
2025-09-03 17:00:00.000,LHR33,17
2025-09-03 18:00:00.000,LHR33,30
2025-09-03 19:00:00.000,LHR33,23
2025-09-03 20:00:00.000,LHR33,4
2025-09-04 00:00:00.000,LHR33,3
2025-09-04 05:00:00.000,LHR33,15
2025-09-04 06:00:00.000,LHR33,22
2025-09-04 07:00:00.000,LHR33,24
2025-09-04 08:00:00.000,LHR33,28
2025-09-04 09:00:00.000,LHR33,25
2025-09-04 10:00:00.000,LHR33,27
2025-09-04 11:00:00.000,LHR33,26
2025-09-04 12:00:00.000,LHR33,43
2025-09-04 13:00:00.000,LHR33,26
2025-09-04 14:00:00.000,LHR33,15
2025-09-04 15:00:00.000,LHR33,19
2025-09-04 16:00:00.000,LHR33,15
2025-09-04 17:00:00.000,LHR33,27
2025-09-04 18:00:00.000,LHR33,33
2025-09-04 19:00:00.000,LHR33,18
2025-09-04 20:00:00.000,LHR33,6
2025-09-05 05:00:00.000,LHR33,26
2025-09-05 06:00:00.000,LHR33,23
2025-09-05 07:00:00.000,LHR33,21
2025-09-05 08:00:00.000,LHR33,19
2025-09-05 09:00:00.000,LHR33,21
2025-09-05 10:00:00.000,LHR33,34
2025-09-05 11:00:00.000,LHR33,34
2025-09-05 12:00:00.000,LHR33,24
2025-09-05 13:00:00.000,LHR33,26
2025-09-05 14:00:00.000,LHR33,25
2025-09-05 15:00:00.000,LHR33,21
2025-09-05 16:00:00.000,LHR33,32
2025-09-05 17:00:00.000,LHR33,30
2025-09-05 18:00:00.000,LHR33,16
2025-09-05 19:00:00.000,LHR33,31
2025-09-05 20:00:00.000,LHR33,1
2025-09-06 00:00:00.000,LHR33,2
2025-09-06 05:00:00.000,LHR33,26
2025-09-06 06:00:00.000,LHR33,26
2025-09-06 07:00:00.000,LHR33,41
2025-09-06 08:00:00.000,LHR33,23
2025-09-06 09:00:00.000,LHR33,35
2025-09-06 10:00:00.000,LHR33,18
2025-09-06 11:00:00.000,LHR33,44
2025-09-06 12:00:00.000,LHR33,21
2025-09-06 13:00:00.000,LHR33,34
2025-09-06 14:00:00.000,LHR33,37
2025-09-06 15:00:00.000,LHR33,15
2025-09-06 16:00:00.000,LHR33,16
2025-09-06 17:00:00.000,LHR33,13
2025-09-06 18:00:00.000,LHR33,15
2025-09-06 19:00:00.000,LHR33,12
2025-09-06 20:00:00.000,LHR33,6
2025-09-07 05:00:00.000,LHR33,11
2025-09-07 06:00:00.000,LHR33,28
2025-09-07 07:00:00.000,LHR33,25
2025-09-07 08:00:00.000,LHR33,33
2025-09-07 09:00:00.000,LHR33,37
2025-09-07 10:00:00.000,LHR33,31
2025-09-07 11:00:00.000,LHR33,20
2025-09-07 12:00:00.000,LHR33,29
2025-09-07 13:00:00.000,LHR33,27
2025-09-07 14:00:00.000,LHR33,30
2025-09-07 15:00:00.000,LHR33,22
2025-09-07 16:00:00.000,LHR33,56
2025-09-07 17:00:00.000,LHR33,43
2025-09-07 18:00:00.000,LHR33,30
2025-09-07 19:00:00.000,LHR33,22
2025-09-07 20:00:00.000,LHR33,9
2025-09-08 05:00:00.000,LHR33,35
2025-09-08 06:00:00.000,LHR33,28
2025-09-08 07:00:00.000,LHR33,30
2025-09-08 08:00:00.000,LHR33,24
2025-09-08 09:00:00.000,LHR33,39
2025-09-08 10:00:00.000,LHR33,25
2025-09-08 11:00:00.000,LHR33,33
2025-09-08 12:00:00.000,LHR33,32
2025-09-08 13:00:00.000,LHR33,25
2025-09-08 14:00:00.000,LHR33,18
2025-09-08 15:00:00.000,LHR33,26
2025-09-08 16:00:00.000,LHR33,18
2025-09-08 17:00:00.000,LHR33,26
2025-09-08 18:00:00.000,LHR33,32
2025-09-08 19:00:00.000,LHR33,9
2025-09-08 20:00:00.000,LHR33,2
2025-09-09 05:00:00.000,LHR33,18
2025-09-09 06:00:00.000,LHR33,20
2025-09-09 07:00:00.000,LHR33,18
2025-09-09 08:00:00.000,LHR33,25
2025-09-09 09:00:00.000,LHR33,17
2025-09-09 10:00:00.000,LHR33,27
2025-09-09 11:00:00.000,LHR33,30
2025-09-09 12:00:00.000,LHR33,32
2025-09-09 13:00:00.000,LHR33,14
2025-09-09 14:00:00.000,LHR33,22
2025-09-09 15:00:00.000,LHR33,18
2025-09-09 16:00:00.000,LHR33,17
2025-09-09 17:00:00.000,LHR33,41
2025-09-09 18:00:00.000,LHR33,25
2025-09-09 19:00:00.000,LHR33,15
2025-09-09 20:00:00.000,LHR33,3
2025-09-10 05:00:00.000,LHR33,15
2025-09-10 06:00:00.000,LHR33,33
2025-09-10 07:00:00.000,LHR33,37
2025-09-10 08:00:00.000,LHR33,26
2025-09-10 09:00:00.000,LHR33,32
2025-09-10 10:00:00.000,LHR33,33
2025-09-10 11:00:00.000,LHR33,32
2025-09-10 12:00:00.000,LHR33,15
2025-09-10 13:00:00.000,LHR33,10
2025-09-10 14:00:00.000,LHR33,23
2025-09-10 15:00:00.000,LHR33,25
2025-09-10 16:00:00.000,LHR33,41
2025-09-10 17:00:00.000,LHR33,33
2025-09-10 18:00:00.000,LHR33,21
2025-09-10 19:00:00.000,LHR33,16
2025-09-10 20:00:00.000,LHR33,11
2025-09-11 05:00:00.000,LHR33,29
2025-09-11 06:00:00.000,LHR33,23
2025-09-11 07:00:00.000,LHR33,25
2025-09-11 08:00:00.000,LHR33,45
2025-09-11 09:00:00.000,LHR33,34
2025-09-11 10:00:00.000,LHR33,20
2025-09-11 11:00:00.000,LHR33,31
2025-09-11 12:00:00.000,LHR33,31
2025-09-11 13:00:00.000,LHR33,9
2025-09-11 14:00:00.000,LHR33,32
2025-09-11 15:00:00.000,LHR33,14
2025-09-11 16:00:00.000,LHR33,31
2025-09-11 17:00:00.000,LHR33,22
2025-09-11 18:00:00.000,LHR33,32
2025-09-11 19:00:00.000,LHR33,23
2025-09-11 20:00:00.000,LHR33,6
2025-09-12 00:00:00.000,LHR33,2
2025-09-12 05:00:00.000,LHR33,32
2025-09-12 06:00:00.000,LHR33,23
2025-09-12 07:00:00.000,LHR33,28
2025-09-12 08:00:00.000,LHR33,20
2025-09-12 09:00:00.000,LHR33,24
2025-09-12 10:00:00.000,LHR33,33
2025-09-12 11:00:00.000,LHR33,23
2025-09-12 12:00:00.000,LHR33,24
2025-09-12 13:00:00.000,LHR33,22
2025-09-12 14:00:00.000,LHR33,36
2025-09-12 15:00:00.000,LHR33,32
2025-09-12 16:00:00.000,LHR33,19
2025-09-12 17:00:00.000,LHR33,23
2025-09-12 18:00:00.000,LHR33,20
2025-09-12 19:00:00.000,LHR33,16
2025-09-12 20:00:00.000,LHR33,13
2025-09-13 05:00:00.000,LHR33,38
2025-09-13 06:00:00.000,LHR33,41
2025-09-13 07:00:00.000,LHR33,35
2025-09-13 08:00:00.000,LHR33,27
2025-09-13 09:00:00.000,LHR33,27
2025-09-13 10:00:00.000,LHR33,51
2025-09-13 11:00:00.000,LHR33,28
2025-09-13 12:00:00.000,LHR33,32
2025-09-13 13:00:00.000,LHR33,33
2025-09-13 14:00:00.000,LHR33,22
2025-09-13 15:00:00.000,LHR33,19
2025-09-13 16:00:00.000,LHR33,20
2025-09-13 17:00:00.000,LHR33,24
2025-09-13 18:00:00.000,LHR33,22
2025-09-13 19:00:00.000,LHR33,28
2025-09-13 20:00:00.000,LHR33,6
2025-09-14 00:00:00.000,LHR33,1
2025-09-14 05:00:00.000,LHR33,18
2025-09-14 06:00:00.000,LHR33,38
2025-09-14 07:00:00.000,LHR33,13
2025-09-14 08:00:00.000,LHR33,37
2025-09-14 09:00:00.000,LHR33,29
2025-09-14 10:00:00.000,LHR33,57
2025-09-14 11:00:00.000,LHR33,30
2025-09-14 12:00:00.000,LHR33,31
2025-09-14 13:00:00.000,LHR33,19
2025-09-14 14:00:00.000,LHR33,33
2025-09-14 15:00:00.000,LHR33,22
2025-09-14 16:00:00.000,LHR33,33
2025-09-14 17:00:00.000,LHR33,31
2025-09-14 18:00:00.000,LHR33,32
2025-09-14 19:00:00.000,LHR33,20
2025-09-14 20:00:00.000,LHR33,9
2025-09-15 05:00:00.000,LHR33,24
2025-09-15 06:00:00.000,LHR33,30
2025-09-15 07:00:00.000,LHR33,37
2025-09-15 08:00:00.000,LHR33,41
2025-09-15 09:00:00.000,LHR33,34
2025-09-15 10:00:00.000,LHR33,26
2025-09-15 11:00:00.000,LHR33,32
2025-09-15 12:00:00.000,LHR33,15
2025-09-15 13:00:00.000,LHR33,46
2025-09-15 14:00:00.000,LHR33,28
2025-09-15 15:00:00.000,LHR33,14
2025-09-15 16:00:00.000,LHR33,21
2025-09-15 17:00:00.000,LHR33,20
2025-09-15 18:00:00.000,LHR33,21
2025-09-15 19:00:00.000,LHR33,30
2025-09-15 20:00:00.000,LHR33,7
2025-09-16 05:00:00.000,LHR33,32
2025-09-16 06:00:00.000,LHR33,29
2025-09-16 07:00:00.000,LHR33,41
2025-09-16 08:00:00.000,LHR33,26
2025-09-16 09:00:00.000,LHR33,26
2025-09-16 10:00:00.000,LHR33,35
2025-09-16 11:00:00.000,LHR33,43
2025-09-16 12:00:00.000,LHR33,38
2025-09-16 13:00:00.000,LHR33,30
2025-09-16 14:00:00.000,LHR33,24
2025-09-16 15:00:00.000,LHR33,30
2025-09-16 16:00:00.000,LHR33,22
2025-09-16 17:00:00.000,LHR33,27
2025-09-16 18:00:00.000,LHR33,24
2025-09-16 19:00:00.000,LHR33,9
2025-09-16 20:00:00.000,LHR33,8
2025-09-17 05:00:00.000,LHR33,30
2025-09-17 06:00:00.000,LHR33,26
2025-09-17 07:00:00.000,LHR33,15
2025-09-17 08:00:00.000,LHR33,28
2025-09-17 09:00:00.000,LHR33,39
2025-09-17 10:00:00.000,LHR33,30
2025-09-17 11:00:00.000,LHR33,26
2025-09-17 12:00:00.000,LHR33,26
2025-09-17 13:00:00.000,LHR33,31
2025-09-17 14:00:00.000,LHR33,24
2025-09-17 15:00:00.000,LHR33,34
2025-09-17 16:00:00.000,LHR33,29
2025-09-17 17:00:00.000,LHR33,29
2025-09-17 18:00:00.000,LHR33,31
2025-09-17 19:00:00.000,LHR33,19
2025-09-17 20:00:00.000,LHR33,13
2025-09-18 00:00:00.000,LHR33,1
2025-09-18 05:00:00.000,LHR33,43
2025-09-18 06:00:00.000,LHR33,18
2025-09-18 07:00:00.000,LHR33,24
2025-09-18 08:00:00.000,LHR33,21
2025-09-18 09:00:00.000,LHR33,30
2025-09-18 10:00:00.000,LHR33,31
2025-09-18 11:00:00.000,LHR33,30
2025-09-18 12:00:00.000,LHR33,22
2025-09-18 13:00:00.000,LHR33,27
2025-09-18 14:00:00.000,LHR33,24
2025-09-18 15:00:00.000,LHR33,20
2025-09-18 16:00:00.000,LHR33,16
2025-09-18 17:00:00.000,LHR33,34
2025-09-18 18:00:00.000,LHR33,32
2025-09-18 19:00:00.000,LHR33,21
2025-09-18 20:00:00.000,LHR33,10
2025-09-19 05:00:00.000,LHR33,26
2025-09-19 06:00:00.000,LHR33,33
2025-09-19 07:00:00.000,LHR33,47
2025-09-19 08:00:00.000,LHR33,35
2025-09-19 09:00:00.000,LHR33,29
2025-09-19 10:00:00.000,LHR33,25
2025-09-19 11:00:00.000,LHR33,24
2025-09-19 12:00:00.000,LHR33,18
2025-09-19 13:00:00.000,LHR33,21
2025-09-19 14:00:00.000,LHR33,22
2025-09-19 15:00:00.000,LHR33,26
2025-09-19 16:00:00.000,LHR33,18
2025-09-19 17:00:00.000,LHR33,22
2025-09-19 18:00:00.000,LHR33,30
2025-09-19 19:00:00.000,LHR33,42
2025-09-19 20:00:00.000,LHR33,14
2025-09-20 05:00:00.000,LHR33,26
2025-09-20 06:00:00.000,LHR33,30
2025-09-20 07:00:00.000,LHR33,29
2025-09-20 08:00:00.000,LHR33,37
2025-09-20 09:00:00.000,LHR33,26
2025-09-20 10:00:00.000,LHR33,34
2025-09-20 11:00:00.000,LHR33,21
2025-09-20 12:00:00.000,LHR33,31
2025-09-20 13:00:00.000,LHR33,23
2025-09-20 14:00:00.000,LHR33,29
2025-09-20 15:00:00.000,LHR33,20
2025-09-20 16:00:00.000,LHR33,28
2025-09-20 17:00:00.000,LHR33,28
2025-09-20 18:00:00.000,LHR33,11
2025-09-20 19:00:00.000,LHR33,12
2025-09-20 20:00:00.000,LHR33,6
2025-09-21 05:00:00.000,LHR33,16
2025-09-21 06:00:00.000,LHR33,30
2025-09-21 07:00:00.000,LHR33,28
2025-09-21 08:00:00.000,LHR33,28
2025-09-21 09:00:00.000,LHR33,34
2025-09-21 10:00:00.000,LHR33,27
2025-09-21 11:00:00.000,LHR33,24
2025-09-21 12:00:00.000,LHR33,30
2025-09-21 13:00:00.000,LHR33,43
2025-09-21 14:00:00.000,LHR33,20
2025-09-21 15:00:00.000,LHR33,25
2025-09-21 16:00:00.000,LHR33,35
2025-09-21 17:00:00.000,LHR33,37
2025-09-21 18:00:00.000,LHR33,27
2025-09-21 19:00:00.000,LHR33,26
2025-09-21 20:00:00.000,LHR33,7
2025-09-22 05:00:00.000,LHR33,13
2025-09-22 06:00:00.000,LHR33,31
2025-09-22 07:00:00.000,LHR33,16
2025-09-22 08:00:00.000,LHR33,35
2025-09-22 09:00:00.000,LHR33,44
2025-09-22 10:00:00.000,LHR33,39
2025-09-22 11:00:00.000,LHR33,23
2025-09-22 12:00:00.000,LHR33,35
2025-09-22 13:00:00.000,LHR33,31
2025-09-22 14:00:00.000,LHR33,32
2025-09-22 15:00:00.000,LHR33,23
2025-09-22 16:00:00.000,LHR33,33
2025-09-22 17:00:00.000,LHR33,34
2025-09-22 18:00:00.000,LHR33,6
2025-09-22 19:00:00.000,LHR33,14
2025-09-22 20:00:00.000,LHR33,5
2025-09-23 05:00:00.000,LHR33,29
2025-09-23 06:00:00.000,LHR33,18
2025-09-23 07:00:00.000,LHR33,42
2025-09-23 08:00:00.000,LHR33,23
2025-09-23 09:00:00.000,LHR33,21
2025-09-23 10:00:00.000,LHR33,28
2025-09-23 11:00:00.000,LHR33,29
2025-09-23 12:00:00.000,LHR33,22
2025-09-23 13:00:00.000,LHR33,21
2025-09-23 14:00:00.000,LHR33,14
2025-09-23 15:00:00.000,LHR33,25
2025-09-23 16:00:00.000,LHR33,17
2025-09-23 17:00:00.000,LHR33,34
2025-09-23 18:00:00.000,LHR33,28
2025-09-23 19:00:00.000,LHR33,4
2025-09-23 20:00:00.000,LHR33,4
2025-09-24 05:00:00.000,LHR33,20
2025-09-24 06:00:00.000,LHR33,18
2025-09-24 07:00:00.000,LHR33,34
2025-09-24 08:00:00.000,LHR33,23
2025-09-24 09:00:00.000,LHR33,35
2025-09-24 10:00:00.000,LHR33,32
2025-09-24 11:00:00.000,LHR33,31
2025-09-24 12:00:00.000,LHR33,25
2025-09-24 13:00:00.000,LHR33,28
2025-09-24 14:00:00.000,LHR33,32
2025-09-24 15:00:00.000,LHR33,27
2025-09-24 16:00:00.000,LHR33,27
2025-09-24 17:00:00.000,LHR33,29
2025-09-24 18:00:00.000,LHR33,23
2025-09-24 19:00:00.000,LHR33,27
2025-09-24 20:00:00.000,LHR33,3
2025-09-25 05:00:00.000,LHR33,24
2025-09-25 06:00:00.000,LHR33,25
2025-09-25 07:00:00.000,LHR33,37
2025-09-25 08:00:00.000,LHR33,27
2025-09-25 09:00:00.000,LHR33,35
2025-09-25 10:00:00.000,LHR33,27
2025-09-25 11:00:00.000,LHR33,18
2025-09-25 12:00:00.000,LHR33,32
2025-09-25 13:00:00.000,LHR33,24
2025-09-25 14:00:00.000,LHR33,17
2025-09-25 15:00:00.000,LHR33,24
2025-09-25 16:00:00.000,LHR33,17
2025-09-25 17:00:00.000,LHR33,23
2025-09-25 18:00:00.000,LHR33,27
2025-09-25 19:00:00.000,LHR33,23
2025-09-25 20:00:00.000,LHR33,4
2025-09-26 05:00:00.000,LHR33,28
2025-09-26 06:00:00.000,LHR33,33
2025-09-26 07:00:00.000,LHR33,29
2025-09-26 08:00:00.000,LHR33,21
2025-09-26 09:00:00.000,LHR33,36
2025-09-26 10:00:00.000,LHR33,49
2025-09-26 11:00:00.000,LHR33,31
2025-09-26 12:00:00.000,LHR33,33
2025-09-26 13:00:00.000,LHR33,21
2025-09-26 14:00:00.000,LHR33,32
2025-09-26 15:00:00.000,LHR33,26
2025-09-26 16:00:00.000,LHR33,32
2025-09-26 17:00:00.000,LHR33,32
2025-09-26 18:00:00.000,LHR33,20
2025-09-26 19:00:00.000,LHR33,32
2025-09-26 20:00:00.000,LHR33,19
2025-09-27 00:00:00.000,LHR33,1
2025-09-27 05:00:00.000,LHR33,23
2025-09-27 06:00:00.000,LHR33,27
2025-09-27 07:00:00.000,LHR33,14
2025-09-27 08:00:00.000,LHR33,23
2025-09-27 09:00:00.000,LHR33,30
2025-09-27 10:00:00.000,LHR33,26
2025-09-27 11:00:00.000,LHR33,48
2025-09-27 12:00:00.000,LHR33,32
2025-09-27 13:00:00.000,LHR33,16
2025-09-27 14:00:00.000,LHR33,35
2025-09-27 15:00:00.000,LHR33,23
2025-09-27 16:00:00.000,LHR33,18
2025-09-27 17:00:00.000,LHR33,25
2025-09-27 18:00:00.000,LHR33,24
2025-09-27 19:00:00.000,LHR33,17
2025-09-27 20:00:00.000,LHR33,7
2025-09-28 00:00:00.000,LHR33,1
2025-09-28 05:00:00.000,LHR33,22
2025-09-28 06:00:00.000,LHR33,25
2025-09-28 07:00:00.000,LHR33,46
2025-09-28 08:00:00.000,LHR33,20
2025-09-28 09:00:00.000,LHR33,46
2025-09-28 10:00:00.000,LHR33,37
2025-09-28 11:00:00.000,LHR33,42
2025-09-28 12:00:00.000,LHR33,26
2025-09-28 13:00:00.000,LHR33,35
2025-09-28 14:00:00.000,LHR33,33
2025-09-28 15:00:00.000,LHR33,27
2025-09-28 16:00:00.000,LHR33,23
2025-09-28 17:00:00.000,LHR33,33
2025-09-28 18:00:00.000,LHR33,30
2025-09-28 19:00:00.000,LHR33,24
2025-09-28 20:00:00.000,LHR33,10
2025-09-29 00:00:00.000,LHR33,1
2025-09-29 05:00:00.000,LHR33,36
2025-09-29 06:00:00.000,LHR33,24
2025-09-29 07:00:00.000,LHR33,46
2025-09-29 08:00:00.000,LHR33,39
2025-09-29 09:00:00.000,LHR33,51
2025-09-29 10:00:00.000,LHR33,31
2025-09-29 11:00:00.000,LHR33,30
2025-09-29 12:00:00.000,LHR33,32
2025-09-29 13:00:00.000,LHR33,25
2025-09-29 14:00:00.000,LHR33,17
2025-09-29 15:00:00.000,LHR33,29
2025-09-29 16:00:00.000,LHR33,28
2025-09-29 17:00:00.000,LHR33,40
2025-09-29 18:00:00.000,LHR33,19
2025-09-29 19:00:00.000,LHR33,21
2025-09-29 20:00:00.000,LHR33,7
2025-09-30 00:00:00.000,LHR33,4
2025-09-30 05:00:00.000,LHR33,25
2025-09-30 06:00:00.000,LHR33,13
2025-09-30 07:00:00.000,LHR33,44
2025-09-30 08:00:00.000,LHR33,27
2025-09-30 09:00:00.000,LHR33,34
2025-09-30 10:00:00.000,LHR33,30
2025-09-30 11:00:00.000,LHR33,19
2025-09-30 12:00:00.000,LHR33,32
2025-09-30 13:00:00.000,LHR33,17
2025-09-30 14:00:00.000,LHR33,17
2025-09-30 15:00:00.000,LHR33,19
2025-09-30 16:00:00.000,LHR33,22
2025-09-30 17:00:00.000,LHR33,17
2025-09-30 18:00:00.000,LHR33,19
2025-09-30 19:00:00.000,LHR33,27
2025-09-30 20:00:00.000,LHR33,11
2025-07-01 05:00:00.000,LHR34,2
2025-07-01 07:00:00.000,LHR34,13
2025-07-01 08:00:00.000,LHR34,10
2025-07-01 09:00:00.000,LHR34,5
2025-07-01 10:00:00.000,LHR34,10
2025-07-01 11:00:00.000,LHR34,10
2025-07-01 12:00:00.000,LHR34,12
2025-07-01 13:00:00.000,LHR34,6
2025-07-01 14:00:00.000,LHR34,2
2025-07-01 15:00:00.000,LHR34,10
2025-07-01 17:00:00.000,LHR34,1
2025-07-01 18:00:00.000,LHR34,1
2025-07-01 19:00:00.000,LHR34,4
2025-07-01 20:00:00.000,LHR34,1
2025-07-02 06:00:00.000,LHR34,8
2025-07-02 07:00:00.000,LHR34,8
2025-07-02 08:00:00.000,LHR34,3
2025-07-02 09:00:00.000,LHR34,14
2025-07-02 10:00:00.000,LHR34,5
2025-07-02 11:00:00.000,LHR34,15
2025-07-02 12:00:00.000,LHR34,2
2025-07-02 13:00:00.000,LHR34,11
2025-07-02 14:00:00.000,LHR34,12
2025-07-02 16:00:00.000,LHR34,1
2025-07-02 17:00:00.000,LHR34,3
2025-07-02 18:00:00.000,LHR34,1
2025-07-03 05:00:00.000,LHR34,5
2025-07-03 06:00:00.000,LHR34,13
2025-07-03 07:00:00.000,LHR34,13
2025-07-03 08:00:00.000,LHR34,10
2025-07-03 09:00:00.000,LHR34,11
2025-07-03 10:00:00.000,LHR34,6
2025-07-03 11:00:00.000,LHR34,4
2025-07-03 12:00:00.000,LHR34,8
2025-07-03 13:00:00.000,LHR34,9
2025-07-03 14:00:00.000,LHR34,3
2025-07-03 15:00:00.000,LHR34,25
2025-07-03 16:00:00.000,LHR34,3
2025-07-03 17:00:00.000,LHR34,4
2025-07-03 18:00:00.000,LHR34,5
2025-07-03 19:00:00.000,LHR34,4
2025-07-04 05:00:00.000,LHR34,3
2025-07-04 07:00:00.000,LHR34,7
2025-07-04 08:00:00.000,LHR34,9
2025-07-04 09:00:00.000,LHR34,6
2025-07-04 10:00:00.000,LHR34,8
2025-07-04 11:00:00.000,LHR34,2
2025-07-04 12:00:00.000,LHR34,15
2025-07-04 13:00:00.000,LHR34,9
2025-07-04 14:00:00.000,LHR34,3
2025-07-04 15:00:00.000,LHR34,5
2025-07-04 16:00:00.000,LHR34,3
2025-07-04 18:00:00.000,LHR34,7
2025-07-04 19:00:00.000,LHR34,1
2025-07-05 05:00:00.000,LHR34,2
2025-07-05 07:00:00.000,LHR34,9
2025-07-05 08:00:00.000,LHR34,5
2025-07-05 09:00:00.000,LHR34,7
2025-07-05 10:00:00.000,LHR34,1
2025-07-05 11:00:00.000,LHR34,7
2025-07-05 12:00:00.000,LHR34,6
2025-07-05 13:00:00.000,LHR34,6
2025-07-05 14:00:00.000,LHR34,9
2025-07-05 15:00:00.000,LHR34,9
2025-07-05 16:00:00.000,LHR34,6
2025-07-05 17:00:00.000,LHR34,4
2025-07-05 18:00:00.000,LHR34,1
2025-07-05 19:00:00.000,LHR34,2
2025-07-06 07:00:00.000,LHR34,12
2025-07-06 08:00:00.000,LHR34,2
2025-07-06 09:00:00.000,LHR34,6
2025-07-06 10:00:00.000,LHR34,6
2025-07-06 11:00:00.000,LHR34,2
2025-07-06 12:00:00.000,LHR34,11
2025-07-06 13:00:00.000,LHR34,10
2025-07-06 14:00:00.000,LHR34,8
2025-07-06 15:00:00.000,LHR34,10
2025-07-06 16:00:00.000,LHR34,3
2025-07-06 17:00:00.000,LHR34,5
2025-07-06 19:00:00.000,LHR34,1
2025-07-07 06:00:00.000,LHR34,1
2025-07-07 07:00:00.000,LHR34,13
2025-07-07 08:00:00.000,LHR34,8
2025-07-07 10:00:00.000,LHR34,16
2025-07-07 11:00:00.000,LHR34,4
2025-07-07 12:00:00.000,LHR34,8
2025-07-07 13:00:00.000,LHR34,7
2025-07-07 14:00:00.000,LHR34,11
2025-07-07 16:00:00.000,LHR34,3
2025-07-07 17:00:00.000,LHR34,5
2025-07-07 18:00:00.000,LHR34,5
2025-07-07 19:00:00.000,LHR34,1
2025-07-08 07:00:00.000,LHR34,1
2025-07-08 08:00:00.000,LHR34,5
2025-07-08 09:00:00.000,LHR34,6
2025-07-08 10:00:00.000,LHR34,3
2025-07-08 11:00:00.000,LHR34,2
2025-07-08 12:00:00.000,LHR34,4
2025-07-08 13:00:00.000,LHR34,11
2025-07-08 14:00:00.000,LHR34,12
2025-07-08 15:00:00.000,LHR34,4
2025-07-08 16:00:00.000,LHR34,9
2025-07-08 17:00:00.000,LHR34,8
2025-07-08 18:00:00.000,LHR34,4
2025-07-09 07:00:00.000,LHR34,3
2025-07-09 08:00:00.000,LHR34,7
2025-07-09 09:00:00.000,LHR34,4
2025-07-09 10:00:00.000,LHR34,21
2025-07-09 11:00:00.000,LHR34,6
2025-07-09 12:00:00.000,LHR34,13
2025-07-09 13:00:00.000,LHR34,4
2025-07-09 15:00:00.000,LHR34,4
2025-07-09 18:00:00.000,LHR34,6
2025-07-09 19:00:00.000,LHR34,2
2025-07-10 06:00:00.000,LHR34,2
2025-07-10 07:00:00.000,LHR34,5
2025-07-10 08:00:00.000,LHR34,8
2025-07-10 09:00:00.000,LHR34,8
2025-07-10 10:00:00.000,LHR34,3
2025-07-10 11:00:00.000,LHR34,2
2025-07-10 12:00:00.000,LHR34,7
2025-07-10 13:00:00.000,LHR34,6
2025-07-10 14:00:00.000,LHR34,11
2025-07-10 15:00:00.000,LHR34,3
2025-07-10 16:00:00.000,LHR34,4
2025-07-10 17:00:00.000,LHR34,4
2025-07-10 18:00:00.000,LHR34,10
2025-07-10 19:00:00.000,LHR34,4
2025-07-11 06:00:00.000,LHR34,4
2025-07-11 07:00:00.000,LHR34,12
2025-07-11 08:00:00.000,LHR34,3
2025-07-11 09:00:00.000,LHR34,11
2025-07-11 10:00:00.000,LHR34,13
2025-07-11 11:00:00.000,LHR34,22
2025-07-11 12:00:00.000,LHR34,8
2025-07-11 13:00:00.000,LHR34,9
2025-07-11 14:00:00.000,LHR34,4
2025-07-11 15:00:00.000,LHR34,5
2025-07-11 16:00:00.000,LHR34,4
2025-07-11 17:00:00.000,LHR34,13
2025-07-11 18:00:00.000,LHR34,2
2025-07-11 20:00:00.000,LHR34,1
2025-07-12 05:00:00.000,LHR34,3
2025-07-12 06:00:00.000,LHR34,3
2025-07-12 08:00:00.000,LHR34,11
2025-07-12 09:00:00.000,LHR34,3
2025-07-12 10:00:00.000,LHR34,23
2025-07-12 11:00:00.000,LHR34,6
2025-07-12 12:00:00.000,LHR34,8
2025-07-12 13:00:00.000,LHR34,7
2025-07-12 14:00:00.000,LHR34,6
2025-07-12 15:00:00.000,LHR34,14
2025-07-12 16:00:00.000,LHR34,9
2025-07-12 17:00:00.000,LHR34,6
2025-07-12 18:00:00.000,LHR34,4
2025-07-12 19:00:00.000,LHR34,6
2025-07-13 00:00:00.000,LHR34,5
2025-07-13 06:00:00.000,LHR34,3
2025-07-13 07:00:00.000,LHR34,8
2025-07-13 08:00:00.000,LHR34,12
2025-07-13 09:00:00.000,LHR34,6
2025-07-13 10:00:00.000,LHR34,8
2025-07-13 11:00:00.000,LHR34,5
2025-07-13 12:00:00.000,LHR34,21
2025-07-13 13:00:00.000,LHR34,5
2025-07-13 14:00:00.000,LHR34,22
2025-07-13 15:00:00.000,LHR34,12
2025-07-13 16:00:00.000,LHR34,10
2025-07-13 17:00:00.000,LHR34,19
2025-07-13 18:00:00.000,LHR34,7
2025-07-13 19:00:00.000,LHR34,15
2025-07-14 06:00:00.000,LHR34,2
2025-07-14 07:00:00.000,LHR34,5
2025-07-14 08:00:00.000,LHR34,6
2025-07-14 09:00:00.000,LHR34,13
2025-07-14 10:00:00.000,LHR34,8
2025-07-14 11:00:00.000,LHR34,8
2025-07-14 13:00:00.000,LHR34,9
2025-07-14 14:00:00.000,LHR34,9
2025-07-14 15:00:00.000,LHR34,12
2025-07-14 16:00:00.000,LHR34,3
2025-07-14 17:00:00.000,LHR34,11
2025-07-14 18:00:00.000,LHR34,5
2025-07-14 19:00:00.000,LHR34,3
2025-07-15 06:00:00.000,LHR34,2
2025-07-15 07:00:00.000,LHR34,7
2025-07-15 08:00:00.000,LHR34,11
2025-07-15 09:00:00.000,LHR34,9
2025-07-15 10:00:00.000,LHR34,11
2025-07-15 11:00:00.000,LHR34,9
2025-07-15 12:00:00.000,LHR34,3
2025-07-15 13:00:00.000,LHR34,11
2025-07-15 14:00:00.000,LHR34,2
2025-07-15 15:00:00.000,LHR34,3
2025-07-15 17:00:00.000,LHR34,1
2025-07-15 18:00:00.000,LHR34,1
2025-07-16 06:00:00.000,LHR34,1
2025-07-16 07:00:00.000,LHR34,7
2025-07-16 08:00:00.000,LHR34,2
2025-07-16 09:00:00.000,LHR34,4
2025-07-16 10:00:00.000,LHR34,5
2025-07-16 11:00:00.000,LHR34,2
2025-07-16 12:00:00.000,LHR34,19
2025-07-16 13:00:00.000,LHR34,17
2025-07-16 14:00:00.000,LHR34,2
2025-07-16 15:00:00.000,LHR34,4
2025-07-16 16:00:00.000,LHR34,6
2025-07-16 17:00:00.000,LHR34,2
2025-07-16 18:00:00.000,LHR34,6
2025-07-16 19:00:00.000,LHR34,5
2025-07-17 07:00:00.000,LHR34,7
2025-07-17 08:00:00.000,LHR34,5
2025-07-17 09:00:00.000,LHR34,8
2025-07-17 10:00:00.000,LHR34,14
2025-07-17 11:00:00.000,LHR34,16
2025-07-17 12:00:00.000,LHR34,8
2025-07-17 13:00:00.000,LHR34,7
2025-07-17 14:00:00.000,LHR34,13
2025-07-17 15:00:00.000,LHR34,3
2025-07-17 16:00:00.000,LHR34,3
2025-07-17 17:00:00.000,LHR34,1
2025-07-17 19:00:00.000,LHR34,4
2025-07-18 07:00:00.000,LHR34,4
2025-07-18 08:00:00.000,LHR34,3
2025-07-18 09:00:00.000,LHR34,3
2025-07-18 10:00:00.000,LHR34,13
2025-07-18 11:00:00.000,LHR34,3
2025-07-18 12:00:00.000,LHR34,2
2025-07-18 13:00:00.000,LHR34,5
2025-07-18 14:00:00.000,LHR34,6
2025-07-18 15:00:00.000,LHR34,5
2025-07-18 16:00:00.000,LHR34,2
2025-07-18 17:00:00.000,LHR34,2
2025-07-18 18:00:00.000,LHR34,4
2025-07-18 20:00:00.000,LHR34,2
2025-07-19 06:00:00.000,LHR34,4
2025-07-19 07:00:00.000,LHR34,5
2025-07-19 08:00:00.000,LHR34,7
2025-07-19 10:00:00.000,LHR34,1
2025-07-19 11:00:00.000,LHR34,3
2025-07-19 12:00:00.000,LHR34,5
2025-07-19 13:00:00.000,LHR34,4
2025-07-19 14:00:00.000,LHR34,7
2025-07-19 15:00:00.000,LHR34,3
2025-07-19 16:00:00.000,LHR34,7
2025-07-19 17:00:00.000,LHR34,4
2025-07-19 18:00:00.000,LHR34,2
2025-07-20 00:00:00.000,LHR34,2
2025-07-20 06:00:00.000,LHR34,6
2025-07-20 07:00:00.000,LHR34,5
2025-07-20 09:00:00.000,LHR34,3
2025-07-20 10:00:00.000,LHR34,5
2025-07-20 11:00:00.000,LHR34,12
2025-07-20 12:00:00.000,LHR34,9
2025-07-20 13:00:00.000,LHR34,5
2025-07-20 14:00:00.000,LHR34,8
2025-07-20 15:00:00.000,LHR34,6
2025-07-20 16:00:00.000,LHR34,7
2025-07-20 17:00:00.000,LHR34,4
2025-07-20 18:00:00.000,LHR34,1
2025-07-21 07:00:00.000,LHR34,11
2025-07-21 08:00:00.000,LHR34,2
2025-07-21 09:00:00.000,LHR34,2
2025-07-21 10:00:00.000,LHR34,7
2025-07-21 11:00:00.000,LHR34,3
2025-07-21 12:00:00.000,LHR34,3
2025-07-21 13:00:00.000,LHR34,2
2025-07-21 14:00:00.000,LHR34,10
2025-07-21 15:00:00.000,LHR34,7
2025-07-21 16:00:00.000,LHR34,1
2025-07-21 17:00:00.000,LHR34,4
2025-07-21 19:00:00.000,LHR34,3
2025-07-22 07:00:00.000,LHR34,1
2025-07-22 08:00:00.000,LHR34,2
2025-07-22 09:00:00.000,LHR34,9
2025-07-22 10:00:00.000,LHR34,4
2025-07-22 11:00:00.000,LHR34,13
2025-07-22 12:00:00.000,LHR34,17
2025-07-22 13:00:00.000,LHR34,7
2025-07-22 14:00:00.000,LHR34,1
2025-07-22 15:00:00.000,LHR34,3
2025-07-22 18:00:00.000,LHR34,7
2025-07-23 06:00:00.000,LHR34,4
2025-07-23 07:00:00.000,LHR34,3
2025-07-23 08:00:00.000,LHR34,5
2025-07-23 09:00:00.000,LHR34,4
2025-07-23 10:00:00.000,LHR34,2
2025-07-23 11:00:00.000,LHR34,20
2025-07-23 12:00:00.000,LHR34,29
2025-07-23 13:00:00.000,LHR34,10
2025-07-23 14:00:00.000,LHR34,13
2025-07-23 17:00:00.000,LHR34,5
2025-07-23 18:00:00.000,LHR34,5
2025-07-23 19:00:00.000,LHR34,3
2025-07-23 20:00:00.000,LHR34,1
2025-07-24 06:00:00.000,LHR34,3
2025-07-24 07:00:00.000,LHR34,5
2025-07-24 08:00:00.000,LHR34,6
2025-07-24 09:00:00.000,LHR34,5
2025-07-24 10:00:00.000,LHR34,10
2025-07-24 11:00:00.000,LHR34,12
2025-07-24 12:00:00.000,LHR34,11
2025-07-24 13:00:00.000,LHR34,11
2025-07-24 14:00:00.000,LHR34,7
2025-07-24 15:00:00.000,LHR34,3
2025-07-24 16:00:00.000,LHR34,8
2025-07-24 17:00:00.000,LHR34,5
2025-07-24 18:00:00.000,LHR34,4
2025-07-25 07:00:00.000,LHR34,6
2025-07-25 08:00:00.000,LHR34,1
2025-07-25 09:00:00.000,LHR34,4
2025-07-25 10:00:00.000,LHR34,5
2025-07-25 11:00:00.000,LHR34,7
2025-07-25 13:00:00.000,LHR34,2
2025-07-25 14:00:00.000,LHR34,1
2025-07-25 15:00:00.000,LHR34,1
2025-07-25 16:00:00.000,LHR34,2
2025-07-25 17:00:00.000,LHR34,4
2025-07-25 18:00:00.000,LHR34,3
2025-07-25 19:00:00.000,LHR34,2
2025-07-26 06:00:00.000,LHR34,4
2025-07-26 07:00:00.000,LHR34,6
2025-07-26 08:00:00.000,LHR34,2
2025-07-26 09:00:00.000,LHR34,3
2025-07-26 10:00:00.000,LHR34,6
2025-07-26 11:00:00.000,LHR34,5
2025-07-26 12:00:00.000,LHR34,6
2025-07-26 13:00:00.000,LHR34,7
2025-07-26 14:00:00.000,LHR34,6
2025-07-26 15:00:00.000,LHR34,7
2025-07-26 16:00:00.000,LHR34,3
2025-07-26 17:00:00.000,LHR34,1
2025-07-26 18:00:00.000,LHR34,5
2025-07-26 19:00:00.000,LHR34,1
2025-07-27 05:00:00.000,LHR34,2
2025-07-27 06:00:00.000,LHR34,1
2025-07-27 07:00:00.000,LHR34,6
2025-07-27 08:00:00.000,LHR34,3
2025-07-27 09:00:00.000,LHR34,2
2025-07-27 10:00:00.000,LHR34,5
2025-07-27 11:00:00.000,LHR34,1
2025-07-27 12:00:00.000,LHR34,10
2025-07-27 13:00:00.000,LHR34,6
2025-07-27 14:00:00.000,LHR34,13
2025-07-27 15:00:00.000,LHR34,7
2025-07-27 17:00:00.000,LHR34,3
2025-07-27 19:00:00.000,LHR34,1
2025-07-27 20:00:00.000,LHR34,1
2025-07-28 06:00:00.000,LHR34,10
2025-07-28 07:00:00.000,LHR34,10
2025-07-28 08:00:00.000,LHR34,4
2025-07-28 10:00:00.000,LHR34,3
2025-07-28 11:00:00.000,LHR34,4
2025-07-28 12:00:00.000,LHR34,8
2025-07-28 13:00:00.000,LHR34,4
2025-07-28 14:00:00.000,LHR34,9
2025-07-28 15:00:00.000,LHR34,1
2025-07-28 17:00:00.000,LHR34,3
2025-07-28 18:00:00.000,LHR34,4
2025-07-28 19:00:00.000,LHR34,4
2025-07-29 06:00:00.000,LHR34,2
2025-07-29 07:00:00.000,LHR34,10
2025-07-29 09:00:00.000,LHR34,8
2025-07-29 10:00:00.000,LHR34,3
2025-07-29 11:00:00.000,LHR34,4
2025-07-29 12:00:00.000,LHR34,4
2025-07-29 13:00:00.000,LHR34,9
2025-07-29 14:00:00.000,LHR34,2
2025-07-29 15:00:00.000,LHR34,4
2025-07-29 16:00:00.000,LHR34,2
2025-07-29 17:00:00.000,LHR34,4
2025-07-29 19:00:00.000,LHR34,1
2025-07-30 07:00:00.000,LHR34,8
2025-07-30 08:00:00.000,LHR34,6
2025-07-30 09:00:00.000,LHR34,4
2025-07-30 10:00:00.000,LHR34,7
2025-07-30 11:00:00.000,LHR34,5
2025-07-30 13:00:00.000,LHR34,8
2025-07-30 14:00:00.000,LHR34,2
2025-07-30 15:00:00.000,LHR34,13
2025-07-30 16:00:00.000,LHR34,8
2025-07-30 17:00:00.000,LHR34,5
2025-07-30 18:00:00.000,LHR34,5
2025-07-30 19:00:00.000,LHR34,2
2025-07-30 20:00:00.000,LHR34,2
2025-07-31 05:00:00.000,LHR34,6
2025-07-31 06:00:00.000,LHR34,4
2025-07-31 07:00:00.000,LHR34,3
2025-07-31 08:00:00.000,LHR34,3
2025-07-31 09:00:00.000,LHR34,5
2025-07-31 11:00:00.000,LHR34,7
2025-07-31 12:00:00.000,LHR34,14
2025-07-31 13:00:00.000,LHR34,6
2025-07-31 14:00:00.000,LHR34,8
2025-07-31 15:00:00.000,LHR34,8
2025-07-31 16:00:00.000,LHR34,3
2025-07-31 17:00:00.000,LHR34,1
2025-07-31 18:00:00.000,LHR34,2
2025-08-01 06:00:00.000,LHR34,2
2025-08-01 07:00:00.000,LHR34,5
2025-08-01 08:00:00.000,LHR34,3
2025-08-01 09:00:00.000,LHR34,6
2025-08-01 10:00:00.000,LHR34,4
2025-08-01 11:00:00.000,LHR34,11
2025-08-01 12:00:00.000,LHR34,9
2025-08-01 13:00:00.000,LHR34,4
2025-08-01 14:00:00.000,LHR34,7
2025-08-01 15:00:00.000,LHR34,10
2025-08-01 16:00:00.000,LHR34,2
2025-08-01 18:00:00.000,LHR34,2
2025-08-01 19:00:00.000,LHR34,5
2025-08-02 06:00:00.000,LHR34,3
2025-08-02 07:00:00.000,LHR34,4
2025-08-02 08:00:00.000,LHR34,4
2025-08-02 09:00:00.000,LHR34,5
2025-08-02 11:00:00.000,LHR34,4
2025-08-02 12:00:00.000,LHR34,8
2025-08-02 13:00:00.000,LHR34,11
2025-08-02 14:00:00.000,LHR34,7
2025-08-02 15:00:00.000,LHR34,6
2025-08-02 16:00:00.000,LHR34,5
2025-08-02 18:00:00.000,LHR34,3
2025-08-02 19:00:00.000,LHR34,6
2025-08-03 07:00:00.000,LHR34,3
2025-08-03 08:00:00.000,LHR34,2
2025-08-03 09:00:00.000,LHR34,1
2025-08-03 10:00:00.000,LHR34,23
2025-08-03 11:00:00.000,LHR34,18
2025-08-03 12:00:00.000,LHR34,6
2025-08-03 13:00:00.000,LHR34,10
2025-08-03 14:00:00.000,LHR34,9
2025-08-03 15:00:00.000,LHR34,7
2025-08-03 16:00:00.000,LHR34,1
2025-08-03 17:00:00.000,LHR34,9
2025-08-03 18:00:00.000,LHR34,2
2025-08-03 19:00:00.000,LHR34,3
2025-08-04 07:00:00.000,LHR34,2
2025-08-04 08:00:00.000,LHR34,1
2025-08-04 09:00:00.000,LHR34,5
2025-08-04 10:00:00.000,LHR34,4
2025-08-04 11:00:00.000,LHR34,9
2025-08-04 12:00:00.000,LHR34,3
2025-08-04 13:00:00.000,LHR34,4
2025-08-04 14:00:00.000,LHR34,5
2025-08-04 15:00:00.000,LHR34,2
2025-08-04 16:00:00.000,LHR34,1
2025-08-04 17:00:00.000,LHR34,1
2025-08-05 07:00:00.000,LHR34,2
2025-08-05 08:00:00.000,LHR34,2
2025-08-05 09:00:00.000,LHR34,2
2025-08-05 11:00:00.000,LHR34,4
2025-08-05 12:00:00.000,LHR34,7
2025-08-05 13:00:00.000,LHR34,5
2025-08-05 14:00:00.000,LHR34,10
2025-08-05 15:00:00.000,LHR34,13
2025-08-05 16:00:00.000,LHR34,4
2025-08-05 17:00:00.000,LHR34,2
2025-08-05 19:00:00.000,LHR34,3
2025-08-06 05:00:00.000,LHR34,4
2025-08-06 06:00:00.000,LHR34,1
2025-08-06 07:00:00.000,LHR34,8
2025-08-06 08:00:00.000,LHR34,2
2025-08-06 09:00:00.000,LHR34,3
2025-08-06 10:00:00.000,LHR34,1
2025-08-06 11:00:00.000,LHR34,8
2025-08-06 12:00:00.000,LHR34,10
2025-08-06 13:00:00.000,LHR34,11
2025-08-06 14:00:00.000,LHR34,12
2025-08-06 17:00:00.000,LHR34,2
2025-08-06 18:00:00.000,LHR34,3
2025-08-07 06:00:00.000,LHR34,1
2025-08-07 07:00:00.000,LHR34,4
2025-08-07 08:00:00.000,LHR34,1
2025-08-07 09:00:00.000,LHR34,1
2025-08-07 11:00:00.000,LHR34,9
2025-08-07 12:00:00.000,LHR34,9
2025-08-07 13:00:00.000,LHR34,26
2025-08-07 14:00:00.000,LHR34,3
2025-08-07 17:00:00.000,LHR34,4
2025-08-07 18:00:00.000,LHR34,8
2025-08-07 19:00:00.000,LHR34,4
2025-08-08 07:00:00.000,LHR34,5
2025-08-08 08:00:00.000,LHR34,9
2025-08-08 09:00:00.000,LHR34,5
2025-08-08 10:00:00.000,LHR34,12
2025-08-08 11:00:00.000,LHR34,13
2025-08-08 12:00:00.000,LHR34,8
2025-08-08 13:00:00.000,LHR34,6
2025-08-08 14:00:00.000,LHR34,11
2025-08-08 15:00:00.000,LHR34,5
2025-08-08 16:00:00.000,LHR34,3
2025-08-08 17:00:00.000,LHR34,2
2025-08-08 18:00:00.000,LHR34,4
2025-08-08 19:00:00.000,LHR34,2
2025-08-08 20:00:00.000,LHR34,1
2025-08-09 00:00:00.000,LHR34,1
2025-08-09 06:00:00.000,LHR34,2
2025-08-09 07:00:00.000,LHR34,13
2025-08-09 08:00:00.000,LHR34,4
2025-08-09 09:00:00.000,LHR34,2
2025-08-09 10:00:00.000,LHR34,4
2025-08-09 11:00:00.000,LHR34,9
2025-08-09 12:00:00.000,LHR34,13
2025-08-09 13:00:00.000,LHR34,8
2025-08-09 14:00:00.000,LHR34,4
2025-08-09 15:00:00.000,LHR34,4
2025-08-09 16:00:00.000,LHR34,2
2025-08-09 17:00:00.000,LHR34,2
2025-08-09 20:00:00.000,LHR34,1
2025-08-10 07:00:00.000,LHR34,12
2025-08-10 08:00:00.000,LHR34,1
2025-08-10 09:00:00.000,LHR34,4
2025-08-10 10:00:00.000,LHR34,7
2025-08-10 11:00:00.000,LHR34,3
2025-08-10 12:00:00.000,LHR34,14
2025-08-10 13:00:00.000,LHR34,11
2025-08-10 14:00:00.000,LHR34,10
2025-08-10 15:00:00.000,LHR34,6
2025-08-10 16:00:00.000,LHR34,2
2025-08-10 17:00:00.000,LHR34,5
2025-08-10 18:00:00.000,LHR34,8
2025-08-10 19:00:00.000,LHR34,4
2025-08-11 06:00:00.000,LHR34,3
2025-08-11 07:00:00.000,LHR34,7
2025-08-11 08:00:00.000,LHR34,4
2025-08-11 09:00:00.000,LHR34,2
2025-08-11 11:00:00.000,LHR34,7
2025-08-11 12:00:00.000,LHR34,12
2025-08-11 13:00:00.000,LHR34,13
2025-08-11 14:00:00.000,LHR34,17
2025-08-11 15:00:00.000,LHR34,3
2025-08-11 16:00:00.000,LHR34,3
2025-08-11 17:00:00.000,LHR34,3
2025-08-11 18:00:00.000,LHR34,2
2025-08-12 06:00:00.000,LHR34,2
2025-08-12 07:00:00.000,LHR34,6
2025-08-12 08:00:00.000,LHR34,3
2025-08-12 09:00:00.000,LHR34,6
2025-08-12 10:00:00.000,LHR34,1
2025-08-12 11:00:00.000,LHR34,3
2025-08-12 12:00:00.000,LHR34,5
2025-08-12 13:00:00.000,LHR34,8
2025-08-12 14:00:00.000,LHR34,6
2025-08-12 15:00:00.000,LHR34,5
2025-08-12 16:00:00.000,LHR34,4
2025-08-12 17:00:00.000,LHR34,2
2025-08-12 18:00:00.000,LHR34,5
2025-08-13 06:00:00.000,LHR34,6
2025-08-13 07:00:00.000,LHR34,7
2025-08-13 08:00:00.000,LHR34,8
2025-08-13 09:00:00.000,LHR34,2
2025-08-13 10:00:00.000,LHR34,7
2025-08-13 11:00:00.000,LHR34,9
2025-08-13 12:00:00.000,LHR34,8
2025-08-13 13:00:00.000,LHR34,15
2025-08-13 14:00:00.000,LHR34,8
2025-08-13 16:00:00.000,LHR34,1
2025-08-13 17:00:00.000,LHR34,1
2025-08-13 18:00:00.000,LHR34,2
2025-08-13 19:00:00.000,LHR34,2
2025-08-14 07:00:00.000,LHR34,2
2025-08-14 08:00:00.000,LHR34,5
2025-08-14 09:00:00.000,LHR34,7
2025-08-14 10:00:00.000,LHR34,17
2025-08-14 11:00:00.000,LHR34,20
2025-08-14 12:00:00.000,LHR34,15
2025-08-14 13:00:00.000,LHR34,14
2025-08-14 14:00:00.000,LHR34,3
2025-08-14 15:00:00.000,LHR34,1
2025-08-14 16:00:00.000,LHR34,7
2025-08-14 17:00:00.000,LHR34,3
2025-08-14 18:00:00.000,LHR34,2
2025-08-15 06:00:00.000,LHR34,1
2025-08-15 07:00:00.000,LHR34,1
2025-08-15 08:00:00.000,LHR34,2
2025-08-15 09:00:00.000,LHR34,6
2025-08-15 10:00:00.000,LHR34,12
2025-08-15 11:00:00.000,LHR34,1
2025-08-15 12:00:00.000,LHR34,1
2025-08-15 13:00:00.000,LHR34,2
2025-08-15 14:00:00.000,LHR34,7
2025-08-15 15:00:00.000,LHR34,5
2025-08-15 16:00:00.000,LHR34,1
2025-08-15 17:00:00.000,LHR34,1
2025-08-15 18:00:00.000,LHR34,2
2025-08-16 06:00:00.000,LHR34,3
2025-08-16 07:00:00.000,LHR34,4
2025-08-16 08:00:00.000,LHR34,13
2025-08-16 09:00:00.000,LHR34,6
2025-08-16 10:00:00.000,LHR34,3
2025-08-16 11:00:00.000,LHR34,23
2025-08-16 12:00:00.000,LHR34,2
2025-08-16 13:00:00.000,LHR34,8
2025-08-16 14:00:00.000,LHR34,1
2025-08-16 16:00:00.000,LHR34,1
2025-08-16 17:00:00.000,LHR34,3
2025-08-16 18:00:00.000,LHR34,3
2025-08-17 06:00:00.000,LHR34,1
2025-08-17 07:00:00.000,LHR34,2
2025-08-17 08:00:00.000,LHR34,6
2025-08-17 09:00:00.000,LHR34,6
2025-08-17 10:00:00.000,LHR34,16
2025-08-17 11:00:00.000,LHR34,13
2025-08-17 12:00:00.000,LHR34,5
2025-08-17 13:00:00.000,LHR34,7
2025-08-17 14:00:00.000,LHR34,12
2025-08-17 15:00:00.000,LHR34,6
2025-08-17 16:00:00.000,LHR34,8
2025-08-17 18:00:00.000,LHR34,4
2025-08-17 19:00:00.000,LHR34,1
2025-08-18 06:00:00.000,LHR34,1
2025-08-18 07:00:00.000,LHR34,6
2025-08-18 08:00:00.000,LHR34,4
2025-08-18 09:00:00.000,LHR34,6
2025-08-18 10:00:00.000,LHR34,4
2025-08-18 11:00:00.000,LHR34,5
2025-08-18 12:00:00.000,LHR34,5
2025-08-18 13:00:00.000,LHR34,14
2025-08-18 14:00:00.000,LHR34,22
2025-08-18 15:00:00.000,LHR34,9
2025-08-18 16:00:00.000,LHR34,10
2025-08-18 17:00:00.000,LHR34,1
2025-08-18 18:00:00.000,LHR34,5
2025-08-19 06:00:00.000,LHR34,4
2025-08-19 08:00:00.000,LHR34,3
2025-08-19 09:00:00.000,LHR34,2
2025-08-19 10:00:00.000,LHR34,2
2025-08-19 11:00:00.000,LHR34,7
2025-08-19 12:00:00.000,LHR34,3
2025-08-19 13:00:00.000,LHR34,7
2025-08-19 14:00:00.000,LHR34,8
2025-08-19 15:00:00.000,LHR34,2
2025-08-19 17:00:00.000,LHR34,2
2025-08-19 18:00:00.000,LHR34,4
2025-08-20 07:00:00.000,LHR34,3
2025-08-20 09:00:00.000,LHR34,8
2025-08-20 10:00:00.000,LHR34,5
2025-08-20 11:00:00.000,LHR34,2
2025-08-20 12:00:00.000,LHR34,3
2025-08-20 13:00:00.000,LHR34,9
2025-08-20 14:00:00.000,LHR34,5
2025-08-20 15:00:00.000,LHR34,4
2025-08-20 16:00:00.000,LHR34,1
2025-08-20 18:00:00.000,LHR34,6
2025-08-20 19:00:00.000,LHR34,6
2025-08-21 06:00:00.000,LHR34,1
2025-08-21 07:00:00.000,LHR34,7
2025-08-21 09:00:00.000,LHR34,2
2025-08-21 10:00:00.000,LHR34,10
2025-08-21 11:00:00.000,LHR34,6
2025-08-21 12:00:00.000,LHR34,3
2025-08-21 13:00:00.000,LHR34,6
2025-08-21 14:00:00.000,LHR34,7
2025-08-21 15:00:00.000,LHR34,3
2025-08-21 16:00:00.000,LHR34,6
2025-08-21 17:00:00.000,LHR34,2
2025-08-21 18:00:00.000,LHR34,6
2025-08-21 19:00:00.000,LHR34,2
2025-08-22 05:00:00.000,LHR34,3
2025-08-22 06:00:00.000,LHR34,3
2025-08-22 07:00:00.000,LHR34,2
2025-08-22 09:00:00.000,LHR34,2
2025-08-22 10:00:00.000,LHR34,4
2025-08-22 11:00:00.000,LHR34,1
2025-08-22 12:00:00.000,LHR34,1
2025-08-22 14:00:00.000,LHR34,2
2025-08-22 15:00:00.000,LHR34,8
2025-08-22 17:00:00.000,LHR34,3
2025-08-22 18:00:00.000,LHR34,2
2025-08-22 19:00:00.000,LHR34,4
2025-08-23 05:00:00.000,LHR34,4
2025-08-23 07:00:00.000,LHR34,4
2025-08-23 08:00:00.000,LHR34,3
2025-08-23 09:00:00.000,LHR34,2
2025-08-23 10:00:00.000,LHR34,9
2025-08-23 11:00:00.000,LHR34,1
2025-08-23 12:00:00.000,LHR34,2
2025-08-23 13:00:00.000,LHR34,3
2025-08-23 14:00:00.000,LHR34,5
2025-08-23 15:00:00.000,LHR34,6
2025-08-23 16:00:00.000,LHR34,3
2025-08-23 17:00:00.000,LHR34,5
2025-08-23 20:00:00.000,LHR34,1
2025-08-24 06:00:00.000,LHR34,4
2025-08-24 08:00:00.000,LHR34,1
2025-08-24 09:00:00.000,LHR34,10
2025-08-24 10:00:00.000,LHR34,14
2025-08-24 11:00:00.000,LHR34,6
2025-08-24 12:00:00.000,LHR34,5
2025-08-24 13:00:00.000,LHR34,1
2025-08-24 14:00:00.000,LHR34,9
2025-08-24 15:00:00.000,LHR34,9
2025-08-24 16:00:00.000,LHR34,6
2025-08-24 17:00:00.000,LHR34,1
2025-08-24 18:00:00.000,LHR34,2
2025-08-25 05:00:00.000,LHR34,4
2025-08-25 06:00:00.000,LHR34,1
2025-08-25 07:00:00.000,LHR34,3
2025-08-25 08:00:00.000,LHR34,1
2025-08-25 09:00:00.000,LHR34,2
2025-08-25 10:00:00.000,LHR34,5
2025-08-25 11:00:00.000,LHR34,2
2025-08-25 12:00:00.000,LHR34,4
2025-08-25 13:00:00.000,LHR34,2
2025-08-25 14:00:00.000,LHR34,5
2025-08-25 17:00:00.000,LHR34,5
2025-08-25 18:00:00.000,LHR34,6
2025-08-26 05:00:00.000,LHR34,1
2025-08-26 06:00:00.000,LHR34,4
2025-08-26 07:00:00.000,LHR34,3
2025-08-26 08:00:00.000,LHR34,6
2025-08-26 10:00:00.000,LHR34,3
2025-08-26 11:00:00.000,LHR34,1
2025-08-26 12:00:00.000,LHR34,6
2025-08-26 14:00:00.000,LHR34,7
2025-08-26 16:00:00.000,LHR34,4
2025-08-26 17:00:00.000,LHR34,1
2025-08-26 18:00:00.000,LHR34,2
2025-08-26 19:00:00.000,LHR34,1
2025-08-27 05:00:00.000,LHR34,2
2025-08-27 06:00:00.000,LHR34,4
2025-08-27 08:00:00.000,LHR34,5
2025-08-27 09:00:00.000,LHR34,9
2025-08-27 11:00:00.000,LHR34,3
2025-08-27 14:00:00.000,LHR34,11
2025-08-27 15:00:00.000,LHR34,9
2025-08-28 05:00:00.000,LHR34,2
2025-08-28 06:00:00.000,LHR34,4
2025-08-28 07:00:00.000,LHR34,3
2025-08-28 08:00:00.000,LHR34,1
2025-08-28 09:00:00.000,LHR34,4
2025-08-28 10:00:00.000,LHR34,2
2025-08-28 11:00:00.000,LHR34,8
2025-08-28 14:00:00.000,LHR34,6
2025-08-28 15:00:00.000,LHR34,2
2025-08-28 16:00:00.000,LHR34,1
2025-08-28 19:00:00.000,LHR34,2
2025-08-28 20:00:00.000,LHR34,1
2025-08-29 06:00:00.000,LHR34,2
2025-08-29 07:00:00.000,LHR34,7
2025-08-29 08:00:00.000,LHR34,10
2025-08-29 09:00:00.000,LHR34,2
2025-08-29 10:00:00.000,LHR34,4
2025-08-29 11:00:00.000,LHR34,3
2025-08-29 13:00:00.000,LHR34,1
2025-08-29 14:00:00.000,LHR34,4
2025-08-29 15:00:00.000,LHR34,3
2025-08-29 17:00:00.000,LHR34,2
2025-08-29 18:00:00.000,LHR34,6
2025-08-29 19:00:00.000,LHR34,5
2025-08-30 06:00:00.000,LHR34,11
2025-08-30 07:00:00.000,LHR34,8
2025-08-30 08:00:00.000,LHR34,1
2025-08-30 09:00:00.000,LHR34,2
2025-08-30 10:00:00.000,LHR34,2
2025-08-30 11:00:00.000,LHR34,9
2025-08-30 12:00:00.000,LHR34,2
2025-08-30 13:00:00.000,LHR34,14
2025-08-30 15:00:00.000,LHR34,3
2025-08-30 16:00:00.000,LHR34,2
2025-08-30 17:00:00.000,LHR34,6
2025-08-30 18:00:00.000,LHR34,1
2025-08-31 05:00:00.000,LHR34,4
2025-08-31 06:00:00.000,LHR34,5
2025-08-31 07:00:00.000,LHR34,4
2025-08-31 09:00:00.000,LHR34,3
2025-08-31 10:00:00.000,LHR34,2
2025-08-31 11:00:00.000,LHR34,2
2025-08-31 12:00:00.000,LHR34,8
2025-08-31 13:00:00.000,LHR34,8
2025-08-31 14:00:00.000,LHR34,7
2025-08-31 15:00:00.000,LHR34,1
2025-08-31 16:00:00.000,LHR34,1
2025-08-31 17:00:00.000,LHR34,3
2025-08-31 18:00:00.000,LHR34,1
2025-09-01 05:00:00.000,LHR34,2
2025-09-01 06:00:00.000,LHR34,8
2025-09-01 07:00:00.000,LHR34,10
2025-09-01 08:00:00.000,LHR34,5
2025-09-01 09:00:00.000,LHR34,2
2025-09-01 10:00:00.000,LHR34,3
2025-09-01 12:00:00.000,LHR34,6
2025-09-01 13:00:00.000,LHR34,2
2025-09-01 14:00:00.000,LHR34,16
2025-09-01 15:00:00.000,LHR34,6
2025-09-01 16:00:00.000,LHR34,6
2025-09-01 18:00:00.000,LHR34,7
2025-09-02 06:00:00.000,LHR34,1
2025-09-02 07:00:00.000,LHR34,2
2025-09-02 09:00:00.000,LHR34,2
2025-09-02 10:00:00.000,LHR34,6
2025-09-02 11:00:00.000,LHR34,8
2025-09-02 12:00:00.000,LHR34,19
2025-09-02 13:00:00.000,LHR34,2
2025-09-02 15:00:00.000,LHR34,7
2025-09-02 17:00:00.000,LHR34,2
2025-09-02 19:00:00.000,LHR34,1
2025-09-03 06:00:00.000,LHR34,1
2025-09-03 07:00:00.000,LHR34,7
2025-09-03 08:00:00.000,LHR34,2
2025-09-03 09:00:00.000,LHR34,2
2025-09-03 10:00:00.000,LHR34,3
2025-09-03 11:00:00.000,LHR34,7
2025-09-03 12:00:00.000,LHR34,7
2025-09-03 13:00:00.000,LHR34,6
2025-09-03 14:00:00.000,LHR34,2
2025-09-03 15:00:00.000,LHR34,9
2025-09-03 16:00:00.000,LHR34,2
2025-09-03 18:00:00.000,LHR34,3
2025-09-03 19:00:00.000,LHR34,4
2025-09-04 06:00:00.000,LHR34,1
2025-09-04 07:00:00.000,LHR34,14
2025-09-04 08:00:00.000,LHR34,2
2025-09-04 09:00:00.000,LHR34,2
2025-09-04 10:00:00.000,LHR34,6
2025-09-04 11:00:00.000,LHR34,7
2025-09-04 12:00:00.000,LHR34,9
2025-09-04 13:00:00.000,LHR34,6
2025-09-04 14:00:00.000,LHR34,2
2025-09-04 17:00:00.000,LHR34,1
2025-09-04 18:00:00.000,LHR34,3
2025-09-04 19:00:00.000,LHR34,1
2025-09-05 05:00:00.000,LHR34,5
2025-09-05 06:00:00.000,LHR34,2
2025-09-05 07:00:00.000,LHR34,5
2025-09-05 08:00:00.000,LHR34,12
2025-09-05 10:00:00.000,LHR34,7
2025-09-05 11:00:00.000,LHR34,10
2025-09-05 12:00:00.000,LHR34,2
2025-09-05 13:00:00.000,LHR34,6
2025-09-05 14:00:00.000,LHR34,2
2025-09-05 15:00:00.000,LHR34,1
2025-09-05 17:00:00.000,LHR34,4
2025-09-05 19:00:00.000,LHR34,4
2025-09-06 05:00:00.000,LHR34,2
2025-09-06 06:00:00.000,LHR34,5
2025-09-06 07:00:00.000,LHR34,5
2025-09-06 08:00:00.000,LHR34,1
2025-09-06 09:00:00.000,LHR34,5
2025-09-06 10:00:00.000,LHR34,4
2025-09-06 11:00:00.000,LHR34,2
2025-09-06 12:00:00.000,LHR34,12
2025-09-06 13:00:00.000,LHR34,8
2025-09-06 14:00:00.000,LHR34,8
2025-09-06 15:00:00.000,LHR34,5
2025-09-06 16:00:00.000,LHR34,8
2025-09-06 17:00:00.000,LHR34,2
2025-09-06 18:00:00.000,LHR34,3
2025-09-06 19:00:00.000,LHR34,3
2025-09-07 00:00:00.000,LHR34,1
2025-09-07 06:00:00.000,LHR34,12
2025-09-07 07:00:00.000,LHR34,6
2025-09-07 08:00:00.000,LHR34,7
2025-09-07 09:00:00.000,LHR34,1
2025-09-07 10:00:00.000,LHR34,6
2025-09-07 11:00:00.000,LHR34,1
2025-09-07 12:00:00.000,LHR34,7
2025-09-07 13:00:00.000,LHR34,5
2025-09-07 14:00:00.000,LHR34,9
2025-09-07 15:00:00.000,LHR34,6
2025-09-07 16:00:00.000,LHR34,4
2025-09-07 17:00:00.000,LHR34,5
2025-09-07 18:00:00.000,LHR34,3
2025-09-07 19:00:00.000,LHR34,1
2025-09-08 05:00:00.000,LHR34,2
2025-09-08 06:00:00.000,LHR34,3
2025-09-08 07:00:00.000,LHR34,1
2025-09-08 08:00:00.000,LHR34,8
2025-09-08 10:00:00.000,LHR34,7
2025-09-08 11:00:00.000,LHR34,7
2025-09-08 12:00:00.000,LHR34,5
2025-09-08 13:00:00.000,LHR34,5
2025-09-08 15:00:00.000,LHR34,2
2025-09-08 16:00:00.000,LHR34,8
2025-09-08 18:00:00.000,LHR34,3
2025-09-08 19:00:00.000,LHR34,4
2025-09-09 06:00:00.000,LHR34,6
2025-09-09 07:00:00.000,LHR34,4
2025-09-09 09:00:00.000,LHR34,1
2025-09-09 10:00:00.000,LHR34,5
2025-09-09 11:00:00.000,LHR34,4
2025-09-09 12:00:00.000,LHR34,1
2025-09-09 13:00:00.000,LHR34,13
2025-09-09 14:00:00.000,LHR34,2
2025-09-09 15:00:00.000,LHR34,6
2025-09-09 16:00:00.000,LHR34,1
2025-09-09 17:00:00.000,LHR34,1
2025-09-09 18:00:00.000,LHR34,4
2025-09-09 19:00:00.000,LHR34,3
2025-09-10 06:00:00.000,LHR34,1
2025-09-10 08:00:00.000,LHR34,6
2025-09-10 09:00:00.000,LHR34,2
2025-09-10 10:00:00.000,LHR34,1
2025-09-10 11:00:00.000,LHR34,1
2025-09-10 12:00:00.000,LHR34,12
2025-09-10 13:00:00.000,LHR34,1
2025-09-10 14:00:00.000,LHR34,6
2025-09-10 15:00:00.000,LHR34,1
2025-09-10 16:00:00.000,LHR34,1
2025-09-10 17:00:00.000,LHR34,2
2025-09-11 06:00:00.000,LHR34,4
2025-09-11 07:00:00.000,LHR34,7
2025-09-11 08:00:00.000,LHR34,5
2025-09-11 09:00:00.000,LHR34,2
2025-09-11 10:00:00.000,LHR34,8
2025-09-11 11:00:00.000,LHR34,10
2025-09-11 12:00:00.000,LHR34,6
2025-09-11 13:00:00.000,LHR34,15
2025-09-11 14:00:00.000,LHR34,7
2025-09-11 17:00:00.000,LHR34,4
2025-09-11 18:00:00.000,LHR34,1
2025-09-11 20:00:00.000,LHR34,2
2025-09-12 05:00:00.000,LHR34,1
2025-09-12 06:00:00.000,LHR34,5
2025-09-12 07:00:00.000,LHR34,5
2025-09-12 08:00:00.000,LHR34,3
2025-09-12 09:00:00.000,LHR34,5
2025-09-12 10:00:00.000,LHR34,8
2025-09-12 11:00:00.000,LHR34,6
2025-09-12 12:00:00.000,LHR34,11
2025-09-12 13:00:00.000,LHR34,13
2025-09-12 14:00:00.000,LHR34,12
2025-09-12 15:00:00.000,LHR34,4
2025-09-12 16:00:00.000,LHR34,5
2025-09-12 17:00:00.000,LHR34,3
2025-09-12 18:00:00.000,LHR34,1
2025-09-12 19:00:00.000,LHR34,2
2025-09-13 05:00:00.000,LHR34,5
2025-09-13 06:00:00.000,LHR34,2
2025-09-13 07:00:00.000,LHR34,4
2025-09-13 08:00:00.000,LHR34,1
2025-09-13 09:00:00.000,LHR34,2
2025-09-13 10:00:00.000,LHR34,14
2025-09-13 11:00:00.000,LHR34,12
2025-09-13 12:00:00.000,LHR34,7
2025-09-13 13:00:00.000,LHR34,3
2025-09-13 14:00:00.000,LHR34,18
2025-09-13 15:00:00.000,LHR34,4
2025-09-13 17:00:00.000,LHR34,8
2025-09-13 18:00:00.000,LHR34,12
2025-09-13 19:00:00.000,LHR34,19
2025-09-14 05:00:00.000,LHR34,6
2025-09-14 06:00:00.000,LHR34,4
2025-09-14 07:00:00.000,LHR34,7
2025-09-14 08:00:00.000,LHR34,4
2025-09-14 09:00:00.000,LHR34,5
2025-09-14 10:00:00.000,LHR34,2
2025-09-14 11:00:00.000,LHR34,7
2025-09-14 12:00:00.000,LHR34,13
2025-09-14 13:00:00.000,LHR34,7
2025-09-14 14:00:00.000,LHR34,4
2025-09-14 15:00:00.000,LHR34,9
2025-09-14 16:00:00.000,LHR34,4
2025-09-14 17:00:00.000,LHR34,1
2025-09-14 18:00:00.000,LHR34,3
2025-09-14 19:00:00.000,LHR34,3
2025-09-15 06:00:00.000,LHR34,2
2025-09-15 09:00:00.000,LHR34,10
2025-09-15 10:00:00.000,LHR34,6
2025-09-15 13:00:00.000,LHR34,2
2025-09-15 14:00:00.000,LHR34,8
2025-09-15 15:00:00.000,LHR34,7
2025-09-15 16:00:00.000,LHR34,3
2025-09-15 18:00:00.000,LHR34,1
2025-09-15 19:00:00.000,LHR34,2
2025-09-16 05:00:00.000,LHR34,2
2025-09-16 07:00:00.000,LHR34,8
2025-09-16 08:00:00.000,LHR34,8
2025-09-16 09:00:00.000,LHR34,6
2025-09-16 10:00:00.000,LHR34,1
2025-09-16 11:00:00.000,LHR34,2
2025-09-16 12:00:00.000,LHR34,3
2025-09-16 13:00:00.000,LHR34,6
2025-09-16 14:00:00.000,LHR34,1
2025-09-16 15:00:00.000,LHR34,5
2025-09-16 17:00:00.000,LHR34,1
2025-09-17 07:00:00.000,LHR34,4
2025-09-17 08:00:00.000,LHR34,4
2025-09-17 09:00:00.000,LHR34,9
2025-09-17 10:00:00.000,LHR34,14
2025-09-17 11:00:00.000,LHR34,6
2025-09-17 12:00:00.000,LHR34,6
2025-09-17 13:00:00.000,LHR34,10
2025-09-17 14:00:00.000,LHR34,1
2025-09-17 15:00:00.000,LHR34,3
2025-09-17 16:00:00.000,LHR34,2
2025-09-17 18:00:00.000,LHR34,2
2025-09-18 05:00:00.000,LHR34,2
2025-09-18 06:00:00.000,LHR34,7
2025-09-18 07:00:00.000,LHR34,5
2025-09-18 08:00:00.000,LHR34,8
2025-09-18 10:00:00.000,LHR34,8
2025-09-18 11:00:00.000,LHR34,2
2025-09-18 12:00:00.000,LHR34,3
2025-09-18 13:00:00.000,LHR34,17
2025-09-18 14:00:00.000,LHR34,7
2025-09-18 15:00:00.000,LHR34,2
2025-09-18 17:00:00.000,LHR34,3
2025-09-19 05:00:00.000,LHR34,2
2025-09-19 07:00:00.000,LHR34,10
2025-09-19 08:00:00.000,LHR34,4
2025-09-19 09:00:00.000,LHR34,5
2025-09-19 10:00:00.000,LHR34,7
2025-09-19 11:00:00.000,LHR34,7
2025-09-19 12:00:00.000,LHR34,4
2025-09-19 14:00:00.000,LHR34,8
2025-09-19 16:00:00.000,LHR34,2
2025-09-19 17:00:00.000,LHR34,5
2025-09-19 18:00:00.000,LHR34,1
2025-09-19 19:00:00.000,LHR34,5
2025-09-19 20:00:00.000,LHR34,2
2025-09-20 07:00:00.000,LHR34,3
2025-09-20 08:00:00.000,LHR34,3
2025-09-20 09:00:00.000,LHR34,4
2025-09-20 10:00:00.000,LHR34,1
2025-09-20 11:00:00.000,LHR34,9
2025-09-20 12:00:00.000,LHR34,5
2025-09-20 13:00:00.000,LHR34,8
2025-09-20 14:00:00.000,LHR34,1
2025-09-20 15:00:00.000,LHR34,2
2025-09-20 16:00:00.000,LHR34,1
2025-09-20 17:00:00.000,LHR34,4
2025-09-20 18:00:00.000,LHR34,1
2025-09-20 19:00:00.000,LHR34,6
2025-09-21 06:00:00.000,LHR34,2
2025-09-21 07:00:00.000,LHR34,5
2025-09-21 08:00:00.000,LHR34,5
2025-09-21 09:00:00.000,LHR34,3
2025-09-21 10:00:00.000,LHR34,8
2025-09-21 11:00:00.000,LHR34,4
2025-09-21 12:00:00.000,LHR34,5
2025-09-21 13:00:00.000,LHR34,5
2025-09-21 14:00:00.000,LHR34,10
2025-09-21 15:00:00.000,LHR34,8
2025-09-21 16:00:00.000,LHR34,2
2025-09-21 17:00:00.000,LHR34,2
2025-09-21 18:00:00.000,LHR34,1
2025-09-21 19:00:00.000,LHR34,1
2025-09-22 05:00:00.000,LHR34,5
2025-09-22 06:00:00.000,LHR34,6
2025-09-22 07:00:00.000,LHR34,2
2025-09-22 09:00:00.000,LHR34,5
2025-09-22 10:00:00.000,LHR34,10
2025-09-22 11:00:00.000,LHR34,2
2025-09-22 12:00:00.000,LHR34,3
2025-09-22 13:00:00.000,LHR34,6
2025-09-22 14:00:00.000,LHR34,5
2025-09-22 16:00:00.000,LHR34,1
2025-09-22 17:00:00.000,LHR34,5
2025-09-22 19:00:00.000,LHR34,4
2025-09-23 05:00:00.000,LHR34,1
2025-09-23 06:00:00.000,LHR34,2
2025-09-23 07:00:00.000,LHR34,4
2025-09-23 10:00:00.000,LHR34,4
2025-09-23 11:00:00.000,LHR34,9
2025-09-23 12:00:00.000,LHR34,2
2025-09-23 13:00:00.000,LHR34,8
2025-09-23 14:00:00.000,LHR34,1
2025-09-23 15:00:00.000,LHR34,8
2025-09-23 17:00:00.000,LHR34,3
2025-09-23 18:00:00.000,LHR34,1
2025-09-24 06:00:00.000,LHR34,2
2025-09-24 07:00:00.000,LHR34,5
2025-09-24 08:00:00.000,LHR34,5
2025-09-24 09:00:00.000,LHR34,5
2025-09-24 10:00:00.000,LHR34,2
2025-09-24 11:00:00.000,LHR34,3
2025-09-24 12:00:00.000,LHR34,6
2025-09-24 13:00:00.000,LHR34,4
2025-09-24 16:00:00.000,LHR34,4
2025-09-24 17:00:00.000,LHR34,2
2025-09-24 18:00:00.000,LHR34,2
2025-09-24 19:00:00.000,LHR34,3
2025-09-25 05:00:00.000,LHR34,5
2025-09-25 07:00:00.000,LHR34,4
2025-09-25 08:00:00.000,LHR34,3
2025-09-25 09:00:00.000,LHR34,11
2025-09-25 10:00:00.000,LHR34,5
2025-09-25 11:00:00.000,LHR34,3
2025-09-25 13:00:00.000,LHR34,4
2025-09-25 14:00:00.000,LHR34,3
2025-09-25 15:00:00.000,LHR34,4
2025-09-25 17:00:00.000,LHR34,2
2025-09-25 18:00:00.000,LHR34,6
2025-09-25 19:00:00.000,LHR34,1
2025-09-26 05:00:00.000,LHR34,1
2025-09-26 06:00:00.000,LHR34,3
2025-09-26 07:00:00.000,LHR34,5
2025-09-26 08:00:00.000,LHR34,6
2025-09-26 09:00:00.000,LHR34,3
2025-09-26 10:00:00.000,LHR34,6
2025-09-26 11:00:00.000,LHR34,2
2025-09-26 12:00:00.000,LHR34,2
2025-09-26 13:00:00.000,LHR34,3
2025-09-26 14:00:00.000,LHR34,3
2025-09-26 15:00:00.000,LHR34,6
2025-09-26 16:00:00.000,LHR34,2
2025-09-26 17:00:00.000,LHR34,2
2025-09-26 19:00:00.000,LHR34,3
2025-09-27 06:00:00.000,LHR34,6
2025-09-27 07:00:00.000,LHR34,9
2025-09-27 08:00:00.000,LHR34,3
2025-09-27 09:00:00.000,LHR34,9
2025-09-27 10:00:00.000,LHR34,3
2025-09-27 12:00:00.000,LHR34,12
2025-09-27 13:00:00.000,LHR34,8
2025-09-27 14:00:00.000,LHR34,7
2025-09-27 15:00:00.000,LHR34,7
2025-09-27 16:00:00.000,LHR34,2
2025-09-27 17:00:00.000,LHR34,6
2025-09-27 18:00:00.000,LHR34,6
2025-09-27 19:00:00.000,LHR34,2
2025-09-28 06:00:00.000,LHR34,4
2025-09-28 07:00:00.000,LHR34,2
2025-09-28 08:00:00.000,LHR34,7
2025-09-28 09:00:00.000,LHR34,6
2025-09-28 10:00:00.000,LHR34,5
2025-09-28 11:00:00.000,LHR34,7
2025-09-28 12:00:00.000,LHR34,12
2025-09-28 13:00:00.000,LHR34,15
2025-09-28 14:00:00.000,LHR34,7
2025-09-28 15:00:00.000,LHR34,1
2025-09-28 16:00:00.000,LHR34,1
2025-09-28 17:00:00.000,LHR34,6
2025-09-28 18:00:00.000,LHR34,8
2025-09-29 05:00:00.000,LHR34,2
2025-09-29 06:00:00.000,LHR34,4
2025-09-29 07:00:00.000,LHR34,4
2025-09-29 08:00:00.000,LHR34,2
2025-09-29 09:00:00.000,LHR34,5
2025-09-29 10:00:00.000,LHR34,2
2025-09-29 11:00:00.000,LHR34,3
2025-09-29 12:00:00.000,LHR34,12
2025-09-29 13:00:00.000,LHR34,3
2025-09-29 14:00:00.000,LHR34,4
2025-09-29 15:00:00.000,LHR34,3
2025-09-29 16:00:00.000,LHR34,2
2025-09-29 17:00:00.000,LHR34,3
2025-09-29 18:00:00.000,LHR34,2
2025-09-29 19:00:00.000,LHR34,2
2025-09-30 05:00:00.000,LHR34,4
2025-09-30 06:00:00.000,LHR34,4
2025-09-30 07:00:00.000,LHR34,2
2025-09-30 09:00:00.000,LHR34,2
2025-09-30 10:00:00.000,LHR34,2
2025-09-30 12:00:00.000,LHR34,5
2025-09-30 13:00:00.000,LHR34,7
2025-09-30 14:00:00.000,LHR34,1
2025-09-30 15:00:00.000,LHR34,1
2025-09-30 16:00:00.000,LHR34,1
2025-09-30 17:00:00.000,LHR34,4
2025-09-30 18:00:00.000,LHR34,2
